stock_code,symbol,name,category,sub_category,currency
0001,0001.HK,CKH HOLDINGS,Equity,Equity Securities (Main Board),HKD
0002,0002.HK,CLP HOLDINGS,Equity,Equity Securities (Main Board),HKD
0003,0003.HK,HK & CHINA GAS,Equity,Equity Securities (Main Board),HKD
0004,0004.HK,WHARF HOLDINGS,Equity,Equity Securities (Main Board),HKD
0005,0005.HK,HSBC HOLDINGS,Equity,Equity Securities (Main Board),HKD
0006,0006.HK,POWER ASSETS,Equity,Equity Securities (Main Board),HKD
0007,0007.HK,WISDOM WEALTH,Equity,Equity Securities (Main Board),HKD
0008,0008.HK,PCCW,Equity,Equity Securities (Main Board),HKD
0010,0010.HK,HANG LUNG GROUP,Equity,Equity Securities (Main Board),HKD
0012,0012.HK,HENDERSON LAND,Equity,Equity Securities (Main Board),HKD
0013,0013.HK,HUTCHMED,Equity,Equity Securities (Main Board),HKD
0014,0014.HK,HYSAN DEV,Equity,Equity Securities (Main Board),HKD
0016,0016.HK,SHK PPT,Equity,Equity Securities (Main Board),HKD
0017,0017.HK,NEW WORLD DEV,Equity,Equity Securities (Main Board),HKD
0018,0018.HK,ORIENTAL M G,Equity,Equity Securities (Main Board),HKD
0019,0019.HK,SWIRE PACIFIC A,Equity,Equity Securities (Main Board),HKD
0020,0020.HK,SENSETIME-W,Equity,Equity Securities (Main Board),HKD
0021,0021.HK,GREAT CHI HLDGS,Equity,Equity Securities (Main Board),HKD
0022,0022.HK,MEXAN-NEW,Equity,Equity Securities (Main Board),HKD
0023,0023.HK,BANK OF E ASIA,Equity,Equity Securities (Main Board),HKD
0025,0025.HK,CHEVALIER INT'L,Equity,Equity Securities (Main Board),HKD
0026,0026.HK,CHINA MOTOR BUS,Equity,Equity Securities (Main Board),HKD
0027,0027.HK,GALAXY ENT,Equity,Equity Securities (Main Board),HKD
0028,0028.HK,TIAN AN,Equity,Equity Securities (Main Board),HKD
0029,0029.HK,DYNAMIC HOLD,Equity,Equity Securities (Main Board),HKD
0030,0030.HK,YNBY INTL,Equity,Equity Securities (Main Board),HKD
0031,0031.HK,CHINA AEROSPACE,Equity,Equity Securities (Main Board),HKD
0032,0032.HK,CROSS-HAR(HOLD),Equity,Equity Securities (Main Board),HKD
0033,0033.HK,INTL GENIUS,Equity,Equity Securities (Main Board),HKD
0034,0034.HK,KOWLOON DEV,Equity,Equity Securities (Main Board),HKD
0035,0035.HK,FE CONSORT INTL,Equity,Equity Securities (Main Board),HKD
0036,0036.HK,FE HLDGS INTL,Equity,Equity Securities (Main Board),HKD
0037,0037.HK,FE HOTELS,Equity,Equity Securities (Main Board),HKD
0038,0038.HK,FIRST TRACTOR,Equity,Equity Securities (Main Board),HKD
0039,0039.HK,CH BEIDAHUANG,Equity,Equity Securities (Main Board),HKD
0040,0040.HK,GOLD PEAK,Equity,Equity Securities (Main Board),HKD
0041,0041.HK,GREAT EAGLE H,Equity,Equity Securities (Main Board),HKD
0042,0042.HK,NE ELECTRIC,Equity,Equity Securities (Main Board),HKD
0045,0045.HK,HK&S HOTELS,Equity,Equity Securities (Main Board),HKD
0046,0046.HK,COMPUTER & TECH,Equity,Equity Securities (Main Board),HKD
0048,0048.HK,C AUTO INT DECO,Equity,Equity Securities (Main Board),HKD
0050,0050.HK,HK FERRY (HOLD),Equity,Equity Securities (Main Board),HKD
0051,0051.HK,HARBOUR CENTRE,Equity,Equity Securities (Main Board),HKD
0052,0052.HK,FAIRWOOD HOLD,Equity,Equity Securities (Main Board),HKD
0053,0053.HK,GUOCO GROUP,Equity,Equity Securities (Main Board),HKD
0055,0055.HK,NEWAY GROUP,Equity,Equity Securities (Main Board),HKD
0057,0057.HK,CHEN HSONG HOLD,Equity,Equity Securities (Main Board),HKD
0058,0058.HK,SUNWAY INT'L,Equity,Equity Securities (Main Board),HKD
0059,0059.HK,SKYFAME REALTY,Equity,Equity Securities (Main Board),HKD
0060,0060.HK,HK FOOD INV,Equity,Equity Securities (Main Board),HKD
0061,0061.HK,GREEN LEAD-NEW,Equity,Equity Securities (Main Board),HKD
0062,0062.HK,TRANSPORT INT'L,Equity,Equity Securities (Main Board),HKD
0063,0063.HK,CHI ASIA VALLEY,Equity,Equity Securities (Main Board),HKD
0064,0064.HK,GET NICE,Equity,Equity Securities (Main Board),HKD
0065,0065.HK,GRAND OCEAN AR,Equity,Equity Securities (Main Board),HKD
0066,0066.HK,MTR CORPORATION,Equity,Equity Securities (Main Board),HKD
0068,0068.HK,MANYCORE TECH,Equity,Equity Securities (Main Board),HKD
0069,0069.HK,SHANGRI-LA ASIA,Equity,Equity Securities (Main Board),HKD
0070,0070.HK,RICH GOLDMAN,Equity,Equity Securities (Main Board),HKD
0071,0071.HK,MIRAMAR HOTEL,Equity,Equity Securities (Main Board),HKD
0072,0072.HK,META MEDIA,Equity,Equity Securities (Main Board),HKD
0073,0073.HK,ASIAN CITRUS,Equity,Equity Securities (Main Board),HKD
0075,0075.HK,Y.T. REALTY,Equity,Equity Securities (Main Board),HKD
0076,0076.HK,ELATE HOLDINGS,Equity,Equity Securities (Main Board),HKD
0077,0077.HK,AMS TRANSPORT,Equity,Equity Securities (Main Board),HKD
0078,0078.HK,REGAL INT'L,Equity,Equity Securities (Main Board),HKD
0079,0079.HK,CENTURY LEGEND,Equity,Equity Securities (Main Board),HKD
0080,0080.HK,CAI CORP,Equity,Investment Companies,HKD
0081,0081.HK,CH OVS G OCEANS,Equity,Equity Securities (Main Board),HKD
0082,0082.HK,CRAZY SPORTS,Equity,Equity Securities (Main Board),HKD
0083,0083.HK,SINO LAND,Equity,Equity Securities (Main Board),HKD
0084,0084.HK,STELUX HOLDINGS,Equity,Equity Securities (Main Board),HKD
0085,0085.HK,CE HUADA TECH,Equity,Equity Securities (Main Board),HKD
0086,0086.HK,SUN HUNG KAI CO,Equity,Equity Securities (Main Board),HKD
0087,0087.HK,SWIRE PACIFIC B,Equity,Equity Securities (Main Board),HKD
0088,0088.HK,TAI CHEUNG HOLD,Equity,Equity Securities (Main Board),HKD
0089,0089.HK,TAI SANG LAND,Equity,Equity Securities (Main Board),HKD
0090,0090.HK,PUXING ENERGY,Equity,Equity Securities (Main Board),HKD
0092,0092.HK,CHAMPION TECH,Equity,Equity Securities (Main Board),HKD
0093,0093.HK,ZERO FINTECH,Equity,Equity Securities (Main Board),HKD
0094,0094.HK,GREENHEART GP,Equity,Equity Securities (Main Board),HKD
0095,0095.HK,LVGEM CHINA,Equity,Equity Securities (Main Board),HKD
0096,0096.HK,YUSEI,Equity,Equity Securities (Main Board),HKD
0097,0097.HK,HENDERSON INV,Equity,Equity Securities (Main Board),HKD
0098,0098.HK,XINGFA ALUM,Equity,Equity Securities (Main Board),HKD
0099,0099.HK,WONG'S INT'L,Equity,Equity Securities (Main Board),HKD
0100,0100.HK,MINIMAX-W,Equity,Equity Securities (Main Board),HKD
0101,0101.HK,HANG LUNG PPT,Equity,Equity Securities (Main Board),HKD
0103,0103.HK,SHOUGANG CENT,Equity,Equity Securities (Main Board),HKD
0104,0104.HK,ASIA COMM HOLD,Equity,Equity Securities (Main Board),HKD
0105,0105.HK,ASSO INT HOTELS,Equity,Equity Securities (Main Board),HKD
0106,0106.HK,LANDSEA MGMT,Equity,Equity Securities (Main Board),HKD
0107,0107.HK,SICHUAN EXPRESS,Equity,Equity Securities (Main Board),HKD
0108,0108.HK,SR MEDICAL,Equity,Equity Securities (Main Board),HKD
0110,0110.HK,CHINA FORTUNE,Equity,Equity Securities (Main Board),HKD
0111,0111.HK,CINDA INTL HLDG,Equity,Equity Securities (Main Board),HKD
0113,0113.HK,DICKSON CONCEPT,Equity,Equity Securities (Main Board),HKD
0114,0114.HK,HERALD HOLD,Equity,Equity Securities (Main Board),HKD
0115,0115.HK,GRAND FIELD GP,Equity,Equity Securities (Main Board),HKD
0116,0116.HK,CHOW SANG SANG,Equity,Equity Securities (Main Board),HKD
0117,0117.HK,TIANLI HOLDINGS,Equity,Equity Securities (Main Board),HKD
0118,0118.HK,COSMOS MACH,Equity,Equity Securities (Main Board),HKD
0119,0119.HK,POLY PROPERTY,Equity,Equity Securities (Main Board),HKD
0120,0120.HK,COSMOPOL INT'L,Equity,Equity Securities (Main Board),HKD
0122,0122.HK,CROCODILE,Equity,Equity Securities (Main Board),HKD
0123,0123.HK,YUEXIU PROPERTY,Equity,Equity Securities (Main Board),HKD
0124,0124.HK,GD LAND,Equity,Equity Securities (Main Board),HKD
0125,0125.HK,SUN HING VISION,Equity,Equity Securities (Main Board),HKD
0126,0126.HK,CARRIANNA,Equity,Equity Securities (Main Board),HKD
0127,0127.HK,CHINESE EST H,Equity,Equity Securities (Main Board),HKD
0128,0128.HK,ENM HOLDINGS,Equity,Equity Securities (Main Board),HKD
0129,0129.HK,ASIA STANDARD,Equity,Equity Securities (Main Board),HKD
0130,0130.HK,MOISELLE INT'L,Equity,Equity Securities (Main Board),HKD
0131,0131.HK,CHEUK NANG HOLD,Equity,Equity Securities (Main Board),HKD
0132,0132.HK,HING YIP HLDGS,Equity,Equity Securities (Main Board),HKD
0133,0133.HK,CHINA MERCHANTS,Equity,Investment Companies,HKD
0135,0135.HK,KUNLUN ENERGY,Equity,Equity Securities (Main Board),HKD
0136,0136.HK,CHINA RUYI,Equity,Equity Securities (Main Board),HKD
0137,0137.HK,JINHUI HOLDINGS,Equity,Equity Securities (Main Board),HKD
0138,0138.HK,CCT FORTIS,Equity,Equity Securities (Main Board),HKD
0139,0139.HK,SMART FISH,Equity,Equity Securities (Main Board),HKD
0142,0142.HK,FIRST PACIFIC,Equity,Equity Securities (Main Board),HKD
0144,0144.HK,CHINA MER PORT,Equity,Equity Securities (Main Board),HKD
0145,0145.HK,CCIAM FUTURE EN,Equity,Equity Securities (Main Board),HKD
0146,0146.HK,TAI PING CARPET,Equity,Equity Securities (Main Board),HKD
0147,0147.HK,IB SETTLEMENT,Equity,Equity Securities (Main Board),HKD
0148,0148.HK,KINGBOARD HLDG,Equity,Equity Securities (Main Board),HKD
0149,0149.HK,CH AGRI-PROD EX,Equity,Equity Securities (Main Board),HKD
0150,0150.HK,HYPEBEAST,Equity,Equity Securities (Main Board),HKD
0151,0151.HK,WANT WANT CHINA,Equity,Equity Securities (Main Board),HKD
0152,0152.HK,SHENZHEN INT'L,Equity,Equity Securities (Main Board),HKD
0154,0154.HK,BE ENVIRONMENT,Equity,Equity Securities (Main Board),HKD
0156,0156.HK,LIPPO CHINA RES,Equity,Equity Securities (Main Board),HKD
0157,0157.HK,NATURAL BEAUTY,Equity,Equity Securities (Main Board),HKD
0158,0158.HK,MELBOURNE ENT,Equity,Equity Securities (Main Board),HKD
0159,0159.HK,BROCKMAN MINING,Equity,Equity Securities (Main Board),HKD
0160,0160.HK,HON KWOK LAND,Equity,Equity Securities (Main Board),HKD
0162,0162.HK,CENTURY GINWA,Equity,Equity Securities (Main Board),HKD
0163,0163.HK,EMPEROR INT'L,Equity,Equity Securities (Main Board),HKD
0164,0164.HK,CHINA BAOLI TEC,Equity,Equity Securities (Main Board),HKD
0165,0165.HK,CHINA EB LTD,Equity,Equity Securities (Main Board),HKD
0166,0166.HK,NEW TIMES CORP,Equity,Equity Securities (Main Board),HKD
0167,0167.HK,IDT INT'L,Equity,Equity Securities (Main Board),HKD
0168,0168.HK,TSINGTAO BREW,Equity,Equity Securities (Main Board),HKD
0169,0169.HK,WANDA HOTEL DEV,Equity,Equity Securities (Main Board),HKD
0171,0171.HK,SILVER GRANT,Equity,Equity Securities (Main Board),HKD
0173,0173.HK,K. WAH INT'L,Equity,Equity Securities (Main Board),HKD
0174,0174.HK,GEMINI INV,Equity,Equity Securities (Main Board),HKD
0175,0175.HK,GEELY AUTO,Equity,Equity Securities (Main Board),HKD
0176,0176.HK,SUPERACTIVE GP,Equity,Equity Securities (Main Board),HKD
0177,0177.HK,JIANGSU EXPRESS,Equity,Equity Securities (Main Board),HKD
0178,0178.HK,SA SA INT'L,Equity,Equity Securities (Main Board),HKD
0179,0179.HK,JOHNSON ELEC H,Equity,Equity Securities (Main Board),HKD
0180,0180.HK,KADER HOLDINGS,Equity,Equity Securities (Main Board),HKD
0181,0181.HK,FUJIAN HOLDINGS,Equity,Equity Securities (Main Board),HKD
0182,0182.HK,CONCORD NE,Equity,Equity Securities (Main Board),HKD
0183,0183.HK,WINFULL GP,Equity,Equity Securities (Main Board),HKD
0184,0184.HK,KECK SENG INV,Equity,Equity Securities (Main Board),HKD
0185,0185.HK,ZENSUN ENT,Equity,Equity Securities (Main Board),HKD
0186,0186.HK,NIMBLE HOLDINGS,Equity,Equity Securities (Main Board),HKD
0187,0187.HK,JINGCHENG MAC,Equity,Equity Securities (Main Board),HKD
0188,0188.HK,SUNWAH KINGSWAY,Equity,Equity Securities (Main Board),HKD
0189,0189.HK,DONGYUE GROUP,Equity,Equity Securities (Main Board),HKD
0191,0191.HK,LAI SUN INT'L,Equity,Equity Securities (Main Board),HKD
0193,0193.HK,CAPITAL ESTATE,Equity,Equity Securities (Main Board),HKD
0194,0194.HK,LIU CHONG HING,Equity,Equity Securities (Main Board),HKD
0195,0195.HK,GREENTECH INTL,Equity,Equity Securities (Main Board),HKD
0196,0196.HK,HONGHUA GROUP,Equity,Equity Securities (Main Board),HKD
0197,0197.HK,HENG TAI,Equity,Equity Securities (Main Board),HKD
0199,0199.HK,ITC PROPERTIES,Equity,Equity Securities (Main Board),HKD
0200,0200.HK,MELCO INT'L DEV,Equity,Equity Securities (Main Board),HKD
0201,0201.HK,MAGNIFICENT,Equity,Equity Securities (Main Board),HKD
0202,0202.HK,EVERCHINA INT'L,Equity,Equity Securities (Main Board),HKD
0204,0204.HK,CAPITAL REALM,Equity,Investment Companies,HKD
0205,0205.HK,BFB HEALTH,Equity,Equity Securities (Main Board),HKD
0206,0206.HK,CM-ENERGY,Equity,Equity Securities (Main Board),HKD
0209,0209.HK,POLY XVERSE IT,Equity,Equity Securities (Main Board),HKD
0210,0210.HK,DAPHNE INT'L,Equity,Equity Securities (Main Board),HKD
0211,0211.HK,STYLAND HOLD,Equity,Equity Securities (Main Board),HKD
0212,0212.HK,NANYANG HOLD,Equity,Equity Securities (Main Board),HKD
0213,0213.HK,NATIONAL ELEC H,Equity,Equity Securities (Main Board),HKD
0214,0214.HK,ASIA ORIENT,Equity,Equity Securities (Main Board),HKD
0215,0215.HK,HUTCHTEL HK,Equity,Equity Securities (Main Board),HKD
0216,0216.HK,CHINNEY INV,Equity,Equity Securities (Main Board),HKD
0217,0217.HK,CHINA CHENGTONG,Equity,Equity Securities (Main Board),HKD
0218,0218.HK,SWHYHK,Equity,Equity Securities (Main Board),HKD
0219,0219.HK,SHUNHO PROPERTY,Equity,Equity Securities (Main Board),HKD
0220,0220.HK,U-PRESID CHINA,Equity,Equity Securities (Main Board),HKD
0222,0222.HK,MIN XIN HOLD,Equity,Equity Securities (Main Board),HKD
0223,0223.HK,ELIFE HLDGS,Equity,Equity Securities (Main Board),HKD
0224,0224.HK,PIONEER GLOBAL,Equity,Equity Securities (Main Board),HKD
0225,0225.HK,POKFULAM,Equity,Equity Securities (Main Board),HKD
0227,0227.HK,FIRST SHANGHAI,Equity,Equity Securities (Main Board),HKD
0228,0228.HK,CHINA ENERGY,Equity,Equity Securities (Main Board),HKD
0229,0229.HK,RAYMOND IND,Equity,Equity Securities (Main Board),HKD
0232,0232.HK,CON AERO TECH,Equity,Equity Securities (Main Board),HKD
0234,0234.HK,NEW CENTURY GP,Equity,Equity Securities (Main Board),HKD
0235,0235.HK,CSC HOLDINGS,Equity,Equity Securities (Main Board),HKD
0236,0236.HK,SAN MIGUEL HK,Equity,Equity Securities (Main Board),HKD
0237,0237.HK,SAFETY GODOWN,Equity,Equity Securities (Main Board),HKD
0239,0239.HK,PAK FAH YEOW,Equity,Equity Securities (Main Board),HKD
0240,0240.HK,BUILD KING HOLD,Equity,Equity Securities (Main Board),HKD
0241,0241.HK,ALI HEALTH,Equity,Equity Securities (Main Board),HKD
0242,0242.HK,SHUN TAK HOLD,Equity,Equity Securities (Main Board),HKD
0243,0243.HK,QPL INT'L,Equity,Equity Securities (Main Board),HKD
0244,0244.HK,SINCERE,Equity,Equity Securities (Main Board),HKD
0245,0245.HK,CHINA VERED FIN,Equity,Equity Securities (Main Board),HKD
0247,0247.HK,TST PROPERTIES,Equity,Equity Securities (Main Board),HKD
0248,0248.HK,HKC INT'L HOLD,Equity,Equity Securities (Main Board),HKD
0251,0251.HK,SEA HOLDINGS,Equity,Equity Securities (Main Board),HKD
0252,0252.HK,SE ASIA PPT,Equity,Equity Securities (Main Board),HKD
0253,0253.HK,SHUNHO HOLDINGS,Equity,Equity Securities (Main Board),HKD
0254,0254.HK,NUR HOLDINGS,Equity,Equity Securities (Main Board),HKD
0255,0255.HK,LUNG KEE,Equity,Equity Securities (Main Board),HKD
0256,0256.HK,CITYCHAMP,Equity,Equity Securities (Main Board),HKD
0257,0257.HK,EB ENVIRONMENT,Equity,Equity Securities (Main Board),HKD
0258,0258.HK,TOMSON GROUP,Equity,Equity Securities (Main Board),HKD
0259,0259.HK,YEEBO (INT'L H),Equity,Equity Securities (Main Board),HKD
0261,0261.HK,GBA HOLDINGS,Equity,Equity Securities (Main Board),HKD
0262,0262.HK,DESON DEV INT'L,Equity,Equity Securities (Main Board),HKD
0264,0264.HK,CN INT DEV CORP,Equity,Equity Securities (Main Board),HKD
0265,0265.HK,GANGYU SERVICES,Equity,Equity Securities (Main Board),HKD
0266,0266.HK,TIAN TECK LAND,Equity,Equity Securities (Main Board),HKD
0267,0267.HK,CITIC,Equity,Equity Securities (Main Board),HKD
0268,0268.HK,KINGDEE INT'L,Equity,Equity Securities (Main Board),HKD
0269,0269.HK,CRTG,Equity,Equity Securities (Main Board),HKD
0270,0270.HK,GUANGDONG INV,Equity,Equity Securities (Main Board),HKD
0271,0271.HK,ASIASEC PPT,Equity,Equity Securities (Main Board),HKD
0272,0272.HK,SHUI ON LAND,Equity,Equity Securities (Main Board),HKD
0274,0274.HK,RA SILK ROAD,Equity,Equity Securities (Main Board),HKD
0276,0276.HK,MONGOLIA ENERGY,Equity,Equity Securities (Main Board),HKD
0277,0277.HK,TERN PROPERTIES,Equity,Equity Securities (Main Board),HKD
0279,0279.HK,ARTA TECHFIN,Equity,Equity Securities (Main Board),HKD
0280,0280.HK,KING FOOK HOLD,Equity,Equity Securities (Main Board),HKD
0285,0285.HK,BYD ELECTRONIC,Equity,Equity Securities (Main Board),HKD
0286,0286.HK,AIDIGONG,Equity,Equity Securities (Main Board),HKD
0287,0287.HK,WINFAIR INV,Equity,Equity Securities (Main Board),HKD
0288,0288.HK,WH GROUP,Equity,Equity Securities (Main Board),HKD
0289,0289.HK,WING ON CO,Equity,Equity Securities (Main Board),HKD
0290,0290.HK,GOFINTECH QUANT,Equity,Equity Securities (Main Board),HKD
0291,0291.HK,CHINA RES BEER,Equity,Equity Securities (Main Board),HKD
0293,0293.HK,CATHAY PAC AIR,Equity,Equity Securities (Main Board),HKD
0294,0294.HK,YANGTZEKIANG,Equity,Equity Securities (Main Board),HKD
0295,0295.HK,KONG SUN HOLD,Equity,Equity Securities (Main Board),HKD
0296,0296.HK,EMPEROR E HOTEL,Equity,Equity Securities (Main Board),HKD
0297,0297.HK,SINOFERT,Equity,Equity Securities (Main Board),HKD
0298,0298.HK,CHUANG'S CHINA,Equity,Equity Securities (Main Board),HKD
0299,0299.HK,GLORY SUN LAND,Equity,Equity Securities (Main Board),HKD
0300,0300.HK,MIDEA GROUP,Equity,Equity Securities (Main Board),HKD
0301,0301.HK,SANVO CHEMICALS,Equity,Equity Securities (Main Board),HKD
0302,0302.HK,CMGE,Equity,Equity Securities (Main Board),HKD
0303,0303.HK,VTECH HOLDINGS,Equity,Equity Securities (Main Board),HKD
0305,0305.HK,WULING MOTORS,Equity,Equity Securities (Main Board),HKD
0306,0306.HK,KWOON CHUNG BUS,Equity,Equity Securities (Main Board),HKD
0308,0308.HK,CHINA TRAVEL HK,Equity,Equity Securities (Main Board),HKD
0309,0309.HK,XH NEWS MEDIA,Equity,Equity Securities (Main Board),HKD
0310,0310.HK,PROSP INV HOLD,Equity,Investment Companies,HKD
0311,0311.HK,LUEN THAI,Equity,Equity Securities (Main Board),HKD
0312,0312.HK,SHIRBLE STORE,Equity,Equity Securities (Main Board),HKD
0313,0313.HK,RICHLY FIELD,Equity,Equity Securities (Main Board),HKD
0314,0314.HK,SIPAI HEALTH,Equity,Equity Securities (Main Board),HKD
0315,0315.HK,SMARTONE TELE,Equity,Equity Securities (Main Board),HKD
0316,0316.HK,OOIL,Equity,Equity Securities (Main Board),HKD
0317,0317.HK,COMEC,Equity,Equity Securities (Main Board),HKD
0318,0318.HK,VONGROUP,Equity,Equity Securities (Main Board),HKD
0320,0320.HK,CTGL,Equity,Equity Securities (Main Board),HKD
0321,0321.HK,TEXWINCA HOLD,Equity,Equity Securities (Main Board),HKD
0322,0322.HK,TINGYI,Equity,Equity Securities (Main Board),HKD
0323,0323.HK,MAANSHAN IRON,Equity,Equity Securities (Main Board),HKD
0325,0325.HK,BLOKS,Equity,Equity Securities (Main Board),HKD
0326,0326.HK,CHINA STAR ENT,Equity,Equity Securities (Main Board),HKD
0327,0327.HK,PAX GLOBAL,Equity,Equity Securities (Main Board),HKD
0328,0328.HK,ALCO HOLDINGS,Equity,Equity Securities (Main Board),HKD
0329,0329.HK,OCI INTL,Equity,Equity Securities (Main Board),HKD
0330,0330.HK,ESPRIT HOLDINGS,Equity,Equity Securities (Main Board),HKD
0331,0331.HK,FSE LIFESTYLE,Equity,Equity Securities (Main Board),HKD
0332,0332.HK,YUANHENGGAS-NEW,Equity,Equity Securities (Main Board),HKD
0333,0333.HK,TOP FORM INT'L,Equity,Equity Securities (Main Board),HKD
0334,0334.HK,CH DISPLAY OPT,Equity,Equity Securities (Main Board),HKD
0335,0335.HK,UPBEST GROUP,Equity,Equity Securities (Main Board),HKD
0336,0336.HK,HUABAO INTL,Equity,Equity Securities (Main Board),HKD
0337,0337.HK,GREENLAND HK,Equity,Equity Securities (Main Board),HKD
0338,0338.HK,SHANGHAI PECHEM,Equity,Equity Securities (Main Board),HKD
0339,0339.HK,WEBX HOLDING,Equity,Investment Companies,HKD
0340,0340.HK,TONGGUAN GOLD,Equity,Equity Securities (Main Board),HKD
0341,0341.HK,CAFE DE CORAL H,Equity,Equity Securities (Main Board),HKD
0343,0343.HK,CULTURECOM HOLD,Equity,Equity Securities (Main Board),HKD
0345,0345.HK,VITASOY INT'L,Equity,Equity Securities (Main Board),HKD
0346,0346.HK,YANCHANG PETRO,Equity,Equity Securities (Main Board),HKD
0347,0347.HK,ANGANG STEEL,Equity,Equity Securities (Main Board),HKD
0348,0348.HK,CHINAHEALTHWISE,Equity,Equity Securities (Main Board),HKD
0351,0351.HK,ASIA ENERGY LOG,Equity,Equity Securities (Main Board),HKD
0352,0352.HK,FORTUNE SUN,Equity,Equity Securities (Main Board),HKD
0353,0353.HK,ENERGY INTINV,Equity,Equity Securities (Main Board),HKD
0354,0354.HK,CHINASOFT INT'L,Equity,Equity Securities (Main Board),HKD
0355,0355.HK,CENTURY C INT'L,Equity,Equity Securities (Main Board),HKD
0356,0356.HK,DT CAPITAL,Equity,Investment Companies,HKD
0357,0357.HK,MEILAN AIRPORT,Equity,Equity Securities (Main Board),HKD
0358,0358.HK,JIANGXI COPPER,Equity,Equity Securities (Main Board),HKD
0360,0360.HK,NEW FOCUS AUTO,Equity,Equity Securities (Main Board),HKD
0361,0361.HK,HANFORT DEV H,Equity,Equity Securities (Main Board),HKD
0362,0362.HK,C ZENITH CHEM,Equity,Equity Securities (Main Board),HKD
0363,0363.HK,SHANGHAI IND H,Equity,Equity Securities (Main Board),HKD
0365,0365.HK,SINO ICT,Equity,Equity Securities (Main Board),HKD
0366,0366.HK,LUKS GROUP (VN),Equity,Equity Securities (Main Board),HKD
0367,0367.HK,CHUANG'S INT'L,Equity,Equity Securities (Main Board),HKD
0368,0368.HK,SUPERLAND GROUP,Equity,Equity Securities (Main Board),HKD
0369,0369.HK,WING TAI PPT,Equity,Equity Securities (Main Board),HKD
0370,0370.HK,HK ROBOTICS,Equity,Equity Securities (Main Board),HKD
0371,0371.HK,BJ ENT WATER,Equity,Equity Securities (Main Board),HKD
0372,0372.HK,PT INTL DEV,Equity,Equity Securities (Main Board),HKD
0373,0373.HK,ALLIED GROUP,Equity,Equity Securities (Main Board),HKD
0374,0374.HK,FOUR SEAS MER,Equity,Equity Securities (Main Board),HKD
0375,0375.HK,YGM TRADING,Equity,Equity Securities (Main Board),HKD
0376,0376.HK,YUNFENG FIN,Equity,Equity Securities (Main Board),HKD
0377,0377.HK,CHINA HUAJUN GP,Equity,Equity Securities (Main Board),HKD
0379,0379.HK,EG LEASING,Equity,Equity Securities (Main Board),HKD
0380,0380.HK,CHINA PIPE,Equity,Equity Securities (Main Board),HKD
0381,0381.HK,AOM INT'L,Equity,Equity Securities (Main Board),HKD
0382,0382.HK,EDVANTAGE GROUP,Equity,Equity Securities (Main Board),HKD
0383,0383.HK,TIANAN MEDICARE,Equity,Equity Securities (Main Board),HKD
0384,0384.HK,CHINA GAS HOLD,Equity,Equity Securities (Main Board),HKD
0385,0385.HK,CHINNEY ALLI,Equity,Equity Securities (Main Board),HKD
0386,0386.HK,SINOPEC CORP,Equity,Equity Securities (Main Board),HKD
0387,0387.HK,LEEPORT(HOLD),Equity,Equity Securities (Main Board),HKD
0388,0388.HK,HKEX,Equity,Equity Securities (Main Board),HKD
0389,0389.HK,TONTINE WINES,Equity,Equity Securities (Main Board),HKD
0390,0390.HK,CHINA RAILWAY,Equity,Equity Securities (Main Board),HKD
0391,0391.HK,MEI AH ENTER,Equity,Equity Securities (Main Board),HKD
0392,0392.HK,BEIJING ENT,Equity,Equity Securities (Main Board),HKD
0393,0393.HK,GLORIOUS SUN,Equity,Equity Securities (Main Board),HKD
0396,0396.HK,HING LEE (HK),Equity,Equity Securities (Main Board),HKD
0397,0397.HK,MINERVA GROUP,Equity,Equity Securities (Main Board),HKD
0398,0398.HK,ORIENTAL WATCH,Equity,Equity Securities (Main Board),HKD
0399,0399.HK,STARCOIN GROUP,Equity,Equity Securities (Main Board),HKD
0400,0400.HK,INGDAN,Equity,Equity Securities (Main Board),HKD
0401,0401.HK,WANJIA GROUP,Equity,Equity Securities (Main Board),HKD
0403,0403.HK,STARLITE HOLD,Equity,Equity Securities (Main Board),HKD
0405,0405.HK,YUEXIU REIT,Real Estate Investment Trusts,,HKD
0406,0406.HK,YAU LEE HOLD,Equity,Equity Securities (Main Board),HKD
0408,0408.HK,YIP'S CHEMICAL,Equity,Equity Securities (Main Board),HKD
0410,0410.HK,SOHO CHINA,Equity,Equity Securities (Main Board),HKD
0411,0411.HK,LAM SOON (HK),Equity,Equity Securities (Main Board),HKD
0412,0412.HK,SDHG,Equity,Equity Securities (Main Board),HKD
0413,0413.HK,SC HOLDINGS,Equity,Equity Securities (Main Board),HKD
0417,0417.HK,TSE SUI LUEN,Equity,Equity Securities (Main Board),HKD
0418,0418.HK,FOUNDER HOLD,Equity,Equity Securities (Main Board),HKD
0419,0419.HK,HONY MEDIA,Equity,Equity Securities (Main Board),HKD
0420,0420.HK,FOUNTAIN SET,Equity,Equity Securities (Main Board),HKD
0422,0422.HK,VMEP HOLDINGS,Equity,Equity Securities (Main Board),HKD
0423,0423.HK,HKET HOLDINGS,Equity,Equity Securities (Main Board),HKD
0425,0425.HK,MINTH GROUP,Equity,Equity Securities (Main Board),HKD
0426,0426.HK,ONE MEDIA GROUP,Equity,Equity Securities (Main Board),HKD
0428,0428.HK,COCOON HOLDINGS,Equity,Investment Companies,HKD
0430,0430.HK,ORIENTAL EXPL,Equity,Equity Securities (Main Board),HKD
0432,0432.HK,PCPD,Equity,Equity Securities (Main Board),HKD
0433,0433.HK,NORTH MINING,Equity,Equity Securities (Main Board),HKD
0434,0434.HK,BOYAA,Equity,Equity Securities (Main Board),HKD
0435,0435.HK,SUNLIGHT REIT,Real Estate Investment Trusts,,HKD
0436,0436.HK,NU ENVIRO,Equity,Equity Securities (Main Board),HKD
0438,0438.HK,IRICO NEWENERGY,Equity,Equity Securities (Main Board),HKD
0439,0439.HK,GENESIS SCALE,Equity,Equity Securities (Main Board),HKD
0440,0440.HK,DAH SING,Equity,Equity Securities (Main Board),HKD
0442,0442.HK,DOMAINE POWER,Equity,Equity Securities (Main Board),HKD
0444,0444.HK,SINCEREWATCH HK,Equity,Equity Securities (Main Board),HKD
0450,0450.HK,HUNG HING PRINT,Equity,Equity Securities (Main Board),HKD
0451,0451.HK,DYNASTY DIGITAL,Equity,Equity Securities (Main Board),HKD
0455,0455.HK,TIANDA PHARMA,Equity,Equity Securities (Main Board),HKD
0456,0456.HK,NEW CITY DEV,Equity,Equity Securities (Main Board),HKD
0458,0458.HK,TRISTATE HOLD,Equity,Equity Securities (Main Board),HKD
0460,0460.HK,SIHUAN PHARM,Equity,Equity Securities (Main Board),HKD
0464,0464.HK,CHINA IN-TECH,Equity,Equity Securities (Main Board),HKD
0465,0465.HK,FUTONG TECH,Equity,Equity Securities (Main Board),HKD
0467,0467.HK,UNITEDENERGY GP,Equity,Equity Securities (Main Board),HKD
0468,0468.HK,GAPACK,Equity,Equity Securities (Main Board),HKD
0470,0470.HK,WUXI LEAD,Equity,Equity Securities (Main Board),HKD
0471,0471.HK,SILKWAVE INC,Equity,Equity Securities (Main Board),HKD
0472,0472.HK,NEW SILKROAD,Equity,Equity Securities (Main Board),HKD
0474,0474.HK,ACESO LIFE SCI,Equity,Equity Securities (Main Board),HKD
0475,0475.HK,CENTRAL DEV H,Equity,Equity Securities (Main Board),HKD
0476,0476.HK,EV DYNAMICS,Equity,Equity Securities (Main Board),HKD
0480,0480.HK,HKR INT'L,Equity,Equity Securities (Main Board),HKD
0482,0482.HK,SANDMARTIN INTL,Equity,Equity Securities (Main Board),HKD
0483,0483.HK,BAUHAUS INT'L,Equity,Equity Securities (Main Board),HKD
0484,0484.HK,FORGAME,Equity,Equity Securities (Main Board),HKD
0485,0485.HK,CHINASINOSTAR,Equity,Equity Securities (Main Board),HKD
0486,0486.HK,RUSAL,Equity,Equity Securities (Main Board),HKD
0487,0487.HK,SUCCESSUNIVERSE,Equity,Equity Securities (Main Board),HKD
0488,0488.HK,LAI SUN DEV,Equity,Equity Securities (Main Board),HKD
0491,0491.HK,EMPEROR CULTURE,Equity,Equity Securities (Main Board),HKD
0493,0493.HK,GOME RETAIL,Equity,Equity Securities (Main Board),HKD
0496,0496.HK,KASEN,Equity,Equity Securities (Main Board),HKD
0497,0497.HK,CSI PROPERTIES,Equity,Equity Securities (Main Board),HKD
0498,0498.HK,BLUE RIVER HLDG,Equity,Equity Securities (Main Board),HKD
0499,0499.HK,QINGDAO HLDGS,Equity,Equity Securities (Main Board),HKD
0500,0500.HK,FRONTIER SER,Equity,Equity Securities (Main Board),HKD
0501,0501.HK,OMNIVISION,Equity,Equity Securities (Main Board),HKD
0505,0505.HK,XINGYE ALLOY,Equity,Equity Securities (Main Board),HKD
0506,0506.HK,CHINA FOODS,Equity,Equity Securities (Main Board),HKD
0508,0508.HK,DINGYI GP INV,Equity,Equity Securities (Main Board),HKD
0509,0509.HK,SUNSHINE,Equity,Equity Securities (Main Board),HKD
0510,0510.HK,CASH FIN SER GP,Equity,Equity Securities (Main Board),HKD
0511,0511.HK,TVB,Equity,Equity Securities (Main Board),HKD
0512,0512.HK,GRAND PHARMA,Equity,Equity Securities (Main Board),HKD
0513,0513.HK,CONTINENTAL H,Equity,Equity Securities (Main Board),HKD
0515,0515.HK,CHINASILVER TEC,Equity,Equity Securities (Main Board),HKD
0517,0517.HK,COSCO SHIP INTL,Equity,Equity Securities (Main Board),HKD
0518,0518.HK,TUNGTEX (HOLD),Equity,Equity Securities (Main Board),HKD
0519,0519.HK,NOVAUTEK,Equity,Equity Securities (Main Board),HKD
0520,0520.HK,XIABUXIABU,Equity,Equity Securities (Main Board),HKD
0521,0521.HK,CWT INT'L,Equity,Equity Securities (Main Board),HKD
0522,0522.HK,ASMPT,Equity,Equity Securities (Main Board),HKD
0524,0524.HK,GW TERROIR-10K,Equity,Equity Securities (Main Board),HKD
0525,0525.HK,GUANGSHEN RAIL,Equity,Equity Securities (Main Board),HKD
0526,0526.HK,LISI GP HOLD,Equity,Equity Securities (Main Board),HKD
0527,0527.HK,RUIFENG RENEW,Equity,Equity Securities (Main Board),HKD
0528,0528.HK,KINGDOM HOLDING,Equity,Equity Securities (Main Board),HKD
0529,0529.HK,SIS INT'L,Equity,Equity Securities (Main Board),HKD
0532,0532.HK,WKK INTL (HOLD),Equity,Equity Securities (Main Board),HKD
0533,0533.HK,GOLDLION HOLD,Equity,Equity Securities (Main Board),HKD
0535,0535.HK,GEMDALE PPT,Equity,Equity Securities (Main Board),HKD
0536,0536.HK,TRADELINK,Equity,Equity Securities (Main Board),HKD
0537,0537.HK,RIGOL,Equity,Equity Securities (Main Board),HKD
0538,0538.HK,AJISEN (CHINA),Equity,Equity Securities (Main Board),HKD
0540,0540.HK,SPEEDY GLOBAL,Equity,Equity Securities (Main Board),HKD
0542,0542.HK,CN CULTURAL T&A,Equity,Equity Securities (Main Board),HKD
0543,0543.HK,PACIFIC ONLINE,Equity,Equity Securities (Main Board),HKD
0544,0544.HK,DAIDO GROUP,Equity,Equity Securities (Main Board),HKD
0546,0546.HK,FUFENG GROUP,Equity,Equity Securities (Main Board),HKD
0547,0547.HK,DIGITAL DOMAIN,Equity,Equity Securities (Main Board),HKD
0548,0548.HK,SHENZHENEXPRESS,Equity,Equity Securities (Main Board),HKD
0550,0550.HK,ALLEGRO CULTURE,Equity,Equity Securities (Main Board),HKD
0551,0551.HK,YUE YUEN IND,Equity,Equity Securities (Main Board),HKD
0552,0552.HK,CHINACOMSERVICE,Equity,Equity Securities (Main Board),HKD
0553,0553.HK,NANJING PANDA,Equity,Equity Securities (Main Board),HKD
0554,0554.HK,HANS GP HLDGS,Equity,Equity Securities (Main Board),HKD
0556,0556.HK,PAN ASIA ENVIRO,Equity,Equity Securities (Main Board),HKD
0557,0557.HK,TIANYUAN HEALTH,Equity,Equity Securities (Main Board),HKD
0558,0558.HK,LK TECH,Equity,Equity Securities (Main Board),HKD
0559,0559.HK,DETAI NEWENERGY,Equity,Equity Securities (Main Board),HKD
0560,0560.HK,CHU KONG SHIP,Equity,Equity Securities (Main Board),HKD
0563,0563.HK,SH IND URBAN,Equity,Equity Securities (Main Board),HKD
0564,0564.HK,ZCZL,Equity,Equity Securities (Main Board),HKD
0565,0565.HK,ART GROUP HOLD,Equity,Equity Securities (Main Board),HKD
0567,0567.HK,JSMART TECH,Equity,Equity Securities (Main Board),HKD
0568,0568.HK,SHANDONG MOLONG,Equity,Equity Securities (Main Board),HKD
0570,0570.HK,TRAD CHI MED,Equity,Equity Securities (Main Board),HKD
0571,0571.HK,ESUN HOLDINGS,Equity,Equity Securities (Main Board),HKD
0572,0572.HK,FW HOLDINGS,Equity,Equity Securities (Main Board),HKD
0573,0573.HK,TAO HEUNG HLDGS,Equity,Equity Securities (Main Board),HKD
0574,0574.HK,PASHUN INT'L,Equity,Equity Securities (Main Board),HKD
0575,0575.HK,REGENT PACIFIC,Equity,Equity Securities (Main Board),HKD
0576,0576.HK,ZHEJIANGEXPRESS,Equity,Equity Securities (Main Board),HKD
0579,0579.HK,JNCEC,Equity,Equity Securities (Main Board),HKD
0580,0580.HK,SUN.KING TECH,Equity,Equity Securities (Main Board),HKD
0581,0581.HK,CHINA ORIENTAL,Equity,Equity Securities (Main Board),HKD
0582,0582.HK,SHIN HWA WORLD,Equity,Equity Securities (Main Board),HKD
0583,0583.HK,GWPA HOLDINGS,Equity,Equity Securities (Main Board),HKD
0585,0585.HK,IMAGI INT'L,Equity,Equity Securities (Main Board),HKD
0586,0586.HK,CONCH VENTURE,Equity,Equity Securities (Main Board),HKD
0587,0587.HK,CONCH ENVIRO,Equity,Equity Securities (Main Board),HKD
0588,0588.HK,BEIJING N STAR,Equity,Equity Securities (Main Board),HKD
0590,0590.HK,LUK FOOK HOLD,Equity,Equity Securities (Main Board),HKD
0591,0591.HK,C HIGHPRECISION,Equity,Equity Securities (Main Board),HKD
0595,0595.HK,AV CONCEPT HOLD,Equity,Equity Securities (Main Board),HKD
0596,0596.HK,INSPUR DIGI ENT,Equity,Equity Securities (Main Board),HKD
0598,0598.HK,SINOTRANS,Equity,Equity Securities (Main Board),HKD
0599,0599.HK,E. BON HOLDINGS,Equity,Equity Securities (Main Board),HKD
0600,0600.HK,AXERA,Equity,Equity Securities (Main Board),HKD
0601,0601.HK,REMT,Equity,Equity Securities (Main Board),HKD
0602,0602.HK,JIAHUA STORES H,Equity,Equity Securities (Main Board),HKD
0603,0603.HK,CHINA OIL & GAS,Equity,Equity Securities (Main Board),HKD
0604,0604.HK,SHENZHEN INVEST,Equity,Equity Securities (Main Board),HKD
0605,0605.HK,C FIN SERVICES,Equity,Equity Securities (Main Board),HKD
0606,0606.HK,SCE CM,Equity,Equity Securities (Main Board),HKD
0607,0607.HK,FULLSHARE,Equity,Equity Securities (Main Board),HKD
0608,0608.HK,HIGH FASHION,Equity,Equity Securities (Main Board),HKD
0609,0609.HK,TIANDE CHEMICAL,Equity,Equity Securities (Main Board),HKD
0610,0610.HK,WAI KEE HOLD,Equity,Equity Securities (Main Board),HKD
0611,0611.HK,CNE TECH CORP,Equity,Equity Securities (Main Board),HKD
0612,0612.HK,CARMEN CENTURY,Equity,Investment Companies,HKD
0613,0613.HK,PLANETREE INT'L,Equity,Equity Securities (Main Board),HKD
0616,0616.HK,ASSET CHAIN,Equity,Equity Securities (Main Board),HKD
0617,0617.HK,PALIBURG HOLD,Equity,Equity Securities (Main Board),HKD
0618,0618.HK,PKU RESOURCES,Equity,Equity Securities (Main Board),HKD
0619,0619.HK,SOUTH CHINA FIN,Equity,Equity Securities (Main Board),HKD
0620,0620.HK,DTXS SILK ROAD,Equity,Equity Securities (Main Board),HKD
0621,0621.HK,TAUNG GOLD,Equity,Equity Securities (Main Board),HKD
0622,0622.HK,OSHIDORI,Equity,Equity Securities (Main Board),HKD
0623,0623.HK,SINOMEDIA,Equity,Equity Securities (Main Board),HKD
0626,0626.HK,PUBLIC FIN HOLD,Equity,Equity Securities (Main Board),HKD
0627,0627.HK,VISION SYNERGY,Equity,Equity Securities (Main Board),HKD
0628,0628.HK,TONGTONG AI SOC,Equity,Equity Securities (Main Board),HKD
0629,0629.HK,YUE DA INTL,Equity,Equity Securities (Main Board),HKD
0630,0630.HK,AMCO UNITED,Equity,Equity Securities (Main Board),HKD
0631,0631.HK,SANY INT'L,Equity,Equity Securities (Main Board),HKD
0632,0632.HK,CHK OIL,Equity,Equity Securities (Main Board),HKD
0635,0635.HK,PLAYMATES,Equity,Equity Securities (Main Board),HKD
0636,0636.HK,KLN,Equity,Equity Securities (Main Board),HKD
0637,0637.HK,LEE KEE,Equity,Equity Securities (Main Board),HKD
0638,0638.HK,FIBOCOM,Equity,Equity Securities (Main Board),HKD
0639,0639.HK,SHOUGANG RES,Equity,Equity Securities (Main Board),HKD
0640,0640.HK,INFINITY DEV,Equity,Equity Securities (Main Board),HKD
0641,0641.HK,CHTC FONG'S INT,Equity,Equity Securities (Main Board),HKD
0643,0643.HK,CARRY WEALTH,Equity,Equity Securities (Main Board),HKD
0645,0645.HK,ARES ASIA,Equity,Equity Securities (Main Board),HKD
0646,0646.HK,CHINA ENV TEC,Equity,Equity Securities (Main Board),HKD
0648,0648.HK,SOFTMEDX,Equity,Equity Securities (Main Board),HKD
0650,0650.HK,PRODUCTIVE TECH,Equity,Equity Securities (Main Board),HKD
0653,0653.HK,BONJOUR HOLD,Equity,Equity Securities (Main Board),HKD
0655,0655.HK,HK CHINESE LTD,Equity,Equity Securities (Main Board),HKD
0656,0656.HK,FOSUN INTL,Equity,Equity Securities (Main Board),HKD
0657,0657.HK,G-VISION INT'L,Equity,Equity Securities (Main Board),HKD
0658,0658.HK,C TRANSMISSION,Equity,Equity Securities (Main Board),HKD
0659,0659.HK,CTF SERVICES,Equity,Equity Securities (Main Board),HKD
0660,0660.HK,WAI CHUN BIOTEC,Equity,Equity Securities (Main Board),HKD
0661,0661.HK,CDAYENONFER,Equity,Equity Securities (Main Board),HKD
0662,0662.HK,ASIA FINANCIAL,Equity,Equity Securities (Main Board),HKD
0664,0664.HK,TONGSHIFU,Equity,Equity Securities (Main Board),HKD
0666,0666.HK,REPT BATTERO,Equity,Equity Securities (Main Board),HKD
0667,0667.HK,CHINA EAST EDU,Equity,Equity Securities (Main Board),HKD
0668,0668.HK,ANKER,Equity,Equity Securities (Main Board),HKD
0669,0669.HK,TECHTRONIC IND,Equity,Equity Securities (Main Board),HKD
0670,0670.HK,CHINA EAST AIR,Equity,Equity Securities (Main Board),HKD
0672,0672.HK,ZHONGAN GROUP,Equity,Equity Securities (Main Board),HKD
0673,0673.HK,CHINA HEALTH,Equity,Equity Securities (Main Board),HKD
0674,0674.HK,CHINA TANGSHANG,Equity,Equity Securities (Main Board),HKD
0675,0675.HK,K & P INT'L,Equity,Equity Securities (Main Board),HKD
0676,0676.HK,PEGASUS INT'L,Equity,Equity Securities (Main Board),HKD
0677,0677.HK,GOLDEN RES DEV,Equity,Equity Securities (Main Board),HKD
0679,0679.HK,ASIA TELE-NET,Equity,Equity Securities (Main Board),HKD
0681,0681.HK,CHI PEOPLE HOLD,Equity,Equity Securities (Main Board),HKD
0682,0682.HK,CHAODA MODERN,Equity,Equity Securities (Main Board),HKD
0683,0683.HK,KERRY PPT,Equity,Equity Securities (Main Board),HKD
0684,0684.HK,ALLAN INT'L,Equity,Equity Securities (Main Board),HKD
0685,0685.HK,MEDIA CHINESE,Equity,Equity Securities (Main Board),HKD
0686,0686.HK,BJ ENERGY INTL,Equity,Equity Securities (Main Board),HKD
0687,0687.HK,TYSAN HOLDINGS,Equity,Equity Securities (Main Board),HKD
0688,0688.HK,CHINA OVERSEAS,Equity,Equity Securities (Main Board),HKD
0689,0689.HK,EPI (HOLDINGS),Equity,Equity Securities (Main Board),HKD
0690,0690.HK,UNI-BIO GROUP,Equity,Equity Securities (Main Board),HKD
0691,0691.HK,SHANSHUI CEMENT,Equity,Equity Securities (Main Board),HKD
0693,0693.HK,TAN CHONG INT'L,Equity,Equity Securities (Main Board),HKD
0694,0694.HK,BEIJING AIRPORT,Equity,Equity Securities (Main Board),HKD
0695,0695.HK,DONGWU CEMENT,Equity,Equity Securities (Main Board),HKD
0696,0696.HK,TRAVELSKY TECH,Equity,Equity Securities (Main Board),HKD
0697,0697.HK,SHOUCHENG,Equity,Equity Securities (Main Board),HKD
0698,0698.HK,TONGDA GROUP,Equity,Equity Securities (Main Board),HKD
0699,0699.HK,JOYSON ELEC,Equity,Equity Securities (Main Board),HKD
0700,0700.HK,TENCENT,Equity,Equity Securities (Main Board),HKD
0701,0701.HK,CNT GROUP,Equity,Equity Securities (Main Board),HKD
0702,0702.HK,SINO OIL & GAS,Equity,Equity Securities (Main Board),HKD
0703,0703.HK,FUTURE BRIGHT,Equity,Equity Securities (Main Board),HKD
0704,0704.HK,HUSCOKE HLDGS,Equity,Equity Securities (Main Board),HKD
0707,0707.HK,ATV HOLDINGS,Equity,Equity Securities (Main Board),HKD
0708,0708.HK,EVERG VEHICLE,Equity,Equity Securities (Main Board),HKD
0709,0709.HK,GIORDANO INT'L,Equity,Equity Securities (Main Board),HKD
0710,0710.HK,BOE VARITRONIX,Equity,Equity Securities (Main Board),HKD
0711,0711.HK,ASIA ALLIED INF,Equity,Equity Securities (Main Board),HKD
0712,0712.HK,COMTEC SOLAR,Equity,Equity Securities (Main Board),HKD
0713,0713.HK,WORLD HOUSEWARE,Equity,Equity Securities (Main Board),HKD
0716,0716.HK,SINGAMAS CONT,Equity,Equity Securities (Main Board),HKD
0717,0717.HK,EMPEROR CAPITAL,Equity,Equity Securities (Main Board),HKD
0718,0718.HK,TAI UNITED HOLD,Equity,Equity Securities (Main Board),HKD
0719,0719.HK,SHANDONG XINHUA,Equity,Equity Securities (Main Board),HKD
0720,0720.HK,AUTO ITALIA,Equity,Equity Securities (Main Board),HKD
0721,0721.HK,C FIN INT INV,Equity,Investment Companies,HKD
0722,0722.HK,UMP,Equity,Equity Securities (Main Board),HKD
0723,0723.HK,RELIANCE GLO HL,Equity,Equity Securities (Main Board),HKD
0725,0725.HK,PERENNIAL INT'L,Equity,Equity Securities (Main Board),HKD
0726,0726.HK,DIT GROUP,Equity,Equity Securities (Main Board),HKD
0727,0727.HK,SINOPROS CORP,Equity,Equity Securities (Main Board),HKD
0728,0728.HK,CHINA TELECOM,Equity,Equity Securities (Main Board),HKD
0730,0730.HK,CAPITAL IND FIN,Equity,Equity Securities (Main Board),HKD
0731,0731.HK,C&D NEWIN,Equity,Equity Securities (Main Board),HKD
0732,0732.HK,TRULY INT'L,Equity,Equity Securities (Main Board),HKD
0733,0733.HK,HOPEFLUENT,Equity,Equity Securities (Main Board),HKD
0736,0736.HK,CHINA PPT INV,Equity,Equity Securities (Main Board),HKD
0737,0737.HK,BAY AREA DEV,Equity,Equity Securities (Main Board),HKD
0738,0738.HK,LE SAUNDA,Equity,Equity Securities (Main Board),HKD
0743,0743.HK,ASIA CEMENT CH,Equity,Equity Securities (Main Board),HKD
0745,0745.HK,CN CULTURE GP,Equity,Equity Securities (Main Board),HKD
0746,0746.HK,L & M CHEMICAL,Equity,Equity Securities (Main Board),HKD
0747,0747.HK,SHENYANG PUBLIC,Equity,Equity Securities (Main Board),HKD
0750,0750.HK,SFSY ENERGY,Equity,Equity Securities (Main Board),HKD
0751,0751.HK,SKYWORTH GROUP,Equity,Equity Securities (Main Board),HKD
0752,0752.HK,PICO FAR EAST,Equity,Equity Securities (Main Board),HKD
0753,0753.HK,AIR CHINA,Equity,Equity Securities (Main Board),HKD
0754,0754.HK,HOPSON DEV HOLD,Equity,Equity Securities (Main Board),HKD
0755,0755.HK,DEVGREAT,Equity,Equity Securities (Main Board),HKD
0756,0756.HK,SUMMI,Equity,Equity Securities (Main Board),HKD
0757,0757.HK,SOLARGIGA,Equity,Equity Securities (Main Board),HKD
0759,0759.HK,CEC INT'L HOLD,Equity,Equity Securities (Main Board),HKD
0760,0760.HK,TALENT PPT GP,Equity,Equity Securities (Main Board),HKD
0762,0762.HK,CHINA UNICOM,Equity,Equity Securities (Main Board),HKD
0763,0763.HK,ZTE,Equity,Equity Securities (Main Board),HKD
0764,0764.HK,ETERNITY INV,Equity,Equity Securities (Main Board),HKD
0765,0765.HK,PERFECTECH INTL,Equity,Equity Securities (Main Board),HKD
0767,0767.HK,ZHONG JI LS,Equity,Equity Securities (Main Board),HKD
0768,0768.HK,UBA INVESTMENTS,Equity,Investment Companies,HKD
0769,0769.HK,CHINA RAREEARTH,Equity,Equity Securities (Main Board),HKD
0771,0771.HK,AUTOMATED SYS,Equity,Equity Securities (Main Board),HKD
0772,0772.HK,CHINA LIT,Equity,Equity Securities (Main Board),HKD
0775,0775.HK,CKLIFE SCIENCES,Equity,Equity Securities (Main Board),HKD
0776,0776.HK,IMPERIUM TEC GP,Equity,Equity Securities (Main Board),HKD
0777,0777.HK,NETDRAGON,Equity,Equity Securities (Main Board),HKD
0778,0778.HK,FORTUNE REIT,Real Estate Investment Trusts,,HKD
0780,0780.HK,TONGCHENGTRAVEL,Equity,Equity Securities (Main Board),HKD
0784,0784.HK,LING YUI,Equity,Equity Securities (Main Board),HKD
0788,0788.HK,CHINA TOWER,Equity,Equity Securities (Main Board),HKD
0789,0789.HK,ARTINI HLDG,Equity,Equity Securities (Main Board),HKD
0794,0794.HK,COME SURE GROUP,Equity,Equity Securities (Main Board),HKD
0797,0797.HK,7ROAD,Equity,Equity Securities (Main Board),HKD
0798,0798.HK,CEOVU,Equity,Equity Securities (Main Board),HKD
0799,0799.HK,IGG,Equity,Equity Securities (Main Board),HKD
0800,0800.HK,WERIDE-W,Equity,Equity Securities (Main Board),HKD
0804,0804.HK,PINESTONE,Equity,Equity Securities (Main Board),HKD
0805,0805.HK,NEW GONOW RV,Equity,Equity Securities (Main Board),HKD
0806,0806.HK,VALUE PARTNERS,Equity,Equity Securities (Main Board),HKD
0807,0807.HK,SIICENVIRONMENT,Equity,Equity Securities (Main Board),HKD
0808,0808.HK,PROSPERITY REIT,Real Estate Investment Trusts,,HKD
0809,0809.HK,GLOBAL BIO-NEW,Equity,Equity Securities (Main Board),HKD
0810,0810.HK,CH CASTSON 81,Equity,Investment Companies,HKD
0811,0811.HK,XINHUA WINSHARE,Equity,Equity Securities (Main Board),HKD
0813,0813.HK,SHIMAO GROUP,Equity,Equity Securities (Main Board),HKD
0814,0814.HK,JINGKELONG,Equity,Equity Securities (Main Board),HKD
0815,0815.HK,CHI SILVER GP,Equity,Equity Securities (Main Board),HKD
0816,0816.HK,JINMAO SERVICES,Equity,Equity Securities (Main Board),HKD
0817,0817.HK,CHINA JINMAO,Equity,Equity Securities (Main Board),HKD
0818,0818.HK,HI SUN TECH,Equity,Equity Securities (Main Board),HKD
0819,0819.HK,TIANNENG POWER,Equity,Equity Securities (Main Board),HKD
0821,0821.HK,VC HOLDINGS,Equity,Equity Securities (Main Board),HKD
0822,0822.HK,KA SHUI INT'L,Equity,Equity Securities (Main Board),HKD
0823,0823.HK,LINK REIT,Real Estate Investment Trusts,,HKD
0825,0825.HK,NWDS CHINA,Equity,Equity Securities (Main Board),HKD
0826,0826.HK,TIANGONG INT'L,Equity,Equity Securities (Main Board),HKD
0827,0827.HK,KO YO GROUP,Equity,Equity Securities (Main Board),HKD
0828,0828.HK,DYNASTY WINES,Equity,Equity Securities (Main Board),HKD
0829,0829.HK,SHENGUAN HLDGS,Equity,Equity Securities (Main Board),HKD
0830,0830.HK,CSC DEVELOPMENT,Equity,Equity Securities (Main Board),HKD
0831,0831.HK,CR ASIA,Equity,Equity Securities (Main Board),HKD
0832,0832.HK,CENTRAL CHINA,Equity,Equity Securities (Main Board),HKD
0833,0833.HK,ALLTRONICS,Equity,Equity Securities (Main Board),HKD
0834,0834.HK,SHENGRONG HLDG,Equity,Equity Securities (Main Board),HKD
0836,0836.HK,CHINA RES POWER,Equity,Equity Securities (Main Board),HKD
0837,0837.HK,CARPENTER TAN,Equity,Equity Securities (Main Board),HKD
0838,0838.HK,EVA HOLDINGS,Equity,Equity Securities (Main Board),HKD
0839,0839.HK,CHINA EDU GROUP,Equity,Equity Securities (Main Board),HKD
0840,0840.HK,TIANYE WATER,Equity,Equity Securities (Main Board),HKD
0841,0841.HK,CASSAVA RES,Equity,Equity Securities (Main Board),HKD
0842,0842.HK,LEOCH INT'L,Equity,Equity Securities (Main Board),HKD
0844,0844.HK,GREATIME INTL,Equity,Equity Securities (Main Board),HKD
0845,0845.HK,GLORIOUS PPT H,Equity,Equity Securities (Main Board),HKD
0846,0846.HK,MINGFA GROUP,Equity,Equity Securities (Main Board),HKD
0848,0848.HK,MAOYE INT'L,Equity,Equity Securities (Main Board),HKD
0851,0851.HK,SHENG YUAN HLDG,Equity,Equity Securities (Main Board),HKD
0852,0852.HK,STRONG PETRO,Equity,Equity Securities (Main Board),HKD
0853,0853.HK,MICROPORT,Equity,Equity Securities (Main Board),HKD
0854,0854.HK,WILLAS-ARRAY,Equity,Equity Securities (Main Board),HKD
0855,0855.HK,CHINA WATER,Equity,Equity Securities (Main Board),HKD
0856,0856.HK,VSTECS,Equity,Equity Securities (Main Board),HKD
0857,0857.HK,PETROCHINA,Equity,Equity Securities (Main Board),HKD
0858,0858.HK,EXTRAWELL PHAR,Equity,Equity Securities (Main Board),HKD
0859,0859.HK,ZHONGCHANG INTL,Equity,Equity Securities (Main Board),HKD
0860,0860.HK,APOLLO FMG,Equity,Equity Securities (Main Board),HKD
0861,0861.HK,DC HOLDINGS,Equity,Equity Securities (Main Board),HKD
0862,0862.HK,VISION VALUES,Equity,Equity Securities (Main Board),HKD
0863,0863.HK,OSL GROUP,Equity,Equity Securities (Main Board),HKD
0864,0864.HK,WING LEE PPT,Equity,Equity Securities (Main Board),HKD
0865,0865.HK,JIANDE INT'L,Equity,Equity Securities (Main Board),HKD
0866,0866.HK,CHINA QINFA,Equity,Equity Securities (Main Board),HKD
0867,0867.HK,CMS,Equity,Equity Securities (Main Board),HKD
0868,0868.HK,XINYI GLASS,Equity,Equity Securities (Main Board),HKD
0869,0869.HK,PLAYMATES TOYS,Equity,Equity Securities (Main Board),HKD
0871,0871.HK,CH DREDG ENV,Equity,Equity Securities (Main Board),HKD
0873,0873.HK,SHIMAO SERVICES,Equity,Equity Securities (Main Board),HKD
0874,0874.HK,BAIYUNSHAN PH,Equity,Equity Securities (Main Board),HKD
0875,0875.HK,CONGYU INTE AGR,Equity,Equity Securities (Main Board),HKD
0876,0876.HK,KAISA HEALTH,Equity,Equity Securities (Main Board),HKD
0878,0878.HK,SOUNDWILL HOLD,Equity,Equity Securities (Main Board),HKD
0880,0880.HK,SJM HOLDINGS,Equity,Equity Securities (Main Board),HKD
0881,0881.HK,ZHONGSHENG HLDG,Equity,Equity Securities (Main Board),HKD
0882,0882.HK,TIANJIN DEV,Equity,Equity Securities (Main Board),HKD
0883,0883.HK,CNOOC,Equity,Equity Securities (Main Board),HKD
0884,0884.HK,CIFI HOLD GP,Equity,Equity Securities (Main Board),HKD
0887,0887.HK,EMPEROR WATCH&J,Equity,Equity Securities (Main Board),HKD
0888,0888.HK,BLOCKFIN HLDG,Equity,Equity Securities (Main Board),HKD
0889,0889.HK,DATRONIX HOLD,Equity,Equity Securities (Main Board),HKD
0893,0893.HK,CHINAVTM MINING,Equity,Equity Securities (Main Board),HKD
0894,0894.HK,MAN YUE TECH,Equity,Equity Securities (Main Board),HKD
0895,0895.HK,DONGJIANG ENV,Equity,Equity Securities (Main Board),HKD
0896,0896.HK,HANISON,Equity,Equity Securities (Main Board),HKD
0897,0897.HK,WAI YUEN TONG,Equity,Equity Securities (Main Board),HKD
0898,0898.HK,MULTIFIELD INTL,Equity,Equity Securities (Main Board),HKD
0899,0899.HK,ZHONG JIA GX,Equity,Equity Securities (Main Board),HKD
0900,0900.HK,AEON CREDIT,Equity,Equity Securities (Main Board),HKD
0901,0901.HK,SDMC,Equity,Equity Securities (Main Board),HKD
0902,0902.HK,HUANENG POWER,Equity,Equity Securities (Main Board),HKD
0905,0905.HK,WALNUT CAP,Equity,Investment Companies,HKD
0907,0907.HK,ELEGANCEOPTICAL,Equity,Equity Securities (Main Board),HKD
0909,0909.HK,MING YUAN CLOUD,Equity,Equity Securities (Main Board),HKD
0910,0910.HK,CHINA SANDI,Equity,Equity Securities (Main Board),HKD
0911,0911.HK,QIANHAI HEALTH,Equity,Equity Securities (Main Board),HKD
0912,0912.HK,SUGA INT'L,Equity,Equity Securities (Main Board),HKD
0913,0913.HK,HARBOUR DIGITAL,Equity,Investment Companies,HKD
0914,0914.HK,CONCH CEMENT,Equity,Equity Securities (Main Board),HKD
0915,0915.HK,DAOHE GLOBAL,Equity,Equity Securities (Main Board),HKD
0916,0916.HK,CHINA LONGYUAN,Equity,Equity Securities (Main Board),HKD
0917,0917.HK,QUNABOX GROUP,Equity,Equity Securities (Main Board),HKD
0918,0918.HK,MAJESTIC DRAGON,Equity,Equity Securities (Main Board),HKD
0919,0919.HK,MODERNHEALTHTEC,Equity,Equity Securities (Main Board),HKD
0921,0921.HK,HISENSE HA,Equity,Equity Securities (Main Board),HKD
0922,0922.HK,ANXIANYUAN CH,Equity,Equity Securities (Main Board),HKD
0923,0923.HK,IWS,Equity,Equity Securities (Main Board),HKD
0924,0924.HK,KHOON GROUP,Equity,Equity Securities (Main Board),HKD
0926,0926.HK,BESUNYEN,Equity,Equity Securities (Main Board),HKD
0927,0927.HK,FUJIKON IND,Equity,Equity Securities (Main Board),HKD
0928,0928.HK,KING INTL INV,Equity,Equity Securities (Main Board),HKD
0929,0929.HK,IPE GROUP,Equity,Equity Securities (Main Board),HKD
0931,0931.HK,CHINA HK POWER,Equity,Equity Securities (Main Board),HKD
0932,0932.HK,SHUNTEN INTL,Equity,Equity Securities (Main Board),HKD
0933,0933.HK,VIVA GOODS,Equity,Equity Securities (Main Board),HKD
0934,0934.HK,SINOPEC KANTONS,Equity,Equity Securities (Main Board),HKD
0936,0936.HK,KAISA CAPITAL,Equity,Equity Securities (Main Board),HKD
0938,0938.HK,MAN SANG INT'L,Equity,Equity Securities (Main Board),HKD
0939,0939.HK,CCB,Equity,Equity Securities (Main Board),HKD
0941,0941.HK,CHINA MOBILE,Equity,Equity Securities (Main Board),HKD
0943,0943.HK,ZHONGZHENG INTL,Equity,Equity Securities (Main Board),HKD
0945,0945.HK,MANULIFE-S,Equity,Equity Securities (Main Board),HKD
0947,0947.HK,MOBI DEV,Equity,Equity Securities (Main Board),HKD
0948,0948.HK,ALPHA PRO HLDGS,Equity,Equity Securities (Main Board),HKD
0950,0950.HK,LEE'S PHARM,Equity,Equity Securities (Main Board),HKD
0951,0951.HK,CHAOWEI POWER,Equity,Equity Securities (Main Board),HKD
0952,0952.HK,QUAM PLUS FIN,Equity,Equity Securities (Main Board),HKD
0953,0953.HK,SHAW BROTHERS,Equity,Equity Securities (Main Board),HKD
0954,0954.HK,CHANGMAO BIO,Equity,Equity Securities (Main Board),HKD
0956,0956.HK,CHINA SUNTIEN,Equity,Equity Securities (Main Board),HKD
0959,0959.HK,CENTURY ENT INT,Equity,Equity Securities (Main Board),HKD
0960,0960.HK,LONGFOR GROUP,Equity,Equity Securities (Main Board),HKD
0966,0966.HK,CHINA TAIPING,Equity,Equity Securities (Main Board),HKD
0968,0968.HK,XINYI SOLAR,Equity,Equity Securities (Main Board),HKD
0969,0969.HK,HUA LIEN INT'L,Equity,Equity Securities (Main Board),HKD
0970,0970.HK,NEW SPARKLEROLL,Equity,Equity Securities (Main Board),HKD
0974,0974.HK,SKL,Equity,Equity Securities (Main Board),HKD
0975,0975.HK,MONGOL MINING,Equity,Equity Securities (Main Board),HKD
0976,0976.HK,CHIHO ENV,Equity,Equity Securities (Main Board),HKD
0978,0978.HK,CHI MER LAND,Equity,Equity Securities (Main Board),HKD
0979,0979.HK,GREEN ENERGY GP,Equity,Equity Securities (Main Board),HKD
0980,0980.HK,LIANHUA,Equity,Equity Securities (Main Board),HKD
0981,0981.HK,SMIC,Equity,Equity Securities (Main Board),HKD
0983,0983.HK,SOCAM DEV,Equity,Equity Securities (Main Board),HKD
0984,0984.HK,AEON STORES,Equity,Equity Securities (Main Board),HKD
0986,0986.HK,DUFU LIQUOR GP,Equity,Equity Securities (Main Board),HKD
0987,0987.HK,CH RENEW EN INV,Equity,Equity Securities (Main Board),HKD
0989,0989.HK,CHINA CBS INTL,Equity,Equity Securities (Main Board),HKD
0990,0990.HK,DEEP SOURCE,Equity,Equity Securities (Main Board),HKD
0991,0991.HK,DATANG POWER,Equity,Equity Securities (Main Board),HKD
0992,0992.HK,LENOVO GROUP,Equity,Equity Securities (Main Board),HKD
0993,0993.HK,XINKONG INT CAP,Equity,Equity Securities (Main Board),HKD
0994,0994.HK,CT VISION,Equity,Equity Securities (Main Board),HKD
0995,0995.HK,ANHUIEXPRESSWAY,Equity,Equity Securities (Main Board),HKD
0997,0997.HK,CHINLINK INTL,Equity,Equity Securities (Main Board),HKD
0998,0998.HK,CITIC BANK,Equity,Equity Securities (Main Board),HKD
0999,0999.HK,XIAOCAIYUAN,Equity,Equity Securities (Main Board),HKD
1000,1000.HK,BEIJING MEDIA,Equity,Equity Securities (Main Board),HKD
1001,1001.HK,HK SH ALLIANCE,Equity,Equity Securities (Main Board),HKD
1002,1002.HK,V.S. INT'L,Equity,Equity Securities (Main Board),HKD
1003,1003.HK,HUANXI MEDIA,Equity,Equity Securities (Main Board),HKD
1004,1004.HK,C SMARTERENERGY,Equity,Equity Securities (Main Board),HKD
1005,1005.HK,MATRIX HOLDINGS,Equity,Equity Securities (Main Board),HKD
1007,1007.HK,LONGHUI INTL,Equity,Equity Securities (Main Board),HKD
1008,1008.HK,LITU HOLDINGS,Equity,Equity Securities (Main Board),HKD
1009,1009.HK,INT'L ENT,Equity,Equity Securities (Main Board),HKD
1010,1010.HK,SKY BLUE 11,Equity,Equity Securities (Main Board),HKD
1011,1011.HK,NT PHARMA,Equity,Equity Securities (Main Board),HKD
1013,1013.HK,WAI CHUN GROUP,Equity,Equity Securities (Main Board),HKD
1020,1020.HK,CIPRUN TECH,Equity,Equity Securities (Main Board),HKD
1021,1021.HK,HUAYAN ROBOTICS,Equity,Equity Securities (Main Board),HKD
1022,1022.HK,FEIYU,Equity,Equity Securities (Main Board),HKD
1023,1023.HK,SITOY GROUP,Equity,Equity Securities (Main Board),HKD
1024,1024.HK,KUAISHOU-W,Equity,Equity Securities (Main Board),HKD
1025,1025.HK,KNT HOLDINGS,Equity,Equity Securities (Main Board),HKD
1026,1026.HK,UNIVERSAL TECH,Equity,Equity Securities (Main Board),HKD
1027,1027.HK,ASIA STRAT TECH,Equity,Equity Securities (Main Board),HKD
1028,1028.HK,C.BANNER,Equity,Equity Securities (Main Board),HKD
1029,1029.HK,IRC,Equity,Equity Securities (Main Board),HKD
1030,1030.HK,SEAZEN,Equity,Equity Securities (Main Board),HKD
1033,1033.HK,SINOPEC SSC,Equity,Equity Securities (Main Board),HKD
1036,1036.HK,VANKE OVERSEAS,Equity,Equity Securities (Main Board),HKD
1037,1037.HK,MAXNERVA TECH,Equity,Equity Securities (Main Board),HKD
1038,1038.HK,CKI HOLDINGS,Equity,Equity Securities (Main Board),HKD
1039,1039.HK,CHANGYOU INT GP,Equity,Equity Securities (Main Board),HKD
1044,1044.HK,HENGAN INT'L,Equity,Equity Securities (Main Board),HKD
1045,1045.HK,APT SATELLITE,Equity,Equity Securities (Main Board),HKD
1046,1046.HK,UNIVERSE ENT,Equity,Equity Securities (Main Board),HKD
1047,1047.HK,NGAI HING HONG,Equity,Equity Securities (Main Board),HKD
1049,1049.HK,CELESTIAL ASIA,Equity,Equity Securities (Main Board),HKD
1050,1050.HK,KARRIE INT'L,Equity,Equity Securities (Main Board),HKD
1051,1051.HK,G-RESOURCES,Equity,Equity Securities (Main Board),HKD
1052,1052.HK,YUEXIUTRANSPORT,Equity,Equity Securities (Main Board),HKD
1053,1053.HK,CHONGQING IRON,Equity,Equity Securities (Main Board),HKD
1055,1055.HK,CHINA SOUTH AIR,Equity,Equity Securities (Main Board),HKD
1057,1057.HK,ZHEJIANG SHIBAO,Equity,Equity Securities (Main Board),HKD
1058,1058.HK,NAMYUE HOLDINGS,Equity,Equity Securities (Main Board),HKD
1059,1059.HK,KANTONE HOLDING,Equity,Equity Securities (Main Board),HKD
1060,1060.HK,DAMAI ENT,Equity,Equity Securities (Main Board),HKD
1061,1061.HK,ESSEX BIO-TECH,Equity,Equity Securities (Main Board),HKD
1062,1062.HK,CDB INT'L INV,Equity,Investment Companies,HKD
1063,1063.HK,SUNCORP TECH,Equity,Equity Securities (Main Board),HKD
1064,1064.HK,ZHONG HUA INT'L,Equity,Equity Securities (Main Board),HKD
1065,1065.HK,TIANJIN CAPITAL,Equity,Equity Securities (Main Board),HKD
1066,1066.HK,WEIGAO GROUP,Equity,Equity Securities (Main Board),HKD
1068,1068.HK,YURUN FOOD,Equity,Equity Securities (Main Board),HKD
1069,1069.HK,CN HEALTH TECH,Equity,Equity Securities (Main Board),HKD
1070,1070.HK,TCL ELECTRONICS,Equity,Equity Securities (Main Board),HKD
1071,1071.HK,HUADIAN POWER,Equity,Equity Securities (Main Board),HKD
1072,1072.HK,DONGFANG ELEC,Equity,Equity Securities (Main Board),HKD
1073,1073.HK,DA YU FIN,Equity,Equity Securities (Main Board),HKD
1075,1075.HK,CAPINFO,Equity,Equity Securities (Main Board),HKD
1079,1079.HK,PINE TECH,Equity,Equity Securities (Main Board),HKD
1080,1080.HK,SHENGLI PIPE,Equity,Equity Securities (Main Board),HKD
1081,1081.HK,DAJIN,Equity,Equity Securities (Main Board),HKD
1082,1082.HK,BDV EDU INTL,Equity,Equity Securities (Main Board),HKD
1083,1083.HK,TG SMART ENERGY,Equity,Equity Securities (Main Board),HKD
1084,1084.HK,GREEN FRESH BIO,Equity,Equity Securities (Main Board),HKD
1085,1085.HK,HXTL,Equity,Equity Securities (Main Board),HKD
1086,1086.HK,GOODBABY INTL,Equity,Equity Securities (Main Board),HKD
1087,1087.HK,INVESTECH HLDGS,Equity,Equity Securities (Main Board),HKD
1088,1088.HK,CHINA SHENHUA,Equity,Equity Securities (Main Board),HKD
1090,1090.HK,DA MING INT'L,Equity,Equity Securities (Main Board),HKD
1091,1091.HK,SOUTH MANGANESE,Equity,Equity Securities (Main Board),HKD
1093,1093.HK,CSPC PHARMA,Equity,Equity Securities (Main Board),HKD
1094,1094.HK,CHERISH SUN,Equity,Equity Securities (Main Board),HKD
1097,1097.HK,I-CABLE COMM,Equity,Equity Securities (Main Board),HKD
1098,1098.HK,ROAD KING INFRA,Equity,Equity Securities (Main Board),HKD
1099,1099.HK,SINOPHARM,Equity,Equity Securities (Main Board),HKD
1100,1100.HK,MAINLAND HOLD,Equity,Equity Securities (Main Board),HKD
1101,1101.HK,HUARONG ENERGY,Equity,Equity Securities (Main Board),HKD
1102,1102.HK,ENVIRO ENERGY,Equity,Equity Securities (Main Board),HKD
1104,1104.HK,APAC RESOURCES,Equity,Equity Securities (Main Board),HKD
1105,1105.HK,SING TAO,Equity,Equity Securities (Main Board),HKD
1107,1107.HK,MODERN LAND,Equity,Equity Securities (Main Board),HKD
1108,1108.HK,TRIUMPH NEW EN,Equity,Equity Securities (Main Board),HKD
1109,1109.HK,CHINA RES LAND,Equity,Equity Securities (Main Board),HKD
1110,1110.HK,KINGWORLD,Equity,Equity Securities (Main Board),HKD
1111,1111.HK,HUASHI GROUP,Equity,Equity Securities (Main Board),HKD
1112,1112.HK,H&H INTL HLDG,Equity,Equity Securities (Main Board),HKD
1113,1113.HK,CK ASSET,Equity,Equity Securities (Main Board),HKD
1114,1114.HK,BRILLIANCE CHI,Equity,Equity Securities (Main Board),HKD
1115,1115.HK,5100 XIZANG,Equity,Equity Securities (Main Board),HKD
1116,1116.HK,HC TECH GP,Equity,Equity Securities (Main Board),HKD
1117,1117.HK,CH MODERN D,Equity,Equity Securities (Main Board),HKD
1118,1118.HK,GOLIK HOLDINGS,Equity,Equity Securities (Main Board),HKD
1119,1119.HK,IDREAMSKY,Equity,Equity Securities (Main Board),HKD
1120,1120.HK,ARTS OPTICAL,Equity,Equity Securities (Main Board),HKD
1121,1121.HK,GOLDENSOLAR,Equity,Equity Securities (Main Board),HKD
1122,1122.HK,QINGLING MOTORS,Equity,Equity Securities (Main Board),HKD
1123,1123.HK,CHINA-HK PHOTO,Equity,Equity Securities (Main Board),HKD
1124,1124.HK,COASTAL GL,Equity,Equity Securities (Main Board),HKD
1125,1125.HK,LAI FUNG HOLD,Equity,Equity Securities (Main Board),HKD
1126,1126.HK,DREAM INT'L,Equity,Equity Securities (Main Board),HKD
1127,1127.HK,LION ROCK GROUP,Equity,Equity Securities (Main Board),HKD
1128,1128.HK,WYNN MACAU,Equity,Equity Securities (Main Board),HKD
1129,1129.HK,WATER INDUSTRY,Equity,Equity Securities (Main Board),HKD
1130,1130.HK,CHINA ENV RES,Equity,Equity Securities (Main Board),HKD
1132,1132.HK,ORANGE SKY G H,Equity,Equity Securities (Main Board),HKD
1133,1133.HK,HARBIN ELECTRIC,Equity,Equity Securities (Main Board),HKD
1134,1134.HK,KELFRED,Equity,Equity Securities (Main Board),HKD
1137,1137.HK,HK TECH VENTURE,Equity,Equity Securities (Main Board),HKD
1138,1138.HK,COSCO SHIP ENGY,Equity,Equity Securities (Main Board),HKD
1140,1140.HK,HK.AI CAPITAL,Equity,Investment Companies,HKD
1141,1141.HK,CMBC CAPITAL,Equity,Equity Securities (Main Board),HKD
1142,1142.HK,E&P GLOBAL,Equity,Equity Securities (Main Board),HKD
1143,1143.HK,CN ENGY STORAGE,Equity,Equity Securities (Main Board),HKD
1145,1145.HK,COURAGE INV,Equity,Equity Securities (Main Board),HKD
1146,1146.HK,HUICHENG INTL H,Equity,Equity Securities (Main Board),HKD
1147,1147.HK,EDENSOFT,Equity,Equity Securities (Main Board),HKD
1148,1148.HK,POWER XINCHEN,Equity,Equity Securities (Main Board),HKD
1150,1150.HK,MILAN STATION,Equity,Equity Securities (Main Board),HKD
1152,1152.HK,MOMENTUM FIN,Equity,Equity Securities (Main Board),HKD
1153,1153.HK,JIAYUAN SER,Equity,Equity Securities (Main Board),HKD
1156,1156.HK,CHINANEWENERGY,Equity,Equity Securities (Main Board),HKD
1157,1157.HK,ZOOMLION,Equity,Equity Securities (Main Board),HKD
1159,1159.HK,SMART DIGI TECH,Equity,Equity Securities (Main Board),HKD
1160,1160.HK,GOLDSTONE CAP,Equity,Investment Companies,HKD
1161,1161.HK,WATER OASIS GP,Equity,Equity Securities (Main Board),HKD
1162,1162.HK,LUMINA GROUP,Equity,Equity Securities (Main Board),HKD
1163,1163.HK,ADTIGER CORP,Equity,Equity Securities (Main Board),HKD
1164,1164.HK,CGN MINING,Equity,Equity Securities (Main Board),HKD
1165,1165.HK,SFCE,Equity,Equity Securities (Main Board),HKD
1166,1166.HK,SOLARTECH INT'L,Equity,Equity Securities (Main Board),HKD
1167,1167.HK,JACOBIO-B,Equity,Equity Securities (Main Board),HKD
1168,1168.HK,Z FIN,Equity,Equity Securities (Main Board),HKD
1170,1170.HK,KINGMAKER,Equity,Equity Securities (Main Board),HKD
1171,1171.HK,YANKUANG ENERGY,Equity,Equity Securities (Main Board),HKD
1172,1172.HK,MAGNUSCONCORDIA,Equity,Equity Securities (Main Board),HKD
1173,1173.HK,VEEKO INT'L,Equity,Equity Securities (Main Board),HKD
1176,1176.HK,ZHUGUANG HOLD,Equity,Equity Securities (Main Board),HKD
1177,1177.HK,SBP GROUP,Equity,Equity Securities (Main Board),HKD
1179,1179.HK,HWORLD-S,Equity,Equity Securities (Main Board),HKD
1180,1180.HK,PARADISE ENT,Equity,Equity Securities (Main Board),HKD
1181,1181.HK,TANG PALACE,Equity,Equity Securities (Main Board),HKD
1182,1182.HK,SUCCESS DRAGON,Equity,Equity Securities (Main Board),HKD
1183,1183.HK,MECOM POWER,Equity,Equity Securities (Main Board),HKD
1184,1184.HK,S.A.S. DRAGON,Equity,Equity Securities (Main Board),HKD
1186,1186.HK,CHINA RAIL CONS,Equity,Equity Securities (Main Board),HKD
1187,1187.HK,COFOE MEDICAL,Equity,Equity Securities (Main Board),HKD
1188,1188.HK,HYBRID KINETIC,Equity,Equity Securities (Main Board),HKD
1191,1191.HK,CREALIGHTS,Equity,Equity Securities (Main Board),HKD
1193,1193.HK,CHINA RES GAS,Equity,Equity Securities (Main Board),HKD
1195,1195.HK,KINGWELL GROUP,Equity,Equity Securities (Main Board),HKD
1196,1196.HK,REALORD TECH,Equity,Equity Securities (Main Board),HKD
1198,1198.HK,ROYALE HOME,Equity,Equity Securities (Main Board),HKD
1199,1199.HK,COSCO SHIP PORT,Equity,Equity Securities (Main Board),HKD
1200,1200.HK,MIDLAND HOLDING,Equity,Equity Securities (Main Board),HKD
1201,1201.HK,TESSON HOLDINGS,Equity,Equity Securities (Main Board),HKD
1202,1202.HK,SIWI SCI & TECH,Equity,Equity Securities (Main Board),HKD
1203,1203.HK,GUANGNAN (HOLD),Equity,Equity Securities (Main Board),HKD
1204,1204.HK,BOARDWARE INTEL,Equity,Equity Securities (Main Board),HKD
1205,1205.HK,CITIC RESOURCES,Equity,Equity Securities (Main Board),HKD
1206,1206.HK,TECHNOVATOR,Equity,Equity Securities (Main Board),HKD
1208,1208.HK,MMG,Equity,Equity Securities (Main Board),HKD
1209,1209.HK,CHINA RES MIXC,Equity,Equity Securities (Main Board),HKD
1211,1211.HK,BYD COMPANY,Equity,Equity Securities (Main Board),HKD
1213,1213.HK,MOBICON GROUP,Equity,Equity Securities (Main Board),HKD
1215,1215.HK,KAI YUAN HLDGS,Equity,Equity Securities (Main Board),HKD
1216,1216.HK,ZYBANK,Equity,Equity Securities (Main Board),HKD
1217,1217.HK,CH INNOVATION,Equity,Investment Companies,HKD
1218,1218.HK,EASYKNIT INT'L,Equity,Equity Securities (Main Board),HKD
1220,1220.HK,ZHIDAO INT'L,Equity,Equity Securities (Main Board),HKD
1221,1221.HK,SINO HOTELS,Equity,Equity Securities (Main Board),HKD
1222,1222.HK,WANG ON GROUP,Equity,Equity Securities (Main Board),HKD
1223,1223.HK,SYMPHONY HOLD,Equity,Equity Securities (Main Board),HKD
1224,1224.HK,C C LAND,Equity,Equity Securities (Main Board),HKD
1225,1225.HK,LERADO FIN,Equity,Equity Securities (Main Board),HKD
1226,1226.HK,CH INV FIN GP,Equity,Investment Companies,HKD
1228,1228.HK,CANBRIDGE-B,Equity,Equity Securities (Main Board),HKD
1229,1229.HK,NAN NAN RES,Equity,Equity Securities (Main Board),HKD
1231,1231.HK,NEWTON RES,Equity,Equity Securities (Main Board),HKD
1232,1232.HK,GW TIANDI,Equity,Equity Securities (Main Board),HKD
1233,1233.HK,TIMES CHINA,Equity,Equity Securities (Main Board),HKD
1234,1234.HK,CHINA LILANG,Equity,Equity Securities (Main Board),HKD
1235,1235.HK,TRAVEL EXPERT,Equity,Equity Securities (Main Board),HKD
1236,1236.HK,LDROBOT,Equity,Equity Securities (Main Board),HKD
1237,1237.HK,CH ENV TECH&BIO,Equity,Equity Securities (Main Board),HKD
1238,1238.HK,POWERLONG,Equity,Equity Securities (Main Board),HKD
1239,1239.HK,TEAMWAY INTL GP,Equity,Equity Securities (Main Board),HKD
1240,1240.HK,CNQC INT'L,Equity,Equity Securities (Main Board),HKD
1241,1241.HK,SHUANGHUA H,Equity,Equity Securities (Main Board),HKD
1243,1243.HK,WANG ON PPT,Equity,Equity Securities (Main Board),HKD
1244,1244.HK,3D MEDICINES,Equity,Equity Securities (Main Board),HKD
1245,1245.HK,NIRAKU,Equity,Equity Securities (Main Board),HKD
1246,1246.HK,BOILLHEALTHCARE,Equity,Equity Securities (Main Board),HKD
1247,1247.HK,MIKO INTL,Equity,Equity Securities (Main Board),HKD
1250,1250.HK,SDHS NEW ENERGY,Equity,Equity Securities (Main Board),HKD
1251,1251.HK,SPT ENERGY,Equity,Equity Securities (Main Board),HKD
1252,1252.HK,CHINA TIANRUI,Equity,Equity Securities (Main Board),HKD
1253,1253.HK,GREEN BROAD,Equity,Equity Securities (Main Board),HKD
1255,1255.HK,TATA HEALTH,Equity,Equity Securities (Main Board),HKD
1257,1257.HK,CEB GREENTECH,Equity,Equity Securities (Main Board),HKD
1258,1258.HK,CHINFMINING,Equity,Equity Securities (Main Board),HKD
1259,1259.HK,PROSPER FUTURE,Equity,Equity Securities (Main Board),HKD
1260,1260.HK,WONDERFUL SKY,Equity,Equity Securities (Main Board),HKD
1262,1262.HK,LABIXIAOXIN,Equity,Equity Securities (Main Board),HKD
1265,1265.HK,TIANJINJINRAN,Equity,Equity Securities (Main Board),HKD
1268,1268.HK,MEIDONG AUTO,Equity,Equity Securities (Main Board),HKD
1269,1269.HK,FIRST CAP GP,Equity,Equity Securities (Main Board),HKD
1270,1270.HK,LANGHAM-SS,Equity,Equity Securities (Main Board),HKD
1271,1271.HK,GRAND MING,Equity,Equity Securities (Main Board),HKD
1272,1272.HK,DATANG ENVIRO,Equity,Equity Securities (Main Board),HKD
1273,1273.HK,HK FINANCE GP,Equity,Equity Securities (Main Board),HKD
1274,1274.HK,IMOTIONTECH,Equity,Equity Securities (Main Board),HKD
1276,1276.HK,HENGRUI PHARMA,Equity,Equity Securities (Main Board),HKD
1277,1277.HK,KINETIC DEV,Equity,Equity Securities (Main Board),HKD
1278,1278.HK,CHINANEWTOWN,Equity,Equity Securities (Main Board),HKD
1280,1280.HK,QIDIAN GUOFENG,Equity,Equity Securities (Main Board),HKD
1281,1281.HK,XINDA INV HLDGS,Equity,Equity Securities (Main Board),HKD
1282,1282.HK,RENZE HARVEST,Equity,Equity Securities (Main Board),HKD
1283,1283.HK,ACCEL GROUP,Equity,Equity Securities (Main Board),HKD
1284,1284.HK,NEW MEDIA LAB,Equity,Equity Securities (Main Board),HKD
1285,1285.HK,JIASHILI GP,Equity,Equity Securities (Main Board),HKD
1286,1286.HK,IMPRO PRECISION,Equity,Equity Securities (Main Board),HKD
1288,1288.HK,ABC,Equity,Equity Securities (Main Board),HKD
1289,1289.HK,SUNLIT SCI,Equity,Equity Securities (Main Board),HKD
1290,1290.HK,CHINA HUIRONG,Equity,Equity Securities (Main Board),HKD
1292,1292.HK,CMA LOGISTICS,Equity,Equity Securities (Main Board),HKD
1293,1293.HK,GRAND BAOXIN,Equity,Equity Securities (Main Board),HKD
1298,1298.HK,YUNNAN ENERGY,Equity,Equity Securities (Main Board),HKD
1299,1299.HK,AIA,Equity,Equity Securities (Main Board),HKD
1300,1300.HK,TRIGIANT,Equity,Equity Securities (Main Board),HKD
1301,1301.HK,D&G TECH,Equity,Equity Securities (Main Board),HKD
1302,1302.HK,LIFETECH SCI,Equity,Equity Securities (Main Board),HKD
1303,1303.HK,HUILI RES,Equity,Equity Securities (Main Board),HKD
1304,1304.HK,FORTIOR,Equity,Equity Securities (Main Board),HKD
1305,1305.HK,WAI CHI HOLD,Equity,Equity Securities (Main Board),HKD
1308,1308.HK,SITC,Equity,Equity Securities (Main Board),HKD
1310,1310.HK,HKBN,Equity,Equity Securities (Main Board),HKD
1312,1312.HK,KONTA CHINA,Equity,Equity Securities (Main Board),HKD
1313,1313.HK,CR BLDG MAT TEC,Equity,Equity Securities (Main Board),HKD
1314,1314.HK,TSUI WAH HLDG,Equity,Equity Securities (Main Board),HKD
1315,1315.HK,GREEN ECONOMY,Equity,Equity Securities (Main Board),HKD
1316,1316.HK,NEXTEER,Equity,Equity Securities (Main Board),HKD
1317,1317.HK,MAPLELEAF EDU,Equity,Equity Securities (Main Board),HKD
1318,1318.HK,MAO GEPING,Equity,Equity Securities (Main Board),HKD
1319,1319.HK,OIWAHPAWN,Equity,Equity Securities (Main Board),HKD
1321,1321.HK,CHINA NEWCITY,Equity,Equity Securities (Main Board),HKD
1323,1323.HK,HUASHENG INTL,Equity,Equity Securities (Main Board),HKD
1326,1326.HK,TRANSMIT ENT,Equity,Equity Securities (Main Board),HKD
1327,1327.HK,LUXXU GROUP,Equity,Equity Securities (Main Board),HKD
1328,1328.HK,GOLDSTREAM INV,Equity,Equity Securities (Main Board),HKD
1330,1330.HK,DYNAGREEN ENV,Equity,Equity Securities (Main Board),HKD
1332,1332.HK,TOUYUN BIOTECH,Equity,Equity Securities (Main Board),HKD
1333,1333.HK,BRETON,Equity,Equity Securities (Main Board),HKD
1334,1334.HK,RUICHANG INTL,Equity,Equity Securities (Main Board),HKD
1335,1335.HK,SHEEN TAI,Equity,Equity Securities (Main Board),HKD
1336,1336.HK,NCI,Equity,Equity Securities (Main Board),HKD
1338,1338.HK,BAWANG GROUP,Equity,Equity Securities (Main Board),HKD
1339,1339.HK,PICC GROUP,Equity,Equity Securities (Main Board),HKD
1340,1340.HK,HUISHENG I-NEW,Equity,Equity Securities (Main Board),HKD
1341,1341.HK,HAO TIAN INTL,Equity,Equity Securities (Main Board),HKD
1343,1343.HK,WEI YUAN HLDG,Equity,Equity Securities (Main Board),HKD
1345,1345.HK,SH PIONEER HLDG,Equity,Equity Securities (Main Board),HKD
1346,1346.HK,LEVER STYLE,Equity,Equity Securities (Main Board),HKD
1347,1347.HK,HUA HONG GRACE,Equity,Equity Securities (Main Board),HKD
1348,1348.HK,QUALI-SMART,Equity,Equity Securities (Main Board),HKD
1349,1349.HK,FUDANZHANGJIANG,Equity,Equity Securities (Main Board),HKD
1351,1351.HK,BRIGHT FUTURE,Equity,Equity Securities (Main Board),HKD
1354,1354.HK,KINGFARPROPERTY,Equity,Equity Securities (Main Board),HKD
1355,1355.HK,BIOSYSEN,Equity,Equity Securities (Main Board),HKD
1357,1357.HK,MEITU,Equity,Equity Securities (Main Board),HKD
1358,1358.HK,PW MEDTECH,Equity,Equity Securities (Main Board),HKD
1359,1359.HK,CHINA CINDA,Equity,Equity Securities (Main Board),HKD
1361,1361.HK,361 DEGREES,Equity,Equity Securities (Main Board),HKD
1362,1362.HK,SIS MOBILE,Equity,Equity Securities (Main Board),HKD
1364,1364.HK,GUMING,Equity,Equity Securities (Main Board),HKD
1368,1368.HK,XTEP INT'L,Equity,Equity Securities (Main Board),HKD
1370,1370.HK,AOWEI HOLDING,Equity,Equity Securities (Main Board),HKD
1371,1371.HK,CN ECOTOUR-NEW,Equity,Equity Securities (Main Board),HKD
1372,1372.HK,C CARBONNEUTRAL,Equity,Equity Securities (Main Board),HKD
1373,1373.HK,IH RETAIL,Equity,Equity Securities (Main Board),HKD
1375,1375.HK,CC SECURITIES,Equity,Equity Securities (Main Board),HKD
1376,1376.HK,RAFFLESINTERIOR,Equity,Equity Securities (Main Board),HKD
1377,1377.HK,DTECH,Equity,Equity Securities (Main Board),HKD
1378,1378.HK,CHINAHONGQIAO,Equity,Equity Securities (Main Board),HKD
1379,1379.HK,WENLING MCT,Equity,Equity Securities (Main Board),HKD
1380,1380.HK,CHI KINGSTONE,Equity,Equity Securities (Main Board),HKD
1382,1382.HK,PACIFICTEXTILES,Equity,Equity Securities (Main Board),HKD
1384,1384.HK,DEEPEXI TECH,Equity,Equity Securities (Main Board),HKD
1385,1385.HK,SHANGHAI FUDAN,Equity,Equity Securities (Main Board),HKD
1388,1388.HK,EMBRY HOLDINGS,Equity,Equity Securities (Main Board),HKD
1389,1389.HK,MAJOR HLDGS,Equity,Equity Securities (Main Board),HKD
1392,1392.HK,HQVT,Equity,Equity Securities (Main Board),HKD
1393,1393.HK,HIDILI INDUSTRY,Equity,Equity Securities (Main Board),HKD
1395,1395.HK,ELL ENV,Equity,Equity Securities (Main Board),HKD
1396,1396.HK,GBA AI COMP,Equity,Equity Securities (Main Board),HKD
1397,1397.HK,BAGUIO GREEN,Equity,Equity Securities (Main Board),HKD
1398,1398.HK,ICBC,Equity,Equity Securities (Main Board),HKD
1399,1399.HK,VESON HLDG,Equity,Equity Securities (Main Board),HKD
1400,1400.HK,MOODY TECH HLDG,Equity,Equity Securities (Main Board),HKD
1401,1401.HK,FUTURE MACH LTD,Equity,Equity Securities (Main Board),HKD
1402,1402.HK,I-CONTROL,Equity,Equity Securities (Main Board),HKD
1405,1405.HK,DPC DASH,Equity,Equity Securities (Main Board),HKD
1406,1406.HK,CLARITY MEDICAL,Equity,Equity Securities (Main Board),HKD
1407,1407.HK,JY GAS,Equity,Equity Securities (Main Board),HKD
1408,1408.HK,MACAU E&M,Equity,Equity Securities (Main Board),HKD
1410,1410.HK,EDVANCE INTL,Equity,Equity Securities (Main Board),HKD
1412,1412.HK,Q P GROUP,Equity,Equity Securities (Main Board),HKD
1413,1413.HK,FEG HOLDINGS,Equity,Equity Securities (Main Board),HKD
1415,1415.HK,COWELL,Equity,Equity Securities (Main Board),HKD
1416,1416.HK,CTR HOLDINGS,Equity,Equity Securities (Main Board),HKD
1417,1417.HK,RIVERINE CHINA,Equity,Equity Securities (Main Board),HKD
1418,1418.HK,SINOMAX GROUP,Equity,Equity Securities (Main Board),HKD
1419,1419.HK,HUMAN HEALTH,Equity,Equity Securities (Main Board),HKD
1420,1420.HK,CHUAN HOLDING,Equity,Equity Securities (Main Board),HKD
1421,1421.HK,PROSP GP INTL,Equity,Equity Securities (Main Board),HKD
1425,1425.HK,JUSTIN ALLEN H,Equity,Equity Securities (Main Board),HKD
1426,1426.HK,SPRING REIT,Real Estate Investment Trusts,,HKD
1427,1427.HK,CH TIANBAO GP,Equity,Equity Securities (Main Board),HKD
1428,1428.HK,BRIGHT SMART,Equity,Equity Securities (Main Board),HKD
1429,1429.HK,SKYMISSION GP,Equity,Equity Securities (Main Board),HKD
1431,1431.HK,YST DAIRY,Equity,Equity Securities (Main Board),HKD
1432,1432.HK,CHINA SHENGMU,Equity,Equity Securities (Main Board),HKD
1433,1433.HK,CIRTEK HLDGS,Equity,Equity Securities (Main Board),HKD
1440,1440.HK,STAR SHINE HLDG,Equity,Equity Securities (Main Board),HKD
1442,1442.HK,INFINITY L&T,Equity,Equity Securities (Main Board),HKD
1443,1443.HK,FULUM GP HLDG,Equity,Equity Securities (Main Board),HKD
1446,1446.HK,HUNGFOOKTONG,Equity,Equity Securities (Main Board),HKD
1447,1447.HK,SFK,Equity,Equity Securities (Main Board),HKD
1448,1448.HK,FU SHOU YUAN,Equity,Equity Securities (Main Board),HKD
1449,1449.HK,LEADER EDU,Equity,Equity Securities (Main Board),HKD
1450,1450.HK,BE FRIENDS HLDG,Equity,Equity Securities (Main Board),HKD
1451,1451.HK,MS GROUP HLDGS,Equity,Equity Securities (Main Board),HKD
1452,1452.HK,DENOX ENV,Equity,Equity Securities (Main Board),HKD
1455,1455.HK,FOURACE IND GP,Equity,Equity Securities (Main Board),HKD
1456,1456.HK,GLMS SEC,Equity,Equity Securities (Main Board),HKD
1458,1458.HK,ZHOU HEI YA,Equity,Equity Securities (Main Board),HKD
1459,1459.HK,JUJIANG CONS,Equity,Equity Securities (Main Board),HKD
1460,1460.HK,ICO GROUP,Equity,Equity Securities (Main Board),HKD
1461,1461.HK,ZHONGTAIFUTURES,Equity,Equity Securities (Main Board),HKD
1463,1463.HK,C-LINK SQ,Equity,Equity Securities (Main Board),HKD
1466,1466.HK,BAIJIN LIFE SCI,Equity,Equity Securities (Main Board),HKD
1468,1468.HK,JAKOTA CAPITAL,Equity,Equity Securities (Main Board),HKD
1470,1470.HK,PROSPER ONE,Equity,Equity Securities (Main Board),HKD
1471,1471.HK,ZHONGMIAO,Equity,Equity Securities (Main Board),HKD
1472,1472.HK,SANG HING HLDGS,Equity,Equity Securities (Main Board),HKD
1473,1473.HK,PANGAEA CONNECT,Equity,Equity Securities (Main Board),HKD
1475,1475.HK,NISSIN FOODS,Equity,Equity Securities (Main Board),HKD
1476,1476.HK,FIN STREET SEC,Equity,Equity Securities (Main Board),HKD
1477,1477.HK,OCUMENSION-B,Equity,Equity Securities (Main Board),HKD
1478,1478.HK,Q TECH,Equity,Equity Securities (Main Board),HKD
1480,1480.HK,YAN TAT GROUP,Equity,Equity Securities (Main Board),HKD
1481,1481.HK,SMART GLOBE,Equity,Equity Securities (Main Board),HKD
1483,1483.HK,NET-A-GO TECH,Equity,Equity Securities (Main Board),HKD
1486,1486.HK,C CHENG HLDGS,Equity,Equity Securities (Main Board),HKD
1488,1488.HK,BEST FOOD HLDG,Equity,Equity Securities (Main Board),HKD
1489,1489.HK,GC CONSTRUCTION,Equity,Equity Securities (Main Board),HKD
1490,1490.HK,AI X TECH,Equity,Equity Securities (Main Board),HKD
1496,1496.HK,AP RENTALS,Equity,Equity Securities (Main Board),HKD
1497,1497.HK,YAN PALACE,Equity,Equity Securities (Main Board),HKD
1498,1498.HK,PURAPHARM,Equity,Equity Securities (Main Board),HKD
1499,1499.HK,OKG TECH,Equity,Equity Securities (Main Board),HKD
1500,1500.HK,INCON,Equity,Equity Securities (Main Board),HKD
1501,1501.HK,INT MEDICAL,Equity,Equity Securities (Main Board),HKD
1502,1502.HK,FIN STREET PPT,Equity,Equity Securities (Main Board),HKD
1503,1503.HK,CMC REIT,Real Estate Investment Trusts,,HKD
1508,1508.HK,CHINA RE,Equity,Equity Securities (Main Board),HKD
1511,1511.HK,UISEE TECH,Equity,Equity Securities (Main Board),HKD
1513,1513.HK,LIVZON PHARMA,Equity,Equity Securities (Main Board),HKD
1515,1515.HK,CR MEDICAL,Equity,Equity Securities (Main Board),HKD
1516,1516.HK,SUNAC SERVICES,Equity,Equity Securities (Main Board),HKD
1518,1518.HK,NC HEALTHCARE,Equity,Equity Securities (Main Board),HKD
1519,1519.HK,J&T EXPRESS-W,Equity,Equity Securities (Main Board),HKD
1520,1520.HK,VIRTUAL MIND,Equity,Equity Securities (Main Board),HKD
1521,1521.HK,FRONTAGE,Equity,Equity Securities (Main Board),HKD
1522,1522.HK,BII TRANS TECH,Equity,Equity Securities (Main Board),HKD
1523,1523.HK,PLOVER BAY TECH,Equity,Equity Securities (Main Board),HKD
1525,1525.HK,GENCH EDU,Equity,Equity Securities (Main Board),HKD
1526,1526.HK,RICI HEALTH,Equity,Equity Securities (Main Board),HKD
1527,1527.HK,TENGY ENV,Equity,Equity Securities (Main Board),HKD
1528,1528.HK,RS MACALLINE,Equity,Equity Securities (Main Board),HKD
1529,1529.HK,YUES INTL HLDG,Equity,Equity Securities (Main Board),HKD
1530,1530.HK,3SBIO,Equity,Equity Securities (Main Board),HKD
1532,1532.HK,CHINA PARTYTIME,Equity,Equity Securities (Main Board),HKD
1536,1536.HK,YUK WING GP,Equity,Equity Securities (Main Board),HKD
1538,1538.HK,ZHONG AO HOME,Equity,Equity Securities (Main Board),HKD
1539,1539.HK,UNITY GP HLDGS,Equity,Equity Securities (Main Board),HKD
1540,1540.HK,LEFTFIELD PRINT,Equity,Equity Securities (Main Board),HKD
1541,1541.HK,IMMUNEONCO-B,Equity,Equity Securities (Main Board),HKD
1542,1542.HK,TAIZHOU WATER,Equity,Equity Securities (Main Board),HKD
1543,1543.HK,JOIN-SHARE,Equity,Equity Securities (Main Board),HKD
1545,1545.HK,DESIGN CAPITAL,Equity,Equity Securities (Main Board),HKD
1546,1546.HK,THELLOY DEV,Equity,Equity Securities (Main Board),HKD
1547,1547.HK,IBI GROUP HLDGS,Equity,Equity Securities (Main Board),HKD
1548,1548.HK,GENSCRIPT BIO,Equity,Equity Securities (Main Board),HKD
1549,1549.HK,EVER HARVEST GP,Equity,Equity Securities (Main Board),HKD
1551,1551.HK,GRCB,Equity,Equity Securities (Main Board),HKD
1552,1552.HK,BHCC HOLDING,Equity,Equity Securities (Main Board),HKD
1553,1553.HK,MAIKE TUBE,Equity,Equity Securities (Main Board),HKD
1555,1555.HK,MIE HOLDINGS,Equity,Equity Securities (Main Board),HKD
1556,1556.HK,CHINNEY KW,Equity,Equity Securities (Main Board),HKD
1557,1557.HK,K.H. GP HLDGS,Equity,Equity Securities (Main Board),HKD
1559,1559.HK,KWAN ON HLDGS,Equity,Equity Securities (Main Board),HKD
1560,1560.HK,STAR GROUP ASIA,Equity,Equity Securities (Main Board),HKD
1561,1561.HK,PAN ASIA DATA H,Equity,Equity Securities (Main Board),HKD
1563,1563.HK,ALLI INTL ED LE,Equity,Equity Securities (Main Board),HKD
1565,1565.HK,VIRSCEND EDU,Equity,Equity Securities (Main Board),HKD
1566,1566.HK,CA CULTURAL,Equity,Equity Securities (Main Board),HKD
1568,1568.HK,SUNDART HLDGS,Equity,Equity Securities (Main Board),HKD
1569,1569.HK,MINSHENG EDU,Equity,Equity Securities (Main Board),HKD
1570,1570.HK,WEIYE HOLDINGS,Equity,Equity Securities (Main Board),HKD
1571,1571.HK,XIN POINT HOLD,Equity,Equity Securities (Main Board),HKD
1572,1572.HK,CHINA ART FIN,Equity,Equity Securities (Main Board),HKD
1575,1575.HK,REGAL PARTNERS,Equity,Equity Securities (Main Board),HKD
1576,1576.HK,QILU EXPRESSWAY,Equity,Equity Securities (Main Board),HKD
1577,1577.HK,HUIXIN CREDIT,Equity,Equity Securities (Main Board),HKD
1578,1578.HK,BANK OF TIANJIN,Equity,Equity Securities (Main Board),HKD
1579,1579.HK,YIHAI INTL,Equity,Equity Securities (Main Board),HKD
1580,1580.HK,DA SEN HLDGS,Equity,Equity Securities (Main Board),HKD
1581,1581.HK,PROGRESSIVE P,Equity,Equity Securities (Main Board),HKD
1582,1582.HK,CR CONSTRUCTION,Equity,Equity Securities (Main Board),HKD
1583,1583.HK,QINQIN FOODS,Equity,Equity Securities (Main Board),HKD
1585,1585.HK,YADEA,Equity,Equity Securities (Main Board),HKD
1586,1586.HK,LEON INSPECTION,Equity,Equity Securities (Main Board),HKD
1587,1587.HK,SHINEROAD INTL,Equity,Equity Securities (Main Board),HKD
1588,1588.HK,CHANJET,Equity,Equity Securities (Main Board),HKD
1591,1591.HK,SHUN WO GROUP,Equity,Equity Securities (Main Board),HKD
1592,1592.HK,ANCHORSTONE,Equity,Equity Securities (Main Board),HKD
1593,1593.HK,CHEN LIN EDU,Equity,Equity Securities (Main Board),HKD
1596,1596.HK,YICHEN IND,Equity,Equity Securities (Main Board),HKD
1597,1597.HK,NATURE ENERGY T,Equity,Equity Securities (Main Board),HKD
1598,1598.HK,21CENTURY EDU,Equity,Equity Securities (Main Board),HKD
1599,1599.HK,UCD,Equity,Equity Securities (Main Board),HKD
1600,1600.HK,TIAN LUN GAS,Equity,Equity Securities (Main Board),HKD
1601,1601.HK,ZGC TEC LEASING,Equity,Equity Securities (Main Board),HKD
1606,1606.HK,CDB LEASING,Equity,Equity Securities (Main Board),HKD
1608,1608.HK,VPOWER GROUP,Equity,Equity Securities (Main Board),HKD
1609,1609.HK,STAR SPORTS MED,Equity,Equity Securities (Main Board),HKD
1610,1610.HK,COFCO JOYCOME,Equity,Equity Securities (Main Board),HKD
1611,1611.HK,BITFIRE GROUP,Equity,Equity Securities (Main Board),HKD
1612,1612.HK,VINCENT MED,Equity,Equity Securities (Main Board),HKD
1613,1613.HK,SYNERTONE,Equity,Equity Securities (Main Board),HKD
1615,1615.HK,AB BUILDERS,Equity,Equity Securities (Main Board),HKD
1616,1616.HK,A METAVERSE,Equity,Equity Securities (Main Board),HKD
1617,1617.HK,NANFANG COMM,Equity,Equity Securities (Main Board),HKD
1618,1618.HK,MCC,Equity,Equity Securities (Main Board),HKD
1620,1620.HK,CINESE INTL,Equity,Equity Securities (Main Board),HKD
1621,1621.HK,VICO INTL HLDGS,Equity,Equity Securities (Main Board),HKD
1622,1622.HK,REDCO GROUP,Equity,Equity Securities (Main Board),HKD
1623,1623.HK,HILONG,Equity,Equity Securities (Main Board),HKD
1626,1626.HK,JIA YAO HLDGS,Equity,Equity Securities (Main Board),HKD
1627,1627.HK,ABLE ENG HLDGS,Equity,Equity Securities (Main Board),HKD
1628,1628.HK,YUZHOU GROUP,Equity,Equity Securities (Main Board),HKD
1629,1629.HK,CHAMP ALLI INTL,Equity,Equity Securities (Main Board),HKD
1630,1630.HK,KIN SHING HLDGS,Equity,Equity Securities (Main Board),HKD
1631,1631.HK,REF HOLDINGS,Equity,Equity Securities (Main Board),HKD
1632,1632.HK,MSCTECH,Equity,Equity Securities (Main Board),HKD
1633,1633.HK,SHEUNG YUE GP,Equity,Equity Securities (Main Board),HKD
1635,1635.HK,DZUG,Equity,Equity Securities (Main Board),HKD
1636,1636.HK,CMRU,Equity,Equity Securities (Main Board),HKD
1637,1637.HK,SH GROUP HLDG,Equity,Equity Securities (Main Board),HKD
1638,1638.HK,KAISA GROUP,Equity,Equity Securities (Main Board),HKD
1640,1640.HK,QIAN XUN TECH,Equity,Equity Securities (Main Board),HKD
1641,1641.HK,HX COLDCHAIN,Equity,Equity Securities (Main Board),HKD
1643,1643.HK,MODERN CHI MED,Equity,Equity Securities (Main Board),HKD
1645,1645.HK,HAINA INTEL,Equity,Equity Securities (Main Board),HKD
1647,1647.HK,GRANDSHORES,Equity,Equity Securities (Main Board),HKD
1650,1650.HK,HYGIEIA GROUP,Equity,Equity Securities (Main Board),HKD
1651,1651.HK,TSUGAMI CHI-500,Equity,Equity Securities (Main Board),HKD
1652,1652.HK,FUSEN PHARM,Equity,Equity Securities (Main Board),HKD
1653,1653.HK,MOS HOUSE,Equity,Equity Securities (Main Board),HKD
1655,1655.HK,OKURA HOLDINGS,Equity,Equity Securities (Main Board),HKD
1656,1656.HK,ISDN HOLDINGS,Equity,Equity Securities (Main Board),HKD
1657,1657.HK,SG GROUP HLDGS,Equity,Equity Securities (Main Board),HKD
1658,1658.HK,PSBC,Equity,Equity Securities (Main Board),HKD
1660,1660.HK,SEVEN ELEMENTS,Equity,Equity Securities (Main Board),HKD
1661,1661.HK,CH FRONTIER TEC,Equity,Equity Securities (Main Board),HKD
1662,1662.HK,YEE HOP HLDGS,Equity,Equity Securities (Main Board),HKD
1663,1663.HK,S HARBOURHOLD,Equity,Equity Securities (Main Board),HKD
1666,1666.HK,TONG REN TANG,Equity,Equity Securities (Main Board),HKD
1667,1667.HK,DIMMI LIFE HLDG,Equity,Equity Securities (Main Board),HKD
1668,1668.HK,CHINASOUTHCITY,Equity,Equity Securities (Main Board),HKD
1669,1669.HK,GIC GROUP,Equity,Equity Securities (Main Board),HKD
1671,1671.HK,TIANBAO ENERGY,Equity,Equity Securities (Main Board),HKD
1672,1672.HK,ASCLETIS-B,Equity,Equity Securities (Main Board),HKD
1673,1673.HK,HUAZHANG TECH,Equity,Equity Securities (Main Board),HKD
1675,1675.HK,ASIAINFO TECH,Equity,Equity Securities (Main Board),HKD
1676,1676.HK,GAODI HOLDINGS,Equity,Equity Securities (Main Board),HKD
1679,1679.HK,RISECOMM GP,Equity,Equity Securities (Main Board),HKD
1680,1680.HK,MACAU LEGEND,Equity,Equity Securities (Main Board),HKD
1681,1681.HK,CONSUN PHARMA,Equity,Equity Securities (Main Board),HKD
1682,1682.HK,HP LIVING TECH,Equity,Equity Securities (Main Board),HKD
1683,1683.HK,HOPE LIFE INT,Equity,Equity Securities (Main Board),HKD
1685,1685.HK,BOER POWER,Equity,Equity Securities (Main Board),HKD
1686,1686.HK,SUNEVISION,Equity,Equity Securities (Main Board),HKD
1688,1688.HK,LINGYI ITECH,Equity,Equity Securities (Main Board),HKD
1689,1689.HK,HUAXIHOLDINGS,Equity,Equity Securities (Main Board),HKD
1690,1690.HK,LAP KEI ENGRG,Equity,Equity Securities (Main Board),HKD
1691,1691.HK,JS GLOBAL LIFE,Equity,Equity Securities (Main Board),HKD
1692,1692.HK,TOWNRAY HLDGS,Equity,Equity Securities (Main Board),HKD
1693,1693.HK,BGMC,Equity,Equity Securities (Main Board),HKD
1695,1695.HK,S&P INTL HLDG,Equity,Equity Securities (Main Board),HKD
1696,1696.HK,SISRAM MED,Equity,Equity Securities (Main Board),HKD
1697,1697.HK,SDITC,Equity,Equity Securities (Main Board),HKD
1698,1698.HK,TME-SW,Equity,Equity Securities (Main Board),HKD
1701,1701.HK,TU YI HLDG,Equity,Equity Securities (Main Board),HKD
1702,1702.HK,DONGGUANG CHEM,Equity,Equity Securities (Main Board),HKD
1703,1703.HK,EASYHOLD GROUP,Equity,Equity Securities (Main Board),HKD
1705,1705.HK,B & S INTL HLDG,Equity,Equity Securities (Main Board),HKD
1707,1707.HK,GEOTECH HLDGS,Equity,Equity Securities (Main Board),HKD
1708,1708.HK,SAMPLE TECH,Equity,Equity Securities (Main Board),HKD
1709,1709.HK,DL HOLDINGS GP,Equity,Equity Securities (Main Board),HKD
1710,1710.HK,TRIO IND ELEC,Equity,Equity Securities (Main Board),HKD
1711,1711.HK,ULFERTS,Equity,Equity Securities (Main Board),HKD
1712,1712.HK,DRAGON MINING,Equity,Equity Securities (Main Board),HKD
1713,1713.HK,SICHUAN EN INV,Equity,Equity Securities (Main Board),HKD
1715,1715.HK,AI HEALTH TECH,Equity,Equity Securities (Main Board),HKD
1716,1716.HK,MOST KWAI CHUNG,Equity,Equity Securities (Main Board),HKD
1717,1717.HK,AUSNUTRIA,Equity,Equity Securities (Main Board),HKD
1718,1718.HK,WAN KEI GROUP,Equity,Equity Securities (Main Board),HKD
1719,1719.HK,CIL GROUP,Equity,Equity Securities (Main Board),HKD
1720,1720.HK,PUTIAN COMM,Equity,Equity Securities (Main Board),HKD
1721,1721.HK,FSM HOLDINGS,Equity,Equity Securities (Main Board),HKD
1722,1722.HK,KIN PANG HLDGS,Equity,Equity Securities (Main Board),HKD
1723,1723.HK,MOON INC,Equity,Equity Securities (Main Board),HKD
1725,1725.HK,C STRATEGIC TEC,Equity,Equity Securities (Main Board),HKD
1726,1726.HK,HKE HOLDINGS,Equity,Equity Securities (Main Board),HKD
1727,1727.HK,HEBEI CONS,Equity,Equity Securities (Main Board),HKD
1728,1728.HK,ZHENGTONGAUTO,Equity,Equity Securities (Main Board),HKD
1729,1729.HK,TIME INTERCON,Equity,Equity Securities (Main Board),HKD
1731,1731.HK,PROSPEROUS IND,Equity,Equity Securities (Main Board),HKD
1732,1732.HK,XIANGXING TECH,Equity,Equity Securities (Main Board),HKD
1733,1733.HK,E-COMMODITIES,Equity,Equity Securities (Main Board),HKD
1735,1735.HK,CENTRAL NEW EGY,Equity,Equity Securities (Main Board),HKD
1736,1736.HK,PARENTING NET,Equity,Equity Securities (Main Board),HKD
1737,1737.HK,A & S GROUP,Equity,Equity Securities (Main Board),HKD
1738,1738.HK,FS ANTHRACITE,Equity,Equity Securities (Main Board),HKD
1739,1739.HK,QEEKA HOME,Equity,Equity Securities (Main Board),HKD
1740,1740.HK,VALUES CULTURAL,Equity,Equity Securities (Main Board),HKD
1741,1741.HK,SHING CHI HLDGS,Equity,Equity Securities (Main Board),HKD
1742,1742.HK,HPC HOLDINGS,Equity,Equity Securities (Main Board),HKD
1745,1745.HK,LVJI TECH,Equity,Equity Securities (Main Board),HKD
1746,1746.HK,MAN SHUN GP,Equity,Equity Securities (Main Board),HKD
1747,1747.HK,HOME CONTROL,Equity,Equity Securities (Main Board),HKD
1748,1748.HK,XIN YUAN ENT,Equity,Equity Securities (Main Board),HKD
1749,1749.HK,SHANSHAN,Equity,Equity Securities (Main Board),HKD
1750,1750.HK,REM GROUP HLDGS,Equity,Equity Securities (Main Board),HKD
1751,1751.HK,AI ENERGY ENG,Equity,Equity Securities (Main Board),HKD
1752,1752.HK,TOP EDUCATION,Equity,Equity Securities (Main Board),HKD
1753,1753.HK,DUIBA,Equity,Equity Securities (Main Board),HKD
1755,1755.HK,S-ENJOY SERVICE,Equity,Equity Securities (Main Board),HKD
1756,1756.HK,CHI SCI&EDU IND,Equity,Equity Securities (Main Board),HKD
1757,1757.HK,GLOBAL CHI BC,Equity,Equity Securities (Main Board),HKD
1758,1758.HK,BOJUN EDU,Equity,Equity Securities (Main Board),HKD
1759,1759.HK,SINO GAS HLDGS,Equity,Equity Securities (Main Board),HKD
1760,1760.HK,INTRON TECH,Equity,Equity Securities (Main Board),HKD
1762,1762.HK,WANKA ONLINE,Equity,Equity Securities (Main Board),HKD
1763,1763.HK,CIRC,Equity,Equity Securities (Main Board),HKD
1765,1765.HK,XJ INTL HLDGS,Equity,Equity Securities (Main Board),HKD
1766,1766.HK,CRRC,Equity,Equity Securities (Main Board),HKD
1767,1767.HK,TS WONDERS,Equity,Equity Securities (Main Board),HKD
1768,1768.HK,BUSYMING,Equity,Equity Securities (Main Board),HKD
1769,1769.HK,SCHOLAR EDU,Equity,Equity Securities (Main Board),HKD
1770,1770.HK,DKE,Equity,Equity Securities (Main Board),HKD
1771,1771.HK,SUNFONDA GP,Equity,Equity Securities (Main Board),HKD
1772,1772.HK,GANFENGLITHIUM,Equity,Equity Securities (Main Board),HKD
1773,1773.HK,TIANLI INT HLDG,Equity,Equity Securities (Main Board),HKD
1775,1775.HK,BEXCELLENT GP,Equity,Equity Securities (Main Board),HKD
1776,1776.HK,GF SEC,Equity,Equity Securities (Main Board),HKD
1777,1777.HK,FANTASIA,Equity,Equity Securities (Main Board),HKD
1778,1778.HK,COLOUR LIFE,Equity,Equity Securities (Main Board),HKD
1779,1779.HK,LONGBIO-B,Equity,Equity Securities (Main Board),HKD
1780,1780.HK,RONGZUN INT'L H,Equity,Equity Securities (Main Board),HKD
1782,1782.HK,IB DIGITAL TECH,Equity,Equity Securities (Main Board),HKD
1783,1783.HK,ENVISION GREEN,Equity,Equity Securities (Main Board),HKD
1785,1785.HK,CHENGDU EXPWAY,Equity,Equity Securities (Main Board),HKD
1786,1786.HK,CRCCE,Equity,Equity Securities (Main Board),HKD
1787,1787.HK,SD GOLD,Equity,Equity Securities (Main Board),HKD
1788,1788.HK,GUOTAI JUNAN I,Equity,Equity Securities (Main Board),HKD
1789,1789.HK,AK MEDICAL,Equity,Equity Securities (Main Board),HKD
1790,1790.HK,TIL ENVIRO,Equity,Equity Securities (Main Board),HKD
1792,1792.HK,CMON,Equity,Equity Securities (Main Board),HKD
1793,1793.HK,WECON HOLDINGS,Equity,Equity Securities (Main Board),HKD
1795,1795.HK,YADONG GROUP,Equity,Equity Securities (Main Board),HKD
1796,1796.HK,METASPACEX,Equity,Equity Securities (Main Board),HKD
1797,1797.HK,EAST BUY,Equity,Equity Securities (Main Board),HKD
1798,1798.HK,DATANG RENEW,Equity,Equity Securities (Main Board),HKD
1799,1799.HK,XINTE ENERGY,Equity,Equity Securities (Main Board),HKD
1800,1800.HK,CHINA COMM CONS,Equity,Equity Securities (Main Board),HKD
1801,1801.HK,INNOVENT BIO,Equity,Equity Securities (Main Board),HKD
1802,1802.HK,WENYE GROUP,Equity,Equity Securities (Main Board),HKD
1803,1803.HK,BJ SPORTS & ENT,Equity,Equity Securities (Main Board),HKD
1808,1808.HK,ENTERPRISE DEV,Equity,Equity Securities (Main Board),HKD
1809,1809.HK,PRINX CHENGSHAN,Equity,Equity Securities (Main Board),HKD
1810,1810.HK,XIAOMI-W,Equity,Equity Securities (Main Board),HKD
1811,1811.HK,CGN NEW ENERGY,Equity,Equity Securities (Main Board),HKD
1812,1812.HK,CHENMING PAPER,Equity,Equity Securities (Main Board),HKD
1813,1813.HK,KWG GROUP,Equity,Equity Securities (Main Board),HKD
1815,1815.HK,EVEREST GOLD,Equity,Equity Securities (Main Board),HKD
1816,1816.HK,CGN POWER,Equity,Equity Securities (Main Board),HKD
1817,1817.HK,MULSANNE GROUP,Equity,Equity Securities (Main Board),HKD
1818,1818.HK,ZHAOJIN MINING,Equity,Equity Securities (Main Board),HKD
1820,1820.HK,PM PACKAGING,Equity,Equity Securities (Main Board),HKD
1822,1822.HK,CHINA WOOD INT,Equity,Equity Securities (Main Board),HKD
1823,1823.HK,HUAYUEXPRESSWAY,Equity,Equity Securities (Main Board),HKD
1825,1825.HK,STERLING GP,Equity,Equity Securities (Main Board),HKD
1826,1826.HK,FDB HOLDINGS,Equity,Equity Securities (Main Board),HKD
1827,1827.HK,MIRICOR,Equity,Equity Securities (Main Board),HKD
1828,1828.HK,FWD,Equity,Equity Securities (Main Board),HKD
1830,1830.HK,PERFECT MEDICAL,Equity,Equity Securities (Main Board),HKD
1831,1831.HK,SHIFANG HLDG,Equity,Equity Securities (Main Board),HKD
1832,1832.HK,SAI LEISURE,Equity,Equity Securities (Main Board),HKD
1833,1833.HK,PA GOODDOCTOR,Equity,Equity Securities (Main Board),HKD
1835,1835.HK,REALWAY CAPITAL,Equity,Equity Securities (Main Board),HKD
1836,1836.HK,STELLA HOLDINGS,Equity,Equity Securities (Main Board),HKD
1837,1837.HK,NATURAL FOOD IH,Equity,Equity Securities (Main Board),HKD
1841,1841.HK,A.PLUS GROUP,Equity,Equity Securities (Main Board),HKD
1842,1842.HK,GROWN UP GROUP,Equity,Equity Securities (Main Board),HKD
1843,1843.HK,SNACK EMPIRE,Equity,Equity Securities (Main Board),HKD
1845,1845.HK,WG ENV TECH,Equity,Equity Securities (Main Board),HKD
1846,1846.HK,EUROEYES,Equity,Equity Securities (Main Board),HKD
1847,1847.HK,GHPC,Equity,Equity Securities (Main Board),HKD
1848,1848.HK,CALC,Equity,Equity Securities (Main Board),HKD
1849,1849.HK,AM GROUP,Equity,Equity Securities (Main Board),HKD
1850,1850.HK,BEAUTIFULLIFEGP,Equity,Equity Securities (Main Board),HKD
1851,1851.HK,GINGKO EDU,Equity,Equity Securities (Main Board),HKD
1853,1853.HK,CHUNCHENG HEAT,Equity,Equity Securities (Main Board),HKD
1854,1854.HK,CHINA WANTIAN,Equity,Equity Securities (Main Board),HKD
1855,1855.HK,ZONQING LTD,Equity,Equity Securities (Main Board),HKD
1856,1856.HK,ERNEST BOREL,Equity,Equity Securities (Main Board),HKD
1857,1857.HK,CEB WATER,Equity,Equity Securities (Main Board),HKD
1858,1858.HK,CHUNLI MEDICAL,Equity,Equity Securities (Main Board),HKD
1860,1860.HK,MOBVISTA,Equity,Equity Securities (Main Board),HKD
1861,1861.HK,PRECIOUS DRAGON,Equity,Equity Securities (Main Board),HKD
1862,1862.HK,JINGRUI HLDGS,Equity,Equity Securities (Main Board),HKD
1863,1863.HK,CHI LONGEVITY,Equity,Equity Securities (Main Board),HKD
1865,1865.HK,PENGO HLDG GP,Equity,Equity Securities (Main Board),HKD
1866,1866.HK,CHINA XLX FERT,Equity,Equity Securities (Main Board),HKD
1867,1867.HK,STD DEV GROUP,Equity,Equity Securities (Main Board),HKD
1868,1868.HK,NEO-NEON,Equity,Equity Securities (Main Board),HKD
1869,1869.HK,KAFELAKU COFFEE,Equity,Equity Securities (Main Board),HKD
1870,1870.HK,ACME INTL HLDGS,Equity,Equity Securities (Main Board),HKD
1871,1871.HK,CHINA ORIENTED,Equity,Equity Securities (Main Board),HKD
1872,1872.HK,GUAN CHAO HLDGS,Equity,Equity Securities (Main Board),HKD
1873,1873.HK,VIVA BIOTECH,Equity,Equity Securities (Main Board),HKD
1875,1875.HK,BIODLINK-B,Equity,Equity Securities (Main Board),HKD
1876,1876.HK,BUD APAC,Equity,Equity Securities (Main Board),HKD
1877,1877.HK,JUNSHI BIO,Equity,Equity Securities (Main Board),HKD
1878,1878.HK,SOUTHGOBI,Equity,Equity Securities (Main Board),HKD
1879,1879.HK,XIZHI TECH-P,Equity,Equity Securities (Main Board),HKD
1880,1880.HK,CTG DUTY-FREE,Equity,Equity Securities (Main Board),HKD
1881,1881.HK,REGAL REIT,Real Estate Investment Trusts,,HKD
1882,1882.HK,HAITIAN INT'L,Equity,Equity Securities (Main Board),HKD
1883,1883.HK,CITIC TELECOM,Equity,Equity Securities (Main Board),HKD
1884,1884.HK,EPRINT GROUP,Equity,Equity Securities (Main Board),HKD
1888,1888.HK,KB LAMINATES,Equity,Equity Securities (Main Board),HKD
1889,1889.HK,SANAI HEALTH GP,Equity,Equity Securities (Main Board),HKD
1890,1890.HK,CHINA KEPEI,Equity,Equity Securities (Main Board),HKD
1891,1891.HK,HENG HUP,Equity,Equity Securities (Main Board),HKD
1894,1894.HK,HANG YICK HLDGS,Equity,Equity Securities (Main Board),HKD
1895,1895.HK,XINYUAN PM,Equity,Equity Securities (Main Board),HKD
1896,1896.HK,MAOYAN ENT,Equity,Equity Securities (Main Board),HKD
1897,1897.HK,MILLIONHOPE IND,Equity,Equity Securities (Main Board),HKD
1898,1898.HK,CHINA COAL,Equity,Equity Securities (Main Board),HKD
1899,1899.HK,XINGDA INT'L,Equity,Equity Securities (Main Board),HKD
1900,1900.HK,CHINA ITS,Equity,Equity Securities (Main Board),HKD
1901,1901.HK,FEIYANG GROUP,Equity,Equity Securities (Main Board),HKD
1903,1903.HK,JBB BUILDERS,Equity,Equity Securities (Main Board),HKD
1905,1905.HK,HAITONG UT,Equity,Equity Securities (Main Board),HKD
1906,1906.HK,BONNY HLDG,Equity,Equity Securities (Main Board),HKD
1907,1907.HK,CHINA RISUN GP,Equity,Equity Securities (Main Board),HKD
1908,1908.HK,C&D INTL GROUP,Equity,Equity Securities (Main Board),HKD
1909,1909.HK,FIRE ROCK,Equity,Equity Securities (Main Board),HKD
1910,1910.HK,SAMSONITE,Equity,Equity Securities (Main Board),HKD
1911,1911.HK,CR HOLDINGS,Equity,Equity Securities (Main Board),HKD
1912,1912.HK,CONTEL,Equity,Equity Securities (Main Board),HKD
1913,1913.HK,PRADA,Equity,Equity Securities (Main Board),HKD
1915,1915.HK,TAIHE M-FIN,Equity,Equity Securities (Main Board),HKD
1916,1916.HK,JIANGXI BANK,Equity,Equity Securities (Main Board),HKD
1917,1917.HK,DOUMOB,Equity,Equity Securities (Main Board),HKD
1918,1918.HK,SUNAC,Equity,Equity Securities (Main Board),HKD
1919,1919.HK,COSCO SHIP HOLD,Equity,Equity Securities (Main Board),HKD
1920,1920.HK,JUNWEA GROUP,Equity,Equity Securities (Main Board),HKD
1921,1921.HK,DALIPAL HLDG,Equity,Equity Securities (Main Board),HKD
1925,1925.HK,KWUNGS AROMA,Equity,Equity Securities (Main Board),HKD
1927,1927.HK,JIUJIUWANG,Equity,Equity Securities (Main Board),HKD
1928,1928.HK,SANDS CHINA LTD,Equity,Equity Securities (Main Board),HKD
1929,1929.HK,CHOW TAI FOOK,Equity,Equity Securities (Main Board),HKD
1930,1930.HK,SHINELONG,Equity,Equity Securities (Main Board),HKD
1931,1931.HK,ETHK LABS INC.,Equity,Equity Securities (Main Board),HKD
1932,1932.HK,CPM GROUP,Equity,Equity Securities (Main Board),HKD
1933,1933.HK,ONEFORCE HLDGS,Equity,Equity Securities (Main Board),HKD
1935,1935.HK,JH EDUCATION,Equity,Equity Securities (Main Board),HKD
1936,1936.HK,RITAMIX,Equity,Equity Securities (Main Board),HKD
1937,1937.HK,JIACHEN HOLDING,Equity,Equity Securities (Main Board),HKD
1938,1938.HK,CHU KONG PIPE,Equity,Equity Securities (Main Board),HKD
1939,1939.HK,SHANGSHAN GOLD,Equity,Equity Securities (Main Board),HKD
1940,1940.HK,CGII HLDGS,Equity,Equity Securities (Main Board),HKD
1941,1941.HK,YE XING GROUP,Equity,Equity Securities (Main Board),HKD
1942,1942.HK,MOG DIGITECH,Equity,Equity Securities (Main Board),HKD
1943,1943.HK,KING'S STONE,Equity,Equity Securities (Main Board),HKD
1945,1945.HK,ZERO2IPO,Equity,Equity Securities (Main Board),HKD
1947,1947.HK,MEIHAO GROUP,Equity,Equity Securities (Main Board),HKD
1948,1948.HK,UJU HOLDING,Equity,Equity Securities (Main Board),HKD
1949,1949.HK,PLATT NERA,Equity,Equity Securities (Main Board),HKD
1950,1950.HK,DIWANG IND H,Equity,Equity Securities (Main Board),HKD
1951,1951.HK,JXR,Equity,Equity Securities (Main Board),HKD
1952,1952.HK,EVEREST MED,Equity,Equity Securities (Main Board),HKD
1953,1953.HK,RIMBACO,Equity,Equity Securities (Main Board),HKD
1955,1955.HK,JOHNSON HLDGS,Equity,Equity Securities (Main Board),HKD
1956,1956.HK,WENGE AI,Equity,Equity Securities (Main Board),HKD
1957,1957.HK,MBV INTL,Equity,Equity Securities (Main Board),HKD
1958,1958.HK,BAIC MOTOR,Equity,Equity Securities (Main Board),HKD
1959,1959.HK,ZHONG JU INVEST,Equity,Equity Securities (Main Board),HKD
1960,1960.HK,TBKS HLDGS,Equity,Equity Securities (Main Board),HKD
1961,1961.HK,INFINITIES TECH,Equity,Equity Securities (Main Board),HKD
1962,1962.HK,EVERGREEN PG,Equity,Equity Securities (Main Board),HKD
1963,1963.HK,BCQ,Equity,Equity Securities (Main Board),HKD
1965,1965.HK,LANDSEA LIFE,Equity,Equity Securities (Main Board),HKD
1966,1966.HK,CHINA SCE GROUP,Equity,Equity Securities (Main Board),HKD
1967,1967.HK,CONFIDENCE IN,Equity,Equity Securities (Main Board),HKD
1968,1968.HK,HINGTEX HLDGS,Equity,Equity Securities (Main Board),HKD
1969,1969.HK,CHINA CHUNLAI,Equity,Equity Securities (Main Board),HKD
1970,1970.HK,IMAX CHINA,Equity,Equity Securities (Main Board),HKD
1971,1971.HK,RSUN SER,Equity,Equity Securities (Main Board),HKD
1972,1972.HK,SWIREPROPERTIES,Equity,Equity Securities (Main Board),HKD
1973,1973.HK,TIAN TU CAPITAL,Equity,Equity Securities (Main Board),HKD
1975,1975.HK,SUN HING PRINT,Equity,Equity Securities (Main Board),HKD
1977,1977.HK,ANALOGUE HLDGS,Equity,Equity Securities (Main Board),HKD
1978,1978.HK,LH GROUP,Equity,Equity Securities (Main Board),HKD
1979,1979.HK,TEN PAO GROUP,Equity,Equity Securities (Main Board),HKD
1980,1980.HK,TIANGE,Equity,Equity Securities (Main Board),HKD
1981,1981.HK,CATHAY GP HLDGS,Equity,Equity Securities (Main Board),HKD
1982,1982.HK,NAMESON HLDGS,Equity,Equity Securities (Main Board),HKD
1983,1983.HK,LUZHOU BANK,Equity,Equity Securities (Main Board),HKD
1985,1985.HK,MICROWARE,Equity,Equity Securities (Main Board),HKD
1986,1986.HK,TSAKER NE,Equity,Equity Securities (Main Board),HKD
1987,1987.HK,BENG SOON MACH,Equity,Equity Securities (Main Board),HKD
1988,1988.HK,MINSHENG BANK,Equity,Equity Securities (Main Board),HKD
1989,1989.HK,DELTON,Equity,Equity Securities (Main Board),HKD
1991,1991.HK,TA YANG GROUP,Equity,Equity Securities (Main Board),HKD
1993,1993.HK,ASIARAY,Equity,Equity Securities (Main Board),HKD
1995,1995.HK,ES SERVICES,Equity,Equity Securities (Main Board),HKD
1996,1996.HK,RSUN PPT,Equity,Equity Securities (Main Board),HKD
1997,1997.HK,WHARF REIC,Equity,Equity Securities (Main Board),HKD
1999,1999.HK,MAN WAH HLDGS,Equity,Equity Securities (Main Board),HKD
2000,2000.HK,SIM TECH,Equity,Equity Securities (Main Board),HKD
2001,2001.HK,NEW HIGHER EDU,Equity,Equity Securities (Main Board),HKD
2002,2002.HK,SUNSHINE PAPER,Equity,Equity Securities (Main Board),HKD
2003,2003.HK,VCREDIT,Equity,Equity Securities (Main Board),HKD
2005,2005.HK,SSY GROUP,Equity,Equity Securities (Main Board),HKD
2007,2007.HK,COUNTRY GARDEN,Equity,Equity Securities (Main Board),HKD
2008,2008.HK,PHOENIX TV,Equity,Equity Securities (Main Board),HKD
2009,2009.HK,BBMG,Equity,Equity Securities (Main Board),HKD
2011,2011.HK,GILSTON GROUP,Equity,Equity Securities (Main Board),HKD
2012,2012.HK,SUNSHINE OIL,Equity,Equity Securities (Main Board),HKD
2013,2013.HK,WEIMOB INC,Equity,Equity Securities (Main Board),HKD
2015,2015.HK,LI AUTO-W,Equity,Equity Securities (Main Board),HKD
2016,2016.HK,CZBANK,Equity,Equity Securities (Main Board),HKD
2017,2017.HK,CHANHIGH,Equity,Equity Securities (Main Board),HKD
2018,2018.HK,AAC TECH,Equity,Equity Securities (Main Board),HKD
2020,2020.HK,ANTA SPORTS,Equity,Equity Securities (Main Board),HKD
2022,2022.HK,DIGIT HOLLYWOOD,Equity,Equity Securities (Main Board),HKD
2023,2023.HK,CHINA LUDAO,Equity,Equity Securities (Main Board),HKD
2025,2025.HK,RUIFENG POWER,Equity,Equity Securities (Main Board),HKD
2026,2026.HK,PONY-W,Equity,Equity Securities (Main Board),HKD
2028,2028.HK,JOLIMARK,Equity,Equity Securities (Main Board),HKD
2030,2030.HK,CABBEEN,Equity,Equity Securities (Main Board),HKD
2031,2031.HK,AUSUPREME,Equity,Equity Securities (Main Board),HKD
2033,2033.HK,TIME WATCH,Equity,Equity Securities (Main Board),HKD
2038,2038.HK,FIH,Equity,Equity Securities (Main Board),HKD
2039,2039.HK,CIMC,Equity,Equity Securities (Main Board),HKD
2048,2048.HK,E-HOUSE ENT,Equity,Equity Securities (Main Board),HKD
2050,2050.HK,SANHUA,Equity,Equity Securities (Main Board),HKD
2051,2051.HK,VALA,Equity,Equity Securities (Main Board),HKD
2057,2057.HK,ZTO EXPRESS-W,Equity,Equity Securities (Main Board),HKD
2068,2068.HK,CHALIECO,Equity,Equity Securities (Main Board),HKD
2076,2076.HK,BOSS ZHIPIN-W,Equity,Equity Securities (Main Board),HKD
2078,2078.HK,PANASIALUM,Equity,Equity Securities (Main Board),HKD
2080,2080.HK,AUX INTL,Equity,Equity Securities (Main Board),HKD
2086,2086.HK,LEADWAY TECH,Equity,Equity Securities (Main Board),HKD
2088,2088.HK,XIWANG PROPERTY,Equity,Equity Securities (Main Board),HKD
2096,2096.HK,SIMCERE PHARMA,Equity,Equity Securities (Main Board),HKD
2097,2097.HK,MIXUE GROUP,Equity,Equity Securities (Main Board),HKD
2098,2098.HK,ZALL SMARTCOM,Equity,Equity Securities (Main Board),HKD
2099,2099.HK,CHINAGOLDINTL,Equity,Equity Securities (Main Board),HKD
2100,2100.HK,BAIOO,Equity,Equity Securities (Main Board),HKD
2101,2101.HK,FULU HOLDINGS,Equity,Equity Securities (Main Board),HKD
2102,2102.HK,TAK LEE MACH,Equity,Equity Securities (Main Board),HKD
2105,2105.HK,LAEKNA-B,Equity,Equity Securities (Main Board),HKD
2107,2107.HK,FIRST SERVICE,Equity,Equity Securities (Main Board),HKD
2108,2108.HK,K2 F&B,Equity,Equity Securities (Main Board),HKD
2110,2110.HK,TIAN CHENG HLDG,Equity,Equity Securities (Main Board),HKD
2111,2111.HK,BEST PACIFIC,Equity,Equity Securities (Main Board),HKD
2112,2112.HK,GRACE LIFE-TECH,Equity,Equity Securities (Main Board),HKD
2113,2113.HK,CENTURY GP INTL,Equity,Equity Securities (Main Board),HKD
2116,2116.HK,JS INNOV,Equity,Equity Securities (Main Board),HKD
2119,2119.HK,TSIT WING INTL,Equity,Equity Securities (Main Board),HKD
2120,2120.HK,KN HOSPITAL,Equity,Equity Securities (Main Board),HKD
2121,2121.HK,AINNOVATION,Equity,Equity Securities (Main Board),HKD
2122,2122.HK,KIDSLAND INTL,Equity,Equity Securities (Main Board),HKD
2125,2125.HK,STRAWBEAR ENT,Equity,Equity Securities (Main Board),HKD
2126,2126.HK,JW THERAP-B,Equity,Equity Securities (Main Board),HKD
2127,2127.HK,HUISEN SHARES,Equity,Equity Securities (Main Board),HKD
2128,2128.HK,CHINA LESSO,Equity,Equity Securities (Main Board),HKD
2129,2129.HK,LEGION CONSO,Equity,Equity Securities (Main Board),HKD
2130,2130.HK,CN LOGISTICS,Equity,Equity Securities (Main Board),HKD
2131,2131.HK,NETJOY,Equity,Equity Securities (Main Board),HKD
2132,2132.HK,LANDRICH HLDG,Equity,Equity Securities (Main Board),HKD
2135,2135.HK,RAILY AESMED,Equity,Equity Securities (Main Board),HKD
2136,2136.HK,LIFESTYLE CHI,Equity,Equity Securities (Main Board),HKD
2137,2137.HK,BRII-B,Equity,Equity Securities (Main Board),HKD
2138,2138.HK,EC HEALTHCARE,Equity,Equity Securities (Main Board),HKD
2139,2139.HK,BANK OF GANSU,Equity,Equity Securities (Main Board),HKD
2142,2142.HK,HBM HOLDINGS-B,Equity,Equity Securities (Main Board),HKD
2145,2145.HK,CHICMAX,Equity,Equity Securities (Main Board),HKD
2146,2146.HK,ROISERV,Equity,Equity Securities (Main Board),HKD
2147,2147.HK,ZHENGWEI GROUP,Equity,Equity Securities (Main Board),HKD
2149,2149.HK,BATELAB,Equity,Equity Securities (Main Board),HKD
2150,2150.HK,NAYUKI,Equity,Equity Securities (Main Board),HKD
2152,2152.HK,SUXIN SERVICES,Equity,Equity Securities (Main Board),HKD
2153,2153.HK,TAT HONG EQUIP,Equity,Equity Securities (Main Board),HKD
2155,2155.HK,MORIMATSU INTL,Equity,Equity Securities (Main Board),HKD
2156,2156.HK,C&D PROPERTY,Equity,Equity Securities (Main Board),HKD
2157,2157.HK,LEPU BIO,Equity,Equity Securities (Main Board),HKD
2158,2158.HK,YIDU TECH,Equity,Equity Securities (Main Board),HKD
2159,2159.HK,MEDIWELCOME,Equity,Equity Securities (Main Board),HKD
2160,2160.HK,MP CARDIOFLOW-B,Equity,Equity Securities (Main Board),HKD
2161,2161.HK,JBM HEALTHCARE,Equity,Equity Securities (Main Board),HKD
2162,2162.HK,KEYMED BIO-B,Equity,Equity Securities (Main Board),HKD
2163,2163.HK,BROAD HOMES,Equity,Equity Securities (Main Board),HKD
2165,2165.HK,LING YUE SER GP,Equity,Equity Securities (Main Board),HKD
2166,2166.HK,SMART-CORE,Equity,Equity Securities (Main Board),HKD
2167,2167.HK,TI CLOUD,Equity,Equity Securities (Main Board),HKD
2168,2168.HK,KAISA PROSPER,Equity,Equity Securities (Main Board),HKD
2169,2169.HK,CANGGANGRAILWAY,Equity,Equity Securities (Main Board),HKD
2170,2170.HK,BASECARE-B,Equity,Equity Securities (Main Board),HKD
2171,2171.HK,CARSGEN-B,Equity,Equity Securities (Main Board),HKD
2172,2172.HK,MICROPORT NEURO,Equity,Equity Securities (Main Board),HKD
2175,2175.HK,CH GENERAL EDU,Equity,Equity Securities (Main Board),HKD
2176,2176.HK,CCID CONSULTING,Equity,Equity Securities (Main Board),HKD
2177,2177.HK,UNQ HOLDINGS,Equity,Equity Securities (Main Board),HKD
2178,2178.HK,PETRO-KING,Equity,Equity Securities (Main Board),HKD
2179,2179.HK,RECBIO-B,Equity,Equity Securities (Main Board),HKD
2180,2180.HK,MANPOWER GRC,Equity,Equity Securities (Main Board),HKD
2181,2181.HK,MABPHARM-B,Equity,Equity Securities (Main Board),HKD
2182,2182.HK,TIAN CHANG GP,Equity,Equity Securities (Main Board),HKD
2185,2185.HK,BIOHEART-B,Equity,Equity Securities (Main Board),HKD
2186,2186.HK,LUYE PHARMA,Equity,Equity Securities (Main Board),HKD
2187,2187.HK,ZHIXIN GP HLDG,Equity,Equity Securities (Main Board),HKD
2188,2188.HK,TITANS ENERGY,Equity,Equity Securities (Main Board),HKD
2189,2189.HK,KATO (HK) HLDGS,Equity,Equity Securities (Main Board),HKD
2190,2190.HK,ZYLOXTB,Equity,Equity Securities (Main Board),HKD
2191,2191.HK,SF REIT,Real Estate Investment Trusts,,HKD
2192,2192.HK,MEDLIVE,Equity,Equity Securities (Main Board),HKD
2193,2193.HK,MAN KING HOLD,Equity,Equity Securities (Main Board),HKD
2195,2195.HK,UNITY ENT,Equity,Equity Securities (Main Board),HKD
2196,2196.HK,FOSUN PHARMA,Equity,Equity Securities (Main Board),HKD
2197,2197.HK,CLOVER BIO-B,Equity,Equity Securities (Main Board),HKD
2198,2198.HK,CHINA SANJIANG,Equity,Equity Securities (Main Board),HKD
2199,2199.HK,REGINA MIRACLE,Equity,Equity Securities (Main Board),HKD
2202,2202.HK,CHINA VANKE,Equity,Equity Securities (Main Board),HKD
2203,2203.HK,BRAINHOLE TECH,Equity,Equity Securities (Main Board),HKD
2205,2205.HK,KANGQIAO SER,Equity,Equity Securities (Main Board),HKD
2208,2208.HK,GOLDWIND,Equity,Equity Securities (Main Board),HKD
2209,2209.HK,YESASIA HLDGS,Equity,Equity Securities (Main Board),HKD
2210,2210.HK,BEIJING JIAYE,Equity,Equity Securities (Main Board),HKD
2211,2211.HK,UNI HEALTH,Equity,Equity Securities (Main Board),HKD
2212,2212.HK,FB MINING,Equity,Equity Securities (Main Board),HKD
2215,2215.HK,DEXIN SER GROUP,Equity,Equity Securities (Main Board),HKD
2216,2216.HK,BRONCUS-B,Equity,Equity Securities (Main Board),HKD
2218,2218.HK,ANDRE JUICE,Equity,Equity Securities (Main Board),HKD
2219,2219.HK,CHAOJU EYE CARE,Equity,Equity Securities (Main Board),HKD
2221,2221.HK,NEW CONCEPTS,Equity,Equity Securities (Main Board),HKD
2222,2222.HK,NVC INTL,Equity,Equity Securities (Main Board),HKD
2223,2223.HK,CASABLANCA,Equity,Equity Securities (Main Board),HKD
2225,2225.HK,JINHAI MED TECH,Equity,Equity Securities (Main Board),HKD
2226,2226.HK,HONWORLD GP,Equity,Equity Securities (Main Board),HKD
2227,2227.HK,SOLIS HOLDINGS,Equity,Equity Securities (Main Board),HKD
2228,2228.HK,XTALPI,Equity,Equity Securities (Main Board),HKD
2230,2230.HK,MEDIALINK GROUP,Equity,Equity Securities (Main Board),HKD
2231,2231.HK,JY GRANDMARK,Equity,Equity Securities (Main Board),HKD
2232,2232.HK,CRYSTAL INTL,Equity,Equity Securities (Main Board),HKD
2233,2233.HK,WESTCHINACEMENT,Equity,Equity Securities (Main Board),HKD
2235,2235.HK,MICROTECH MED-B,Equity,Equity Securities (Main Board),HKD
2236,2236.HK,WISON ENGRG,Equity,Equity Securities (Main Board),HKD
2237,2237.HK,CHINA GRAPHITE,Equity,Equity Securities (Main Board),HKD
2238,2238.HK,GAC GROUP,Equity,Equity Securities (Main Board),HKD
2239,2239.HK,SMIT,Equity,Equity Securities (Main Board),HKD
2245,2245.HK,LYGEND RESOURCE,Equity,Equity Securities (Main Board),HKD
2246,2246.HK,GOGOX,Equity,Equity Securities (Main Board),HKD
2249,2249.HK,NEXCHIP,Equity,Equity Securities (Main Board),HKD
2250,2250.HK,B.DUCK SEMK,Equity,Equity Securities (Main Board),HKD
2251,2251.HK,AIRDOC-B,Equity,Equity Securities (Main Board),HKD
2252,2252.HK,MEDBOT-B,Equity,Equity Securities (Main Board),HKD
2255,2255.HK,HAICHANG HLDG,Equity,Equity Securities (Main Board),HKD
2256,2256.HK,ABBISKO-B,Equity,Equity Securities (Main Board),HKD
2257,2257.HK,SIRNAOMICS-B,Equity,Equity Securities (Main Board),HKD
2258,2258.HK,WATTS INT'L,Equity,Equity Securities (Main Board),HKD
2259,2259.HK,ZIJIN GOLD INTL,Equity,Equity Securities (Main Board),HKD
2260,2260.HK,VANOV HOLDINGS,Equity,Equity Securities (Main Board),HKD
2262,2262.HK,SLD GROUP,Equity,Equity Securities (Main Board),HKD
2263,2263.HK,FU SHEK FIN,Equity,Equity Securities (Main Board),HKD
2265,2265.HK,HC ENV TECH,Equity,Equity Securities (Main Board),HKD
2266,2266.HK,LAI SI ENT,Equity,Equity Securities (Main Board),HKD
2268,2268.HK,WUXI XDC,Equity,Equity Securities (Main Board),HKD
2269,2269.HK,WUXI BIO,Equity,Equity Securities (Main Board),HKD
2270,2270.HK,DESUN SERVICES,Equity,Equity Securities (Main Board),HKD
2271,2271.HK,ZHONGAN SERVICE,Equity,Equity Securities (Main Board),HKD
2272,2272.HK,KEYTOP PARKING,Equity,Equity Securities (Main Board),HKD
2273,2273.HK,GUSHENGTANG,Equity,Equity Securities (Main Board),HKD
2276,2276.HK,CONANT OPTICAL,Equity,Equity Securities (Main Board),HKD
2279,2279.HK,YONGHE MEDICAL,Equity,Equity Securities (Main Board),HKD
2280,2280.HK,HC GROUP,Equity,Equity Securities (Main Board),HKD
2281,2281.HK,XINGLU WATER,Equity,Equity Securities (Main Board),HKD
2282,2282.HK,MGM CHINA,Equity,Equity Securities (Main Board),HKD
2283,2283.HK,TK GROUP HLDG,Equity,Equity Securities (Main Board),HKD
2285,2285.HK,CHERVON,Equity,Equity Securities (Main Board),HKD
2286,2286.HK,CHEN XING,Equity,Equity Securities (Main Board),HKD
2288,2288.HK,RYKADAN CAPITAL,Equity,Equity Securities (Main Board),HKD
2289,2289.HK,CHARMACY PHAR,Equity,Equity Securities (Main Board),HKD
2290,2290.HK,LUNG FUNG GROUP,Equity,Equity Securities (Main Board),HKD
2291,2291.HK,SCIENTECH,Equity,Equity Securities (Main Board),HKD
2293,2293.HK,BAMBOOSHEALTH,Equity,Equity Securities (Main Board),HKD
2295,2295.HK,MAXICITY,Equity,Equity Securities (Main Board),HKD
2297,2297.HK,RAINMED-B,Equity,Equity Securities (Main Board),HKD
2298,2298.HK,COSMO LADY,Equity,Equity Securities (Main Board),HKD
2299,2299.HK,BILLION IND,Equity,Equity Securities (Main Board),HKD
2302,2302.HK,CNNC INT'L,Equity,Equity Securities (Main Board),HKD
2306,2306.HK,YH ENT,Equity,Equity Securities (Main Board),HKD
2307,2307.HK,KAM HING INT'L,Equity,Equity Securities (Main Board),HKD
2309,2309.HK,ZO FUTURE GROUP,Equity,Equity Securities (Main Board),HKD
2310,2310.HK,TIMES UNI GP,Equity,Equity Securities (Main Board),HKD
2312,2312.HK,LONG INV CORP,Equity,Investment Companies,HKD
2313,2313.HK,SHENZHOU INTL,Equity,Equity Securities (Main Board),HKD
2314,2314.HK,LEE & MAN PAPER,Equity,Equity Securities (Main Board),HKD
2315,2315.HK,BIOCYTOGEN-B,Equity,Equity Securities (Main Board),HKD
2317,2317.HK,VEDAN INT'L,Equity,Equity Securities (Main Board),HKD
2318,2318.HK,PING AN,Equity,Equity Securities (Main Board),HKD
2319,2319.HK,MENGNIU DAIRY,Equity,Equity Securities (Main Board),HKD
2320,2320.HK,HOP FUNG GROUP,Equity,Equity Securities (Main Board),HKD
2321,2321.HK,SWANGCHAICHUAN,Equity,Equity Securities (Main Board),HKD
2322,2322.HK,MODERN INNO DT,Equity,Equity Securities (Main Board),HKD
2323,2323.HK,RENCO HOLDINGS,Equity,Equity Securities (Main Board),HKD
2324,2324.HK,CAPITAL VC,Equity,Investment Companies,HKD
2325,2325.HK,YUNKANG GROUP,Equity,Equity Securities (Main Board),HKD
2326,2326.HK,NPE HOLDINGS,Equity,Equity Securities (Main Board),HKD
2327,2327.HK,MEILLEUREHEALTH,Equity,Equity Securities (Main Board),HKD
2328,2328.HK,PICC P&C,Equity,Equity Securities (Main Board),HKD
2329,2329.HK,GLORY HEALTH,Equity,Equity Securities (Main Board),HKD
2330,2330.HK,CHINA UPTOWN,Equity,Equity Securities (Main Board),HKD
2331,2331.HK,LI NING,Equity,Equity Securities (Main Board),HKD
2333,2333.HK,GWMOTOR,Equity,Equity Securities (Main Board),HKD
2335,2335.HK,MICOT PHARMA-B,Equity,Equity Securities (Main Board),HKD
2336,2336.HK,SHUOAO INTL,Equity,Equity Securities (Main Board),HKD
2337,2337.HK,UNITED STRENGTH,Equity,Equity Securities (Main Board),HKD
2338,2338.HK,WEICHAI POWER,Equity,Equity Securities (Main Board),HKD
2339,2339.HK,BWI INT'L,Equity,Equity Securities (Main Board),HKD
2340,2340.HK,ISP HOLDINGS,Equity,Equity Securities (Main Board),HKD
2342,2342.HK,COMBA,Equity,Equity Securities (Main Board),HKD
2343,2343.HK,PACIFIC BASIN,Equity,Equity Securities (Main Board),HKD
2347,2347.HK,YOHO GROUP,Equity,Equity Securities (Main Board),HKD
2348,2348.HK,DAWNRAYS PHARMA,Equity,Equity Securities (Main Board),HKD
2349,2349.HK,CHINA AI INFRA,Equity,Equity Securities (Main Board),HKD
2350,2350.HK,MTT GROUP,Equity,Equity Securities (Main Board),HKD
2352,2352.HK,DOWELL SERVICE,Equity,Equity Securities (Main Board),HKD
2355,2355.HK,BAOYE GROUP,Equity,Equity Securities (Main Board),HKD
2356,2356.HK,DAHSING BANKING,Equity,Equity Securities (Main Board),HKD
2357,2357.HK,AVICHINA,Equity,Equity Securities (Main Board),HKD
2358,2358.HK,JIU RONG HOLD,Equity,Equity Securities (Main Board),HKD
2359,2359.HK,WUXI APPTEC,Equity,Equity Securities (Main Board),HKD
2360,2360.HK,BEST MART 360,Equity,Equity Securities (Main Board),HKD
2361,2361.HK,SINOHEALTH TECH,Equity,Equity Securities (Main Board),HKD
2362,2362.HK,JINCHUAN INTL,Equity,Equity Securities (Main Board),HKD
2363,2363.HK,TONGDA HONG TAI,Equity,Equity Securities (Main Board),HKD
2367,2367.HK,GIANT BIOGENE,Equity,Equity Securities (Main Board),HKD
2368,2368.HK,EAGLE NICE,Equity,Equity Securities (Main Board),HKD
2369,2369.HK,COOLPAD GROUP,Equity,Equity Securities (Main Board),HKD
2370,2370.HK,REDCO HEALTHY,Equity,Equity Securities (Main Board),HKD
2371,2371.HK,CHUANGLIAN HOLD,Equity,Equity Securities (Main Board),HKD
2372,2372.HK,WEILI HOLDINGS,Equity,Equity Securities (Main Board),HKD
2373,2373.HK,BEAUTYFARM MED,Equity,Equity Securities (Main Board),HKD
2376,2376.HK,LUSHANGSERVICES,Equity,Equity Securities (Main Board),HKD
2377,2377.HK,BOQI ENV,Equity,Equity Securities (Main Board),HKD
2378,2378.HK,PRU,Equity,Equity Securities (Main Board),HKD
2380,2380.HK,CHINA POWER,Equity,Equity Securities (Main Board),HKD
2381,2381.HK,SMC ELECTRIC,Equity,Equity Securities (Main Board),HKD
2382,2382.HK,SUNNY OPTICAL,Equity,Equity Securities (Main Board),HKD
2383,2383.HK,TOM GROUP,Equity,Equity Securities (Main Board),HKD
2385,2385.HK,READBOY,Equity,Equity Securities (Main Board),HKD
2386,2386.HK,SINOPEC SEG,Equity,Equity Securities (Main Board),HKD
2388,2388.HK,BOC HONG KONG,Equity,Equity Securities (Main Board),HKD
2389,2389.HK,BJ HEALTH,Equity,Equity Securities (Main Board),HKD
2390,2390.HK,ZHIHU-W,Equity,Equity Securities (Main Board),HKD
2391,2391.HK,TUYA-W,Equity,Equity Securities (Main Board),HKD
2392,2392.HK,XUANWU CLOUD,Equity,Equity Securities (Main Board),HKD
2393,2393.HK,YESTAR HEALTH,Equity,Equity Securities (Main Board),HKD
2396,2396.HK,B&K CORP-B,Equity,Equity Securities (Main Board),HKD
2399,2399.HK,CN ANCHU ENERGY,Equity,Equity Securities (Main Board),HKD
2400,2400.HK,XD INC,Equity,Equity Securities (Main Board),HKD
2402,2402.HK,SINOHYTEC,Equity,Equity Securities (Main Board),HKD
2405,2405.HK,POWERWIN TECH,Equity,Equity Securities (Main Board),HKD
2407,2407.HK,GAUSH MEDITECH,Equity,Equity Securities (Main Board),HKD
2408,2408.HK,XIAO NOODLES,Equity,Equity Securities (Main Board),HKD
2409,2409.HK,SEACON,Equity,Equity Securities (Main Board),HKD
2410,2410.HK,TYK MEDICINES-B,Equity,Equity Securities (Main Board),HKD
2411,2411.HK,PAGODA GP,Equity,Equity Securities (Main Board),HKD
2415,2415.HK,MEDSCI,Equity,Equity Securities (Main Board),HKD
2416,2416.HK,EDIANYUN,Equity,Equity Securities (Main Board),HKD
2418,2418.HK,DEEWIN,Equity,Equity Securities (Main Board),HKD
2419,2419.HK,DEKON AGR,Equity,Equity Securities (Main Board),HKD
2420,2420.HK,ZIBUYU,Equity,Equity Securities (Main Board),HKD
2421,2421.HK,KRP DEVELOPMENT,Equity,Equity Securities (Main Board),HKD
2422,2422.HK,REGO INTERACT,Equity,Equity Securities (Main Board),HKD
2423,2423.HK,BEKE-W,Equity,Equity Securities (Main Board),HKD
2425,2425.HK,AUSTASIA GROUP,Equity,Equity Securities (Main Board),HKD
2427,2427.HK,GUANZE MEDICAL,Equity,Equity Securities (Main Board),HKD
2429,2429.HK,UBOX ONLINE,Equity,Equity Securities (Main Board),HKD
2431,2431.HK,MINIEYE,Equity,Equity Securities (Main Board),HKD
2432,2432.HK,DOBOT,Equity,Equity Securities (Main Board),HKD
2433,2433.HK,ZT HN GROUP,Equity,Equity Securities (Main Board),HKD
2436,2436.HK,LX TECHNOLOGY,Equity,Equity Securities (Main Board),HKD
2438,2438.HK,MOBVOI,Equity,Equity Securities (Main Board),HKD
2439,2439.HK,CH TREASURES NM,Equity,Equity Securities (Main Board),HKD
2440,2440.HK,MEMESTRATEGY,Equity,Equity Securities (Main Board),HKD
2442,2442.HK,EASY SMART GP,Equity,Equity Securities (Main Board),HKD
2443,2443.HK,AUTOSTREETS,Equity,Equity Securities (Main Board),HKD
2450,2450.HK,HUAIBEI GD CO,Equity,Equity Securities (Main Board),HKD
2451,2451.HK,LUYUAN GP HLDG,Equity,Equity Securities (Main Board),HKD
2453,2453.HK,CONCORD HC GP,Equity,Equity Securities (Main Board),HKD
2455,2455.HK,RUNHUA SERVICE,Equity,Equity Securities (Main Board),HKD
2457,2457.HK,BUYANG INTL,Equity,Equity Securities (Main Board),HKD
2458,2458.HK,GALA TECH HOLD,Equity,Equity Securities (Main Board),HKD
2459,2459.HK,SANERGY GROUP,Equity,Equity Securities (Main Board),HKD
2460,2460.HK,CR BEVERAGE,Equity,Equity Securities (Main Board),HKD
2465,2465.HK,LOPAL TECH,Equity,Equity Securities (Main Board),HKD
2469,2469.HK,FENBI,Equity,Equity Securities (Main Board),HKD
2473,2473.HK,XXF,Equity,Equity Securities (Main Board),HKD
2475,2475.HK,LUXSHARE ICT,Equity,Equity Securities (Main Board),HKD
2476,2476.HK,VGT,Equity,Equity Securities (Main Board),HKD
2477,2477.HK,WELLCELL HOLD,Equity,Equity Securities (Main Board),HKD
2479,2479.HK,TIANJUDIHE,Equity,Equity Securities (Main Board),HKD
2480,2480.HK,LUZHU BIOTECH-B,Equity,Equity Securities (Main Board),HKD
2481,2481.HK,SL GEMINI,Equity,Equity Securities (Main Board),HKD
2482,2482.HK,LOGORY,Equity,Equity Securities (Main Board),HKD
2483,2483.HK,K CASH,Equity,Equity Securities (Main Board),HKD
2486,2486.HK,PLUS GP HOLDING,Equity,Equity Securities (Main Board),HKD
2487,2487.HK,CUTIA-B,Equity,Equity Securities (Main Board),HKD
2488,2488.HK,LAUNCH TECH,Equity,Equity Securities (Main Board),HKD
2489,2489.HK,PERSISTENCEGOLD,Equity,Equity Securities (Main Board),HKD
2490,2490.HK,LC LOGISTICS,Equity,Equity Securities (Main Board),HKD
2493,2493.HK,MABWELL-B,Equity,Equity Securities (Main Board),HKD
2495,2495.HK,VOICECOMM,Equity,Equity Securities (Main Board),HKD
2496,2496.HK,YZYBIO-B,Equity,Equity Securities (Main Board),HKD
2497,2497.HK,FUJING HOLDINGS,Equity,Equity Securities (Main Board),HKD
2498,2498.HK,ROBOSENSE,Equity,Equity Securities (Main Board),HKD
2499,2499.HK,FOLANGSI,Equity,Equity Securities (Main Board),HKD
2500,2500.HK,VENUS MEDTECH-B,Equity,Equity Securities (Main Board),HKD
2501,2501.HK,MAIYUE TECH,Equity,Equity Securities (Main Board),HKD
2502,2502.HK,JINYUAN HCHEM,Equity,Equity Securities (Main Board),HKD
2503,2503.HK,ZHONGSHENJIANYE,Equity,Equity Securities (Main Board),HKD
2505,2505.HK,EDA GROUP HLDGS,Equity,Equity Securities (Main Board),HKD
2506,2506.HK,XUNFEIHEALTH,Equity,Equity Securities (Main Board),HKD
2507,2507.HK,CIRRUS,Equity,Equity Securities (Main Board),HKD
2508,2508.HK,SAINT BELLA GP,Equity,Equity Securities (Main Board),HKD
2509,2509.HK,QYUNS-B,Equity,Equity Securities (Main Board),HKD
2510,2510.HK,TS LINES,Equity,Equity Securities (Main Board),HKD
2511,2511.HK,HIGHTIDE-B,Equity,Equity Securities (Main Board),HKD
2512,2512.HK,CLOUD FACTORY,Equity,Equity Securities (Main Board),HKD
2513,2513.HK,Z.AI,Equity,Equity Securities (Main Board),HKD
2515,2515.HK,TJCD,Equity,Equity Securities (Main Board),HKD
2516,2516.HK,FAR INTL,Equity,Equity Securities (Main Board),HKD
2517,2517.HK,GUOQUAN,Equity,Equity Securities (Main Board),HKD
2518,2518.HK,AUTOHOME-S,Equity,Equity Securities (Main Board),HKD
2519,2519.HK,AUGROUP,Equity,Equity Securities (Main Board),HKD
2520,2520.HK,SHANXI INSTALL,Equity,Equity Securities (Main Board),HKD
2521,2521.HK,SHENGHUI CLEAN,Equity,Equity Securities (Main Board),HKD
2522,2522.HK,RIMAG GROUP,Equity,Equity Securities (Main Board),HKD
2525,2525.HK,HESAI-W-NEW,Equity,Equity Securities (Main Board),HKD
2526,2526.HK,DIAGENS-B,Equity,Equity Securities (Main Board),HKD
2528,2528.HK,FW FASHION INT,Equity,Equity Securities (Main Board),HKD
2529,2529.HK,HOLLWIN URBAN,Equity,Equity Securities (Main Board),HKD
2530,2530.HK,NUMANS,Equity,Equity Securities (Main Board),HKD
2531,2531.HK,CARLINK TECH,Equity,Equity Securities (Main Board),HKD
2533,2533.HK,BLACK SESAME,Equity,Equity Securities (Main Board),HKD
2535,2535.HK,WK GROUP,Equity,Equity Securities (Main Board),HKD
2536,2536.HK,PALASINO,Equity,Equity Securities (Main Board),HKD
2539,2539.HK,LEMO SERVICES,Equity,Equity Securities (Main Board),HKD
2540,2540.HK,LESI GROUP,Equity,Equity Securities (Main Board),HKD
2543,2543.HK,DAHON TECH,Equity,Equity Securities (Main Board),HKD
2545,2545.HK,ZHONGGAN COMM,Equity,Equity Securities (Main Board),HKD
2546,2546.HK,ZHIHUI MINING,Equity,Equity Securities (Main Board),HKD
2549,2549.HK,CAROTE LTD,Equity,Equity Securities (Main Board),HKD
2550,2550.HK,EASOU TECH,Equity,Equity Securities (Main Board),HKD
2551,2551.HK,APT ELECTRONICS,Equity,Equity Securities (Main Board),HKD
2552,2552.HK,HUA MEDICINE-B,Equity,Equity Securities (Main Board),HKD
2553,2553.HK,SHOUGANG LANZA,Equity,Equity Securities (Main Board),HKD
2555,2555.HK,CHABAIDAO,Equity,Equity Securities (Main Board),HKD
2556,2556.HK,MARKETINGFORCE,Equity,Equity Securities (Main Board),HKD
2558,2558.HK,JINSHANG BANK,Equity,Equity Securities (Main Board),HKD
2559,2559.HK,DIDA INC,Equity,Equity Securities (Main Board),HKD
2560,2560.HK,CONCH MAT TECH,Equity,Equity Securities (Main Board),HKD
2561,2561.HK,VISEN PHARMA-B,Equity,Equity Securities (Main Board),HKD
2562,2562.HK,SYNAGISTICS,Equity,Equity Securities (Main Board),HKD
2563,2563.HK,BIOSTAR PHARM-B,Equity,Equity Securities (Main Board),HKD
2565,2565.HK,PEGBIO CO-B,Equity,Equity Securities (Main Board),HKD
2566,2566.HK,JIUYUAN GENE,Equity,Equity Securities (Main Board),HKD
2567,2567.HK,QINIU,Equity,Equity Securities (Main Board),HKD
2569,2569.HK,SOFT INTL,Equity,Equity Securities (Main Board),HKD
2570,2570.HK,REFIRE,Equity,Equity Securities (Main Board),HKD
2571,2571.HK,SAIMO,Equity,Equity Securities (Main Board),HKD
2573,2573.HK,NEWTREND GROUP,Equity,Equity Securities (Main Board),HKD
2575,2575.HK,XUANZHUBIO-B,Equity,Equity Securities (Main Board),HKD
2576,2576.HK,TAIMEI TECH,Equity,Equity Securities (Main Board),HKD
2577,2577.HK,INNOSCIENCE,Equity,Equity Securities (Main Board),HKD
2579,2579.HK,CNGR,Equity,Equity Securities (Main Board),HKD
2580,2580.HK,AUX ELECTRIC,Equity,Equity Securities (Main Board),HKD
2581,2581.HK,BENQ HOLDING,Equity,Equity Securities (Main Board),HKD
2582,2582.HK,GUOFUHEE,Equity,Equity Securities (Main Board),HKD
2583,2583.HK,HIPINE,Equity,Equity Securities (Main Board),HKD
2585,2585.HK,MOKINGRAN,Equity,Equity Securities (Main Board),HKD
2586,2586.HK,DMALL,Equity,Equity Securities (Main Board),HKD
2587,2587.HK,HEALTHYWAY INC,Equity,Equity Securities (Main Board),HKD
2588,2588.HK,BOC AVIATION,Equity,Equity Securities (Main Board),HKD
2589,2589.HK,AUNTEA JENNY,Equity,Equity Securities (Main Board),HKD
2590,2590.HK,GEEKPLUS-W,Equity,Equity Securities (Main Board),HKD
2591,2591.HK,INNOGEN-B,Equity,Equity Securities (Main Board),HKD
2592,2592.HK,CLOUDBREAK-B,Equity,Equity Securities (Main Board),HKD
2593,2593.HK,HERBS GROUP,Equity,Equity Securities (Main Board),HKD
2595,2595.HK,GENFLEET-B,Equity,Equity Securities (Main Board),HKD
2596,2596.HK,YIBIN BANK,Equity,Equity Securities (Main Board),HKD
2597,2597.HK,XUNZHONG,Equity,Equity Securities (Main Board),HKD
2598,2598.HK,LIANLIAN,Equity,Equity Securities (Main Board),HKD
2600,2600.HK,CHALCO,Equity,Equity Securities (Main Board),HKD
2601,2601.HK,CPIC,Equity,Equity Securities (Main Board),HKD
2602,2602.HK,ONEWO,Equity,Equity Securities (Main Board),HKD
2603,2603.HK,JIHONG CO,Equity,Equity Securities (Main Board),HKD
2605,2605.HK,METALIGHT,Equity,Equity Securities (Main Board),HKD
2607,2607.HK,SH PHARMA,Equity,Equity Securities (Main Board),HKD
2608,2608.HK,SUNSHINE 100,Equity,Equity Securities (Main Board),HKD
2609,2609.HK,BAYZED HEALTH,Equity,Equity Securities (Main Board),HKD
2610,2610.HK,NANSHAN AL INTL,Equity,Equity Securities (Main Board),HKD
2611,2611.HK,GTHT,Equity,Equity Securities (Main Board),HKD
2613,2613.HK,CONTIOCEAN,Equity,Equity Securities (Main Board),HKD
2616,2616.HK,CSTONE PHARMA-B,Equity,Equity Securities (Main Board),HKD
2617,2617.HK,TRANSTHERA-B,Equity,Equity Securities (Main Board),HKD
2618,2618.HK,JD LOGISTICS,Equity,Equity Securities (Main Board),HKD
2619,2619.HK,XJ ELECTRICS,Equity,Equity Securities (Main Board),HKD
2621,2621.HK,SHOUHUI GROUP,Equity,Equity Securities (Main Board),HKD
2623,2623.HK,HK GOLD IND GP,Equity,Equity Securities (Main Board),HKD
2625,2625.HK,JIANGSU HORIZON,Equity,Equity Securities (Main Board),HKD
2627,2627.HK,AB&B BIO-TECH-B,Equity,Equity Securities (Main Board),HKD
2628,2628.HK,CHINA LIFE,Equity,Equity Securities (Main Board),HKD
2629,2629.HK,MIRXES-B,Equity,Equity Securities (Main Board),HKD
2630,2630.HK,VIGONVITA-B,Equity,Equity Securities (Main Board),HKD
2631,2631.HK,SICC,Equity,Equity Securities (Main Board),HKD
2632,2632.HK,NEW VISION CO,Equity,Equity Securities (Main Board),HKD
2633,2633.HK,JACOBSON PHARMA,Equity,Equity Securities (Main Board),HKD
2635,2635.HK,NUOBIKAN,Equity,Equity Securities (Main Board),HKD
2637,2637.HK,HAIXI PHARMA,Equity,Equity Securities (Main Board),HKD
2638,2638.HK,HKELECTRIC-SS,Equity,Equity Securities (Main Board),HKD
2643,2643.HK,CAOCAO INC,Equity,Equity Securities (Main Board),HKD
2648,2648.HK,ANJOY FOOD,Equity,Equity Securities (Main Board),HKD
2649,2649.HK,ALSCO POOLING,Equity,Equity Securities (Main Board),HKD
2650,2650.HK,ZHIDA TECH,Equity,Equity Securities (Main Board),HKD
2651,2651.HK,DAZHONG DENTAL,Equity,Equity Securities (Main Board),HKD
2652,2652.HK,CF PHARMT-100,Equity,Equity Securities (Main Board),HKD
2655,2655.HK,GUOXIA TECH,Equity,Equity Securities (Main Board),HKD
2656,2656.HK,160 HEALTH,Equity,Equity Securities (Main Board),HKD
2657,2657.HK,FOREST CABIN,Equity,Equity Securities (Main Board),HKD
2658,2658.HK,TIANYU SEMI,Equity,Equity Securities (Main Board),HKD
2659,2659.HK,BAO PHARMA-B,Equity,Equity Securities (Main Board),HKD
2660,2660.HK,ZENGAME,Equity,Equity Securities (Main Board),HKD
2661,2661.HK,QINGSONG HEALTH,Equity,Equity Securities (Main Board),HKD
2663,2663.HK,KPA-BM HLDGS,Equity,Equity Securities (Main Board),HKD
2665,2665.HK,SEYOND,Equity,Equity Securities (Main Board),HKD
2666,2666.HK,UNI MEDICAL,Equity,Equity Securities (Main Board),HKD
2667,2667.HK,TONGRENTANGCARE,Equity,Equity Securities (Main Board),HKD
2668,2668.HK,PAK TAK INT'L,Equity,Equity Securities (Main Board),HKD
2669,2669.HK,CHINA OVS PPT,Equity,Equity Securities (Main Board),HKD
2670,2670.HK,YUNJI,Equity,Equity Securities (Main Board),HKD
2671,2671.HK,USAS BUILDING,Equity,Equity Securities (Main Board),HKD
2672,2672.HK,BAIGE DIGITAL,Equity,Equity Securities (Main Board),HKD
2675,2675.HK,EDGE MEDICAL-B,Equity,Equity Securities (Main Board),HKD
2676,2676.HK,NOVOSENSE,Equity,Equity Securities (Main Board),HKD
2677,2677.HK,DISTINCT HEALTH,Equity,Equity Securities (Main Board),HKD
2678,2678.HK,TEXHONG INTL GP,Equity,Equity Securities (Main Board),HKD
2680,2680.HK,INNOVAX HLDGS,Equity,Equity Securities (Main Board),HKD
2682,2682.HK,YUN LEE MARINE,Equity,Equity Securities (Main Board),HKD
2683,2683.HK,WAHSUN HANDBAGS,Equity,Equity Securities (Main Board),HKD
2685,2685.HK,QUANTGROUP,Equity,Equity Securities (Main Board),HKD
2687,2687.HK,ABLE DIGITAL,Equity,Equity Securities (Main Board),HKD
2688,2688.HK,ENN ENERGY,Equity,Equity Securities (Main Board),HKD
2689,2689.HK,ND PAPER,Equity,Equity Securities (Main Board),HKD
2691,2691.HK,NANHUA FUTURES,Equity,Equity Securities (Main Board),HKD
2692,2692.HK,ZHAOWEI,Equity,Equity Securities (Main Board),HKD
2693,2693.HK,JINYAN KAOLIN,Equity,Equity Securities (Main Board),HKD
2695,2695.HK,IMPRESSION DHP,Equity,Equity Securities (Main Board),HKD
2696,2696.HK,HENLIUS,Equity,Equity Securities (Main Board),HKD
2697,2697.HK,TH MEDICAL-B,Equity,Equity Securities (Main Board),HKD
2698,2698.HK,SOFTCARE,Equity,Equity Securities (Main Board),HKD
2699,2699.HK,XINMING CHINA,Equity,Equity Securities (Main Board),HKD
2700,2700.HK,GREEN INTL HLDG,Equity,Equity Securities (Main Board),HKD
2701,2701.HK,NSING TECH,Equity,Equity Securities (Main Board),HKD
2706,2706.HK,HAIZHI TECH GP,Equity,Equity Securities (Main Board),HKD
2714,2714.HK,MUYUAN,Equity,Equity Securities (Main Board),HKD
2715,2715.HK,ESTUN,Equity,Equity Securities (Main Board),HKD
2718,2718.HK,MININGLAMP-W,Equity,Equity Securities (Main Board),HKD
2720,2720.HK,RIDGE OUTDOOR,Equity,Equity Securities (Main Board),HKD
2722,2722.HK,CHONGQING M&E,Equity,Equity Securities (Main Board),HKD
2723,2723.HK,DEEPZERO,Equity,Equity Securities (Main Board),HKD
2726,2726.HK,EPIWORLD,Equity,Equity Securities (Main Board),HKD
2727,2727.HK,SH ELECTRIC,Equity,Equity Securities (Main Board),HKD
2728,2728.HK,JINTAI ENERGY H,Equity,Equity Securities (Main Board),HKD
2729,2729.HK,GALAXIS TECH,Equity,Equity Securities (Main Board),HKD
2738,2738.HK,HUAJIN INTL,Equity,Equity Securities (Main Board),HKD
2768,2768.HK,GON TECHNOLOGY,Equity,Equity Securities (Main Board),HKD
2772,2772.HK,ZHONGLIANG HLDG,Equity,Equity Securities (Main Board),HKD
2777,2777.HK,R&F PROPERTIES,Equity,Equity Securities (Main Board),HKD
2778,2778.HK,CHAMPION REIT,Real Estate Investment Trusts,,HKD
2779,2779.HK,CH XINHUA EDU,Equity,Equity Securities (Main Board),HKD
2788,2788.HK,CHUANGXIN IND,Equity,Equity Securities (Main Board),HKD
2789,2789.HK,YUANDA CHINA,Equity,Equity Securities (Main Board),HKD
2797,2797.HK,QIYUNSHAN FOOD,Equity,Equity Securities (Main Board),HKD
2798,2798.HK,PER ENERGY,Equity,Equity Securities (Main Board),HKD
2799,2799.HK,CITIC FAMC,Equity,Equity Securities (Main Board),HKD
2800,2800.HK,TRACKER FUND,Exchange Traded Products,Exchange Traded Funds,HKD
2801,2801.HK,ISHARES CHINA,Exchange Traded Products,Exchange Traded Funds,HKD
2802,2802.HK,A CSOP HSCEICC,Exchange Traded Products,Exchange Traded Funds,HKD
2803,2803.HK,PP BEDROCK,Exchange Traded Products,Exchange Traded Funds,HKD
2804,2804.HK,PREMIA VIET,Exchange Traded Products,Exchange Traded Funds,HKD
2805,2805.HK,CG BS CNASEAN,Exchange Traded Products,Exchange Traded Funds,HKD
2806,2806.HK,GX CN CONSUME,Exchange Traded Products,Exchange Traded Funds,HKD
2807,2807.HK,GX CN ROBO&AI,Exchange Traded Products,Exchange Traded Funds,HKD
2809,2809.HK,GX CN CLN EN,Exchange Traded Products,Exchange Traded Funds,HKD
2810,2810.HK,PREMIAEMASEAN,Exchange Traded Products,Exchange Traded Funds,HKD
2812,2812.HK,SAMSUNGCDGN,Exchange Traded Products,Exchange Traded Funds,HKD
2814,2814.HK,SAMSUNG FANG,Exchange Traded Products,Exchange Traded Funds,HKD
2815,2815.HK,GX CN LIL GIANT,Exchange Traded Products,Exchange Traded Funds,HKD
2817,2817.HK,PP CGBOND,Exchange Traded Products,Exchange Traded Funds,HKD
2818,2818.HK,PANDO BITCOIN,Exchange Traded Products,Exchange Traded Funds,HKD
2819,2819.HK,ABF HK IDX ETF,Exchange Traded Products,Exchange Traded Funds,HKD
2820,2820.HK,GX CN BIOTECH,Exchange Traded Products,Exchange Traded Funds,HKD
2822,2822.HK,CSOP A50 ETF,Exchange Traded Products,Exchange Traded Funds,HKD
2823,2823.HK,ISHARES A50,Exchange Traded Products,Exchange Traded Funds,HKD
2824,2824.HK,EFUND GOLD MI,Exchange Traded Products,Exchange Traded Funds,HKD
2825,2825.HK,WISECSIHK100ETF,Exchange Traded Products,Exchange Traded Funds,HKD
2826,2826.HK,GX CN CLOUD,Exchange Traded Products,Exchange Traded Funds,HKD
2827,2827.HK,WISE CSI300 ETF,Exchange Traded Products,Exchange Traded Funds,HKD
2828,2828.HK,HSCEI ETF,Exchange Traded Products,Exchange Traded Funds,HKD
2829,2829.HK,ISHARESCGB,Exchange Traded Products,Exchange Traded Funds,HKD
2830,2830.HK,CSOP SAUDI,Exchange Traded Products,Exchange Traded Funds,HKD
2832,2832.HK,BOSERA STAR50,Exchange Traded Products,Exchange Traded Funds,HKD
2834,2834.HK,ISHARESND100,Exchange Traded Products,Exchange Traded Funds,HKD
2835,2835.HK,PHILLIP HKNEWEQ,Exchange Traded Products,Exchange Traded Funds,HKD
2836,2836.HK,ISHARES INDIA,Exchange Traded Products,Exchange Traded Funds,HKD
2837,2837.HK,GX HS TECH,Exchange Traded Products,Exchange Traded Funds,HKD
2838,2838.HK,HS FCI50 ETF,Exchange Traded Products,Exchange Traded Funds,HKD
2839,2839.HK,CAM MSCI A50,Exchange Traded Products,Exchange Traded Funds,HKD
2840,2840.HK,SPDR GOLD TRT,Exchange Traded Products,Exchange Traded Funds,HKD
2841,2841.HK,GX CN MEDTECH,Exchange Traded Products,Exchange Traded Funds,HKD
2843,2843.HK,AMUNDI A50,Exchange Traded Products,Exchange Traded Funds,HKD
2845,2845.HK,GX CN EV BATT,Exchange Traded Products,Exchange Traded Funds,HKD
2846,2846.HK,ISHARESCSI300,Exchange Traded Products,Exchange Traded Funds,HKD
2848,2848.HK,TRMSCIKOREA,Exchange Traded Products,Exchange Traded Funds,HKD
2858,2858.HK,YIXIN,Equity,Equity Securities (Main Board),HKD
2863,2863.HK,GOLDEN FAITH GP,Equity,Equity Securities (Main Board),HKD
2865,2865.HK,DRINDA,Equity,Equity Securities (Main Board),HKD
2866,2866.HK,COSCO SHIP DEV,Equity,Equity Securities (Main Board),HKD
2869,2869.HK,GREENTOWN SER,Equity,Equity Securities (Main Board),HKD
2877,2877.HK,SHINEWAY PHARM,Equity,Equity Securities (Main Board),HKD
2878,2878.HK,SOLOMON SYSTECH,Equity,Equity Securities (Main Board),HKD
2880,2880.HK,LIAONING PORT,Equity,Equity Securities (Main Board),HKD
2881,2881.HK,WUHAN YOUJI,Equity,Equity Securities (Main Board),HKD
2882,2882.HK,3DG HOLDINGS,Equity,Equity Securities (Main Board),HKD
2883,2883.HK,CHINA OILFIELD,Equity,Equity Securities (Main Board),HKD
2885,2885.HK,PEIPORT HOLD,Equity,Equity Securities (Main Board),HKD
2886,2886.HK,BINHAI INV,Equity,Equity Securities (Main Board),HKD
2888,2888.HK,STANCHART,Equity,Equity Securities (Main Board),HKD
2889,2889.HK,PATEO,Equity,Equity Securities (Main Board),HKD
2892,2892.HK,MILLION CITIES,Equity,Equity Securities (Main Board),HKD
2898,2898.HK,SUNHO BIO-B,Equity,Equity Securities (Main Board),HKD
2899,2899.HK,ZIJIN MINING,Equity,Equity Securities (Main Board),HKD
2900,2900.HK,LVJI TECH,Equity,Equity Securities (Main Board),HKD
2969,2969.HK,GLOBAL BIO-OLD,Equity,Equity Securities (Main Board),HKD
2971,2971.HK,CN ECOTOUR-OLD,Equity,Equity Securities (Main Board),HKD
2974,2974.HK,ARTGO HOLD-OLD,Equity,Equity Securities (Main Board),HKD
2975,2975.HK,YOUZAN-OLD,Equity,Equity Securities (Main Board),HKD
2976,2976.HK,MEXAN-OLD,Equity,Equity Securities (Main Board),HKD
2977,2977.HK,YUANHENGGAS-OLD,Equity,Equity Securities (Main Board),HKD
2979,2979.HK,HAOSEN FINT-OLD,Equity,Equity Securities (Main Board),HKD
2983,2983.HK,HESAI-W-OLD,Equity,Equity Securities (Main Board),HKD
2986,2986.HK,HUISHENG I-OLD,Equity,Equity Securities (Main Board),HKD
2987,2987.HK,MOG DIGITEC RTS,Equity,Equity Securities (Main Board),HKD
2988,2988.HK,GREEN LEAD-OLD,Equity,Equity Securities (Main Board),HKD
2989,2989.HK,CF PHARMT-500,Equity,Equity Securities (Main Board),HKD
2990,2990.HK,DT CAPITAL,Equity,Investment Companies,HKD
2991,2991.HK,POLY XVERSE IT,Equity,Equity Securities (Main Board),HKD
2993,2993.HK,IMPERIUM T RTS,Equity,Equity Securities (Main Board),HKD
2994,2994.HK,GW TERROIR-50K,Equity,Equity Securities (Main Board),HKD
2995,2995.HK,ARTINI HLDG,Equity,Equity Securities (Main Board),HKD
2997,2997.HK,TSUGAMI CHI-1K,Equity,Equity Securities (Main Board),HKD
3001,3001.HK,PP CNUSDPROP,Exchange Traded Products,Exchange Traded Funds,HKD
3003,3003.HK,CSOP MSCI A 50,Exchange Traded Products,Exchange Traded Funds,HKD
3004,3004.HK,CSOP VIETNAM30,Exchange Traded Products,Exchange Traded Funds,HKD
3005,3005.HK,X CSOPCSI500,Exchange Traded Products,Exchange Traded Funds,HKD
3006,3006.HK,A GX AI TECH,Exchange Traded Products,Exchange Traded Funds,HKD
3007,3007.HK,TR MSCI CHINA A,Exchange Traded Products,Exchange Traded Funds,HKD
3008,3008.HK,BOS HSK BTC,Exchange Traded Products,Exchange Traded Funds,HKD
3009,3009.HK,BOS HSK ETH,Exchange Traded Products,Exchange Traded Funds,HKD
3010,3010.HK,ISHARES AXJ,Exchange Traded Products,Exchange Traded Funds,HKD
3011,3011.HK,A CICC USD,Exchange Traded Products,Exchange Traded Funds,HKD
3012,3012.HK,AMUNDI HK35,Exchange Traded Products,Exchange Traded Funds,HKD
3015,3015.HK,X TRNIFTY50,Exchange Traded Products,Exchange Traded Funds,HKD
3020,3020.HK,X TRMSCIUSA,Exchange Traded Products,Exchange Traded Funds,HKD
3024,3024.HK,WISE SSE50ETF,Exchange Traded Products,Exchange Traded Funds,HKD
3029,3029.HK,GX HS ESG,Exchange Traded Products,Exchange Traded Funds,HKD
3030,3030.HK,CSOP GOLD,Exchange Traded Products,Exchange Traded Funds,HKD
3031,3031.HK,FG HS HIGHDIV,Exchange Traded Products,Exchange Traded Funds,HKD
3032,3032.HK,HSTECH ETF,Exchange Traded Products,Exchange Traded Funds,HKD
3033,3033.HK,CSOP HS TECH,Exchange Traded Products,Exchange Traded Funds,HKD
3034,3034.HK,CSOP NASDAQ100,Exchange Traded Products,Exchange Traded Funds,HKD
3036,3036.HK,TRMSCITAIWAN,Exchange Traded Products,Exchange Traded Funds,HKD
3037,3037.HK,CSOP HSI ETF,Exchange Traded Products,Exchange Traded Funds,HKD
3038,3038.HK,HS ALOWCARBON,Exchange Traded Products,Exchange Traded Funds,HKD
3039,3039.HK,EFUNDHSIESG,Exchange Traded Products,Exchange Traded Funds,HKD
3040,3040.HK,GX MSCI CHINA,Exchange Traded Products,Exchange Traded Funds,HKD
3041,3041.HK,GX CN PB BOND,Exchange Traded Products,Exchange Traded Funds,HKD
3042,3042.HK,CAM BTC,Exchange Traded Products,Exchange Traded Funds,HKD
3046,3046.HK,CAM ETH,Exchange Traded Products,Exchange Traded Funds,HKD
3047,3047.HK,F SSIFIRONORE,Exchange Traded Products,Exchange Traded Funds,HKD
3050,3050.HK,GX CN GL LEADER,Exchange Traded Products,Exchange Traded Funds,HKD
3053,3053.HK,A CSOP HKD MM,Exchange Traded Products,Exchange Traded Funds,HKD
3056,3056.HK,A PANDO INNO,Exchange Traded Products,Exchange Traded Funds,HKD
3059,3059.HK,GX AGREENBOND,Exchange Traded Products,Exchange Traded Funds,HKD
3064,3064.HK,GX APAC,Exchange Traded Products,Exchange Traded Funds,HKD
3066,3066.HK,FA CSOP BTC,Exchange Traded Products,Exchange Traded Funds,HKD
3067,3067.HK,ISHARESHSTECH,Exchange Traded Products,Exchange Traded Funds,HKD
3068,3068.HK,FA CSOP ETH,Exchange Traded Products,Exchange Traded Funds,HKD
3069,3069.HK,CAM HSBIOTECH,Exchange Traded Products,Exchange Traded Funds,HKD
3070,3070.HK,PING AN HKDIV,Exchange Traded Products,Exchange Traded Funds,HKD
3071,3071.HK,A CICC HKD,Exchange Traded Products,Exchange Traded Funds,HKD
3074,3074.HK,ISHARESMSCITW,Exchange Traded Products,Exchange Traded Funds,HKD
3075,3075.HK,GX ASUSD BOND,Exchange Traded Products,Exchange Traded Funds,HKD
3076,3076.HK,FB TW SEMICON,Exchange Traded Products,Exchange Traded Funds,HKD
3077,3077.HK,PREMIA UST,Exchange Traded Products,Exchange Traded Funds,HKD
3081,3081.HK,VALUEGOLD ETF,Exchange Traded Products,Exchange Traded Funds,HKD
3084,3084.HK,A GX INDIA,Exchange Traded Products,Exchange Traded Funds,HKD
3085,3085.HK,PANDO ETH,Exchange Traded Products,Exchange Traded Funds,HKD
3086,3086.HK,CAM NASDAQ100,Exchange Traded Products,Exchange Traded Funds,HKD
3087,3087.HK,X TRVIET,Exchange Traded Products,Exchange Traded Funds,HKD
3088,3088.HK,CAM HS TECH,Exchange Traded Products,Exchange Traded Funds,HKD
3096,3096.HK,A CSOP USD MM,Exchange Traded Products,Exchange Traded Funds,HKD
3097,3097.HK,F GX OIL,Exchange Traded Products,Exchange Traded Funds,HKD
3101,3101.HK,CSOP A500,Exchange Traded Products,Exchange Traded Funds,HKD
3102,3102.HK,ICBCU KS KWEB,Exchange Traded Products,Exchange Traded Funds,HKD
3104,3104.HK,A GX EM ASIA,Exchange Traded Products,Exchange Traded Funds,HKD
3108,3108.HK,HGI ESGLEADER,Exchange Traded Products,Exchange Traded Funds,HKD
3109,3109.HK,CSOP STAR 50,Exchange Traded Products,Exchange Traded Funds,HKD
3110,3110.HK,GX HS HIGHDIV,Exchange Traded Products,Exchange Traded Funds,HKD
3111,3111.HK,EFUNDMSCIA50,Exchange Traded Products,Exchange Traded Funds,HKD
3112,3112.HK,A PANDO BLKC,Exchange Traded Products,Exchange Traded Funds,HKD
3115,3115.HK,ISHARESHSI,Exchange Traded Products,Exchange Traded Funds,HKD
3116,3116.HK,GX AP HIGH DIV,Exchange Traded Products,Exchange Traded Funds,HKD
3118,3118.HK,HGI MSCI CN A,Exchange Traded Products,Exchange Traded Funds,HKD
3119,3119.HK,GX ASIA SEMICON,Exchange Traded Products,Exchange Traded Funds,HKD
3121,3121.HK,CSOP KOSPI,Exchange Traded Products,Exchange Traded Funds,HKD
3122,3122.HK,A CSOP RMB MM,Exchange Traded Products,Exchange Traded Funds,HKD
3128,3128.HK,HS AINDTOPETF,Exchange Traded Products,Exchange Traded Funds,HKD
3129,3129.HK,BOCGBACLIMATE,Exchange Traded Products,Exchange Traded Funds,HKD
3132,3132.HK,SAMSUNG SEMICON,Exchange Traded Products,Exchange Traded Funds,HKD
3133,3133.HK,CSOP CSI300,Exchange Traded Products,Exchange Traded Funds,HKD
3134,3134.HK,CSOP CSI PV,Exchange Traded Products,Exchange Traded Funds,HKD
3135,3135.HK,FA SAMSUNG BTC,Exchange Traded Products,Exchange Traded Funds,HKD
3136,3136.HK,HSI ESG ETF,Exchange Traded Products,Exchange Traded Funds,HKD
3137,3137.HK,A GX USD MM,Exchange Traded Products,Exchange Traded Funds,HKD
3139,3139.HK,A GX EV ROBOT,Exchange Traded Products,Exchange Traded Funds,HKD
3140,3140.HK,CAM HKUS AI,Exchange Traded Products,Exchange Traded Funds,HKD
3141,3141.HK,CAM ASIA IGB,Exchange Traded Products,Exchange Traded Funds,HKD
3145,3145.HK,CAM ASIA HIGHDV,Exchange Traded Products,Exchange Traded Funds,HKD
3146,3146.HK,CAM 20 UST,Exchange Traded Products,Exchange Traded Funds,HKD
3147,3147.HK,X CSOPCHINEXT,Exchange Traded Products,Exchange Traded Funds,HKD
3150,3150.HK,GX JP GL LEADER,Exchange Traded Products,Exchange Traded Funds,HKD
3151,3151.HK,PREMIA STAR50,Exchange Traded Products,Exchange Traded Funds,HKD
3152,3152.HK,A BOS HKD MM,Exchange Traded Products,Exchange Traded Funds,HKD
3153,3153.HK,CSOP NIKKEI225,Exchange Traded Products,Exchange Traded Funds,HKD
3156,3156.HK,BOS 20 UST,Exchange Traded Products,Exchange Traded Funds,HKD
3158,3158.HK,GX KPOP CULTURE,Exchange Traded Products,Exchange Traded Funds,HKD
3160,3160.HK,CAM JAPAN HDG,Exchange Traded Products,Exchange Traded Funds,HKD
3161,3161.HK,A CAM RMB MM,Exchange Traded Products,Exchange Traded Funds,HKD
3165,3165.HK,CAM EU QLTY HDG,Exchange Traded Products,Exchange Traded Funds,HKD
3167,3167.HK,ICBCCSOPCHINA,Exchange Traded Products,Exchange Traded Funds,HKD
3169,3169.HK,HGI G2 TECH 50,Exchange Traded Products,Exchange Traded Funds,HKD
3170,3170.HK,HS GOLD ETF,Exchange Traded Products,Exchange Traded Funds,HKD
3171,3171.HK,A SS BLOCKCHAIN,Exchange Traded Products,Exchange Traded Funds,HKD
3173,3173.HK,PP CN NEWECON,Exchange Traded Products,Exchange Traded Funds,HKD
3174,3174.HK,CSOP HSBIOTECH,Exchange Traded Products,Exchange Traded Funds,HKD
3175,3175.HK,F SAMSUNG OIL,Exchange Traded Products,Exchange Traded Funds,HKD
3176,3176.HK,A TK USD MM,Exchange Traded Products,Exchange Traded Funds,HKD
3179,3179.HK,HGI ETH,Exchange Traded Products,Exchange Traded Funds,HKD
3181,3181.HK,PREMIAASIATEC,Exchange Traded Products,Exchange Traded Funds,HKD
3182,3182.HK,WISE NEWECONESG,Exchange Traded Products,Exchange Traded Funds,HKD
3184,3184.HK,GX INDIA TOP 10,Exchange Traded Products,Exchange Traded Funds,HKD
3185,3185.HK,GX FINTECH,Exchange Traded Products,Exchange Traded Funds,HKD
3186,3186.HK,EFUND BIOPHAR,Exchange Traded Products,Exchange Traded Funds,HKD
3187,3187.HK,SAMSUNG REITS,Exchange Traded Products,Exchange Traded Funds,HKD
3188,3188.HK,CAM CSI300,Exchange Traded Products,Exchange Traded Funds,HKD
3189,3189.HK,EFUND LIQUOR,Exchange Traded Products,Exchange Traded Funds,HKD
3190,3190.HK,FB SSH HIGH DIV,Exchange Traded Products,Exchange Traded Funds,HKD
3191,3191.HK,GX CN SEMICON,Exchange Traded Products,Exchange Traded Funds,HKD
3192,3192.HK,A BOS RMB MM,Exchange Traded Products,Exchange Traded Funds,HKD
3193,3193.HK,CSOP CSI 5G,Exchange Traded Products,Exchange Traded Funds,HKD
3195,3195.HK,HS S&P500,Exchange Traded Products,Exchange Traded Funds,HKD
3196,3196.HK,A BOS USD MM,Exchange Traded Products,Exchange Traded Funds,HKD
3199,3199.HK,ICBCCSOP CGPB,Exchange Traded Products,Exchange Traded Funds,HKD
3200,3200.HK,HANS CNC,Equity,Equity Securities (Main Board),HKD
3268,3268.HK,MEIG,Equity,Equity Securities (Main Board),HKD
3277,3277.HK,GPIXEL,Equity,Equity Securities (Main Board),HKD
3288,3288.HK,HAITIAN FLAV,Equity,Equity Securities (Main Board),HKD
3296,3296.HK,HUAQIN,Equity,Equity Securities (Main Board),HKD
3300,3300.HK,CHINA GLASS,Equity,Equity Securities (Main Board),HKD
3301,3301.HK,RONSHINECHINA,Equity,Equity Securities (Main Board),HKD
3302,3302.HK,KINERGY,Equity,Equity Securities (Main Board),HKD
3303,3303.HK,JUTAL OIL SER,Equity,Equity Securities (Main Board),HKD
3306,3306.HK,JNBY,Equity,Equity Securities (Main Board),HKD
3308,3308.HK,ZJ INNOLIGHT,Equity,Equity Securities (Main Board),HKD
3309,3309.HK,C-MER MEDICAL,Equity,Equity Securities (Main Board),HKD
3310,3310.HK,VIEWTRIX TECH,Equity,Equity Securities (Main Board),HKD
3311,3311.HK,CHINA STATE CON,Equity,Equity Securities (Main Board),HKD
3313,3313.HK,ARTGO HOLD-NEW,Equity,Equity Securities (Main Board),HKD
3315,3315.HK,GOLDPAC GROUP,Equity,Equity Securities (Main Board),HKD
3316,3316.HK,BINJIANG SER,Equity,Equity Securities (Main Board),HKD
3317,3317.HK,XUNCE,Equity,Equity Securities (Main Board),HKD
3318,3318.HK,CHINA BOTON,Equity,Equity Securities (Main Board),HKD
3319,3319.HK,A-LIVING,Equity,Equity Securities (Main Board),HKD
3320,3320.HK,CHINARES PHARMA,Equity,Equity Securities (Main Board),HKD
3321,3321.HK,ZHONGKE GROUP,Equity,Equity Securities (Main Board),HKD
3322,3322.HK,WIN HANVERKY,Equity,Equity Securities (Main Board),HKD
3323,3323.HK,CNBM,Equity,Equity Securities (Main Board),HKD
3328,3328.HK,BANKCOMM,Equity,Equity Securities (Main Board),HKD
3329,3329.HK,BOCOM INTL,Equity,Equity Securities (Main Board),HKD
3330,3330.HK,LINGBAO GOLD,Equity,Equity Securities (Main Board),HKD
3332,3332.HK,SINOLIFE UTD,Equity,Equity Securities (Main Board),HKD
3336,3336.HK,JU TENG INTL,Equity,Equity Securities (Main Board),HKD
3337,3337.HK,ANTON OILFIELD,Equity,Equity Securities (Main Board),HKD
3339,3339.HK,LONKING,Equity,Equity Securities (Main Board),HKD
3347,3347.HK,TIGERMED,Equity,Equity Securities (Main Board),HKD
3348,3348.HK,CHINA PENGFEI,Equity,Equity Securities (Main Board),HKD
3355,3355.HK,FS.COM,Equity,Equity Securities (Main Board),HKD
3360,3360.HK,FE HORIZON,Equity,Equity Securities (Main Board),HKD
3363,3363.HK,ZHENGYE INT'L,Equity,Equity Securities (Main Board),HKD
3366,3366.HK,OCT (ASIA),Equity,Equity Securities (Main Board),HKD
3368,3368.HK,PARKSON GROUP,Equity,Equity Securities (Main Board),HKD
3369,3369.HK,QHD PORT,Equity,Equity Securities (Main Board),HKD
3377,3377.HK,SINO-OCEAN GP,Equity,Equity Securities (Main Board),HKD
3378,3378.HK,HANXBIO-B,Equity,Equity Securities (Main Board),HKD
3380,3380.HK,LOGAN GROUP,Equity,Equity Securities (Main Board),HKD
3382,3382.HK,TIANJINPORT DEV,Equity,Equity Securities (Main Board),HKD
3383,3383.HK,AGILE GROUP,Equity,Equity Securities (Main Board),HKD
3388,3388.HK,CREALITY,Equity,Equity Securities (Main Board),HKD
3389,3389.HK,HENGDELI,Equity,Equity Securities (Main Board),HKD
3390,3390.HK,TYCOON GROUP,Equity,Equity Securities (Main Board),HKD
3393,3393.HK,WASION HOLDINGS,Equity,Equity Securities (Main Board),HKD
3395,3395.HK,JX ENERGY,Equity,Equity Securities (Main Board),HKD
3396,3396.HK,LEGENDHOLDING,Equity,Equity Securities (Main Board),HKD
3398,3398.HK,CHINA TING,Equity,Equity Securities (Main Board),HKD
3399,3399.HK,YUEYUN TRANS,Equity,Equity Securities (Main Board),HKD
3401,3401.HK,GX AI INFRA,Exchange Traded Products,Exchange Traded Funds,HKD
3402,3402.HK,GX G2TECH,Exchange Traded Products,Exchange Traded Funds,HKD
3403,3403.HK,CAM HSI ESG,Exchange Traded Products,Exchange Traded Funds,HKD
3404,3404.HK,CAM MSCIINDIA,Exchange Traded Products,Exchange Traded Funds,HKD
3406,3406.HK,PA TECHSELECT,Exchange Traded Products,Exchange Traded Funds,HKD
3410,3410.HK,HS JAPAN TPX100,Exchange Traded Products,Exchange Traded Funds,HKD
3411,3411.HK,PP ASIA IGUSD,Exchange Traded Products,Exchange Traded Funds,HKD
3412,3412.HK,A DOO PAYMENTS,Exchange Traded Products,Exchange Traded Funds,HKD
3413,3413.HK,A DOO AI,Exchange Traded Products,Exchange Traded Funds,HKD
3415,3415.HK,A GXS&P500CC,Exchange Traded Products,Exchange Traded Funds,HKD
3416,3416.HK,A GX HSCEICC,Exchange Traded Products,Exchange Traded Funds,HKD
3417,3417.HK,A GX HSTCC,Exchange Traded Products,Exchange Traded Funds,HKD
3418,3418.HK,CAM DIGI GOLD,Exchange Traded Products,Exchange Traded Funds,HKD
3419,3419.HK,A GX HSICC,Exchange Traded Products,Exchange Traded Funds,HKD
3420,3420.HK,A VP RMB MM,Exchange Traded Products,Exchange Traded Funds,HKD
3421,3421.HK,A VP HKD MM,Exchange Traded Products,Exchange Traded Funds,HKD
3422,3422.HK,GX INNO TOP 10,Exchange Traded Products,Exchange Traded Funds,HKD
3423,3423.HK,CMS HS TECH,Exchange Traded Products,Exchange Traded Funds,HKD
3425,3425.HK,MBC ETH,Exchange Traded Products,Exchange Traded Funds,HKD
3426,3426.HK,A DOO WEB3,Exchange Traded Products,Exchange Traded Funds,HKD
3427,3427.HK,FB MULTIASSET,Exchange Traded Products,Exchange Traded Funds,HKD
3428,3428.HK,GX CL HK-US,Exchange Traded Products,Exchange Traded Funds,HKD
3430,3430.HK,MBC BTC,Exchange Traded Products,Exchange Traded Funds,HKD
3431,3431.HK,CSOP HKKRTECH,Exchange Traded Products,Exchange Traded Funds,HKD
3432,3432.HK,CSOP HKCNCON,Exchange Traded Products,Exchange Traded Funds,HKD
3433,3433.HK,CSOP UST20,Exchange Traded Products,Exchange Traded Funds,HKD
3434,3434.HK,EFUND DIGITAL,Exchange Traded Products,Exchange Traded Funds,HKD
3435,3435.HK,HSCMS 7-10Y UST,Exchange Traded Products,Exchange Traded Funds,HKD
3436,3436.HK,HSCMS 1-3Y UST,Exchange Traded Products,Exchange Traded Funds,HKD
3437,3437.HK,BOS CSOE HIDV,Exchange Traded Products,Exchange Traded Funds,HKD
3439,3439.HK,HGI BTC,Exchange Traded Products,Exchange Traded Funds,HKD
3440,3440.HK,GX 0-3M UST,Exchange Traded Products,Exchange Traded Funds,HKD
3441,3441.HK,CSOP EWSELECT,Exchange Traded Products,Exchange Traded Funds,HKD
3442,3442.HK,CSOP HKUSTECH,Exchange Traded Products,Exchange Traded Funds,HKD
3443,3443.HK,CSOP HK EQUITY,Exchange Traded Products,Exchange Traded Funds,HKD
3444,3444.HK,HS HK EQUITY,Exchange Traded Products,Exchange Traded Funds,HKD
3447,3447.HK,CSOP AP REITS,Exchange Traded Products,Exchange Traded Funds,HKD
3448,3448.HK,GX CHINA TECH,Exchange Traded Products,Exchange Traded Funds,HKD
3450,3450.HK,GX 3-5Y UST,Exchange Traded Products,Exchange Traded Funds,HKD
3451,3451.HK,A GXNASDAQCC,Exchange Traded Products,Exchange Traded Funds,HKD
3453,3453.HK,PREMIA TW50,Exchange Traded Products,Exchange Traded Funds,HKD
3454,3454.HK,CSOP MAG7,Exchange Traded Products,Exchange Traded Funds,HKD
3455,3455.HK,INVESCO QQQ,Exchange Traded Products,Exchange Traded Funds,HKD
3456,3456.HK,EFUND HKEX TECH,Exchange Traded Products,Exchange Traded Funds,HKD
3457,3457.HK,A TK HKD MM,Exchange Traded Products,Exchange Traded Funds,HKD
3460,3460.HK,CAM SOL,Exchange Traded Products,Exchange Traded Funds,HKD
3461,3461.HK,A CAM RMBTMMF,Exchange Traded Products,Exchange Traded Funds,HKD
3466,3466.HK,HS HIGH DIV,Exchange Traded Products,Exchange Traded Funds,HKD
3469,3469.HK,CSOP SCHIGHDIV,Exchange Traded Products,Exchange Traded Funds,HKD
3470,3470.HK,GX GREATERCHINA,Exchange Traded Products,Exchange Traded Funds,HKD
3471,3471.HK,A CAM HKDTMMF,Exchange Traded Products,Exchange Traded Funds,HKD
3472,3472.HK,A CAM USDTMMF,Exchange Traded Products,Exchange Traded Funds,HKD
3473,3473.HK,CSOP ASIA TECH,Exchange Traded Products,Exchange Traded Funds,HKD
3476,3476.HK,A HSJPUSINCOME,Exchange Traded Products,Exchange Traded Funds,HKD
3477,3477.HK,PA EW SELECT,Exchange Traded Products,Exchange Traded Funds,HKD
3478,3478.HK,PPKSA G SUKUK,Exchange Traded Products,Exchange Traded Funds,HKD
3480,3480.HK,A VP USD MM,Exchange Traded Products,Exchange Traded Funds,HKD
3483,3483.HK,EFUND APAC HD,Exchange Traded Products,Exchange Traded Funds,HKD
3486,3486.HK,EFUND A SEMICON,Exchange Traded Products,Exchange Traded Funds,HKD
3488,3488.HK,VP DIV LO VOL,Exchange Traded Products,Exchange Traded Funds,HKD
3489,3489.HK,EFUND AI,Exchange Traded Products,Exchange Traded Funds,HKD
3509,3509.HK,EFUND MPF CN A,Exchange Traded Products,Exchange Traded Funds,HKD
3519,3519.HK,A HSCEICC,Exchange Traded Products,Exchange Traded Funds,HKD
3533,3533.HK,XA GX GOLD CC,Exchange Traded Products,Exchange Traded Funds,HKD
3535,3535.HK,CSOP HKJPCF,Exchange Traded Products,Exchange Traded Funds,HKD
3537,3537.HK,A CSOP KOSPICC,Exchange Traded Products,Other Unit Trusts/Mutual Funds,HKD
3579,3579.HK,EFUND MPF HK,Exchange Traded Products,Exchange Traded Funds,HKD
3589,3589.HK,A HSTECHCC,Exchange Traded Products,Exchange Traded Funds,HKD
3600,3600.HK,MODERN DENTAL,Equity,Equity Securities (Main Board),HKD
3601,3601.HK,LUDASHI,Equity,Equity Securities (Main Board),HKD
3603,3603.HK,XINJI SHAXI,Equity,Equity Securities (Main Board),HKD
3606,3606.HK,FUYAO GLASS,Equity,Equity Securities (Main Board),HKD
3613,3613.HK,TONGRENTANGCM,Equity,Equity Securities (Main Board),HKD
3616,3616.HK,EVER REACH GP,Equity,Equity Securities (Main Board),HKD
3618,3618.HK,CQRC BANK,Equity,Equity Securities (Main Board),HKD
3623,3623.HK,C SUCCESS FIN,Equity,Equity Securities (Main Board),HKD
3625,3625.HK,FOURSEMI,Equity,Equity Securities (Main Board),HKD
3626,3626.HK,EAST NOVA HLDGS,Equity,Equity Securities (Main Board),HKD
3628,3628.HK,RENHENG ENT,Equity,Equity Securities (Main Board),HKD
3633,3633.HK,ZHONGYU ENERGY,Equity,Equity Securities (Main Board),HKD
3636,3636.HK,JINXUN RESOURCE,Equity,Equity Securities (Main Board),HKD
3638,3638.HK,HUNLICAR GROUP,Equity,Equity Securities (Main Board),HKD
3639,3639.HK,YIDA CHINA,Equity,Equity Securities (Main Board),HKD
3650,3650.HK,KEEP,Equity,Equity Securities (Main Board),HKD
3658,3658.HK,NEW HOPE SERV,Equity,Equity Securities (Main Board),HKD
3660,3660.HK,QFIN-S,Equity,Equity Securities (Main Board),HKD
3661,3661.HK,SG MICRO,Equity,Equity Securities (Main Board),HKD
3662,3662.HK,STARJOY W&T,Equity,Equity Securities (Main Board),HKD
3666,3666.HK,SHANGHAI XNG,Equity,Equity Securities (Main Board),HKD
3668,3668.HK,YANCOAL AUS,Equity,Equity Securities (Main Board),HKD
3669,3669.HK,YONGDA AUTO,Equity,Equity Securities (Main Board),HKD
3677,3677.HK,ZENERGY,Equity,Equity Securities (Main Board),HKD
3678,3678.HK,HOLLY FUTURES,Equity,Equity Securities (Main Board),HKD
3680,3680.HK,RUIHE DATA,Equity,Equity Securities (Main Board),HKD
3681,3681.HK,SINOMAB BIO-B,Equity,Equity Securities (Main Board),HKD
3683,3683.HK,GREAT HARVEST,Equity,Equity Securities (Main Board),HKD
3686,3686.HK,CLIFFORDML,Equity,Equity Securities (Main Board),HKD
3688,3688.HK,TOP SPRING,Equity,Equity Securities (Main Board),HKD
3689,3689.HK,KANGHUA HEALTH,Equity,Equity Securities (Main Board),HKD
3690,3690.HK,MEITUAN-W,Equity,Equity Securities (Main Board),HKD
3692,3692.HK,HANSOH PHARMA,Equity,Equity Securities (Main Board),HKD
3696,3696.HK,INSILICO,Equity,Equity Securities (Main Board),HKD
3698,3698.HK,HUISHANG BANK,Equity,Equity Securities (Main Board),HKD
3699,3699.HK,EB GRAND CHINA,Equity,Equity Securities (Main Board),HKD
3700,3700.HK,INKEVERSE,Equity,Equity Securities (Main Board),HKD
3708,3708.HK,WORLD DIGI ECON,Equity,Equity Securities (Main Board),HKD
3709,3709.HK,EEKA FASHION,Equity,Equity Securities (Main Board),HKD
3718,3718.HK,BJ ENT URBAN,Equity,Equity Securities (Main Board),HKD
3728,3728.HK,CHING LEE,Equity,Equity Securities (Main Board),HKD
3737,3737.HK,ZHONGZHIPHARM,Equity,Equity Securities (Main Board),HKD
3738,3738.HK,VOBILE GROUP,Equity,Equity Securities (Main Board),HKD
3750,3750.HK,CATL,Equity,Equity Securities (Main Board),HKD
3752,3752.HK,ROKAE ROBOTICS,Equity,Equity Securities (Main Board),HKD
3759,3759.HK,PHARMARON,Equity,Equity Securities (Main Board),HKD
3768,3768.HK,DCWT,Equity,Equity Securities (Main Board),HKD
3773,3773.HK,YS DIGIFAVOR,Equity,Equity Securities (Main Board),HKD
3774,3774.HK,FAMEGLOW,Equity,Equity Securities (Main Board),HKD
3778,3778.HK,CHINA WEAVING,Equity,Equity Securities (Main Board),HKD
3788,3788.HK,HANKING GOLD,Equity,Equity Securities (Main Board),HKD
3789,3789.HK,ROYAL DELUXE,Equity,Equity Securities (Main Board),HKD
3798,3798.HK,HOMELAND ITL,Equity,Equity Securities (Main Board),HKD
3800,3800.HK,GCL TECH,Equity,Equity Securities (Main Board),HKD
3808,3808.HK,SINOTRUK,Equity,Equity Securities (Main Board),HKD
3813,3813.HK,POU SHENG INT'L,Equity,Equity Securities (Main Board),HKD
3816,3816.HK,KFM KINGDOM,Equity,Equity Securities (Main Board),HKD
3818,3818.HK,CHINA DONGXIANG,Equity,Equity Securities (Main Board),HKD
3822,3822.HK,SAM WOO CONS,Equity,Equity Securities (Main Board),HKD
3828,3828.HK,MING FAI INT'L,Equity,Equity Securities (Main Board),HKD
3830,3830.HK,KIDDIELAND,Equity,Equity Securities (Main Board),HKD
3833,3833.HK,XINXIN MINING,Equity,Equity Securities (Main Board),HKD
3836,3836.HK,HARMONY AUTO,Equity,Equity Securities (Main Board),HKD
3838,3838.HK,CHINA STARCH,Equity,Equity Securities (Main Board),HKD
3839,3839.HK,CPBIO,Equity,Equity Securities (Main Board),HKD
3848,3848.HK,HAOSEN FINT-NEW,Equity,Equity Securities (Main Board),HKD
3858,3858.HK,JIAXIN INTL RES,Equity,Equity Securities (Main Board),HKD
3860,3860.HK,EPS HEALTH TECH,Equity,Equity Securities (Main Board),HKD
3866,3866.HK,BQD,Equity,Equity Securities (Main Board),HKD
3868,3868.HK,XINYI ENERGY,Equity,Equity Securities (Main Board),HKD
3869,3869.HK,HOSPITAL CORP,Equity,Equity Securities (Main Board),HKD
3877,3877.HK,CSSC SHIPPING,Equity,Equity Securities (Main Board),HKD
3878,3878.HK,VICON HOLDINGS,Equity,Equity Securities (Main Board),HKD
3880,3880.HK,MEDTIDE,Equity,Equity Securities (Main Board),HKD
3881,3881.HK,CIDI,Equity,Equity Securities (Main Board),HKD
3882,3882.HK,SKYLIGHT HLDG,Equity,Equity Securities (Main Board),HKD
3883,3883.HK,CHINA AOYUAN,Equity,Equity Securities (Main Board),HKD
3886,3886.HK,TOWN HEALTH,Equity,Equity Securities (Main Board),HKD
3887,3887.HK,HASHKEY HLDGS,Equity,Equity Securities (Main Board),HKD
3888,3888.HK,KINGSOFT,Equity,Equity Securities (Main Board),HKD
3889,3889.HK,GLOBAL CORN GP,Equity,Equity Securities (Main Board),HKD
3893,3893.HK,CROSSTEC,Equity,Equity Securities (Main Board),HKD
3896,3896.HK,KINGSOFT CLOUD,Equity,Equity Securities (Main Board),HKD
3898,3898.HK,TIMES ELECTRIC,Equity,Equity Securities (Main Board),HKD
3899,3899.HK,CIMC ENRIC,Equity,Equity Securities (Main Board),HKD
3900,3900.HK,GREENTOWN CHINA,Equity,Equity Securities (Main Board),HKD
3903,3903.HK,HANHUA FIN,Equity,Equity Securities (Main Board),HKD
3908,3908.HK,CICC,Equity,Equity Securities (Main Board),HKD
3913,3913.HK,KWG LIVING,Equity,Equity Securities (Main Board),HKD
3918,3918.HK,NAGACORP,Equity,Equity Securities (Main Board),HKD
3919,3919.HK,GOLDENPOWER,Equity,Equity Securities (Main Board),HKD
3928,3928.HK,CHINA NEXT-GEN,Equity,Equity Securities (Main Board),HKD
3931,3931.HK,CALB,Equity,Equity Securities (Main Board),HKD
3933,3933.HK,UNITED LAB,Equity,Equity Securities (Main Board),HKD
3938,3938.HK,LFG INV HLDGS,Equity,Equity Securities (Main Board),HKD
3939,3939.HK,WANGUO GOLD GP,Equity,Equity Securities (Main Board),HKD
3952,3952.HK,LAIFUAL,Equity,Equity Securities (Main Board),HKD
3958,3958.HK,DFZQ,Equity,Equity Securities (Main Board),HKD
3963,3963.HK,RONGZHONG FIN,Equity,Equity Securities (Main Board),HKD
3968,3968.HK,CM BANK,Equity,Equity Securities (Main Board),HKD
3969,3969.HK,CHINA CRSC,Equity,Equity Securities (Main Board),HKD
3978,3978.HK,BESTSTUDY EDU,Equity,Equity Securities (Main Board),HKD
3983,3983.HK,CHINA BLUECHEM,Equity,Equity Securities (Main Board),HKD
3986,3986.HK,GIGADEVICE,Equity,Equity Securities (Main Board),HKD
3988,3988.HK,BANK OF CHINA,Equity,Equity Securities (Main Board),HKD
3989,3989.HK,CAPITAL ENV,Equity,Equity Securities (Main Board),HKD
3990,3990.HK,MIDEA REAL EST,Equity,Equity Securities (Main Board),HKD
3991,3991.HK,CHANGHONG JH,Equity,Equity Securities (Main Board),HKD
3993,3993.HK,CMOC,Equity,Equity Securities (Main Board),HKD
3996,3996.HK,CH ENERGY ENG,Equity,Equity Securities (Main Board),HKD
3997,3997.HK,TSO,Equity,Equity Securities (Main Board),HKD
3998,3998.HK,BOSIDENG,Equity,Equity Securities (Main Board),HKD
3999,3999.HK,DACHAN FOOD,Equity,Equity Securities (Main Board),HKD
6030,6030.HK,CITIC SEC,Equity,Equity Securities (Main Board),HKD
6031,6031.HK,SANY HEAVY IND,Equity,Equity Securities (Main Board),HKD
6033,6033.HK,TELECOM DIGIT,Equity,Equity Securities (Main Board),HKD
6036,6036.HK,APEX ACE HLDG,Equity,Equity Securities (Main Board),HKD
6038,6038.HK,G & M HLDGS,Equity,Equity Securities (Main Board),HKD
6049,6049.HK,POLY PPT SER,Equity,Equity Securities (Main Board),HKD
6051,6051.HK,YOUZAN-NEW,Equity,Equity Securities (Main Board),HKD
6055,6055.HK,CTIHK,Equity,Equity Securities (Main Board),HKD
6058,6058.HK,CISI FIN,Equity,Equity Securities (Main Board),HKD
6060,6060.HK,ZA ONLINE,Equity,Equity Securities (Main Board),HKD
6063,6063.HK,LOTUS HORIZON,Equity,Equity Securities (Main Board),HKD
6066,6066.HK,CSC,Equity,Equity Securities (Main Board),HKD
6067,6067.HK,SENIOR MATERIAL,Equity,Equity Securities (Main Board),HKD
6068,6068.HK,WISDOM EDU INTL,Equity,Equity Securities (Main Board),HKD
6069,6069.HK,SY HOLDINGS,Equity,Equity Securities (Main Board),HKD
6078,6078.HK,HYGEIA HEALTH,Equity,Equity Securities (Main Board),HKD
6080,6080.HK,WING CHI HLDGS,Equity,Equity Securities (Main Board),HKD
6082,6082.HK,BIREN TECH,Equity,Equity Securities (Main Board),HKD
6083,6083.HK,WORLD-LINK LOG,Equity,Equity Securities (Main Board),HKD
6086,6086.HK,FANGZHOU JIANKE,Equity,Equity Securities (Main Board),HKD
6088,6088.HK,FIT HON TENG,Equity,Equity Securities (Main Board),HKD
6090,6090.HK,BUTONG GROUP,Equity,Equity Securities (Main Board),HKD
6093,6093.HK,HEVOL SERVICES,Equity,Equity Securities (Main Board),HKD
6098,6098.HK,CG SERVICES,Equity,Equity Securities (Main Board),HKD
6099,6099.HK,CMSC,Equity,Equity Securities (Main Board),HKD
6100,6100.HK,TONGDAO LIEPIN,Equity,Equity Securities (Main Board),HKD
6106,6106.HK,SEER TECH,Equity,Equity Securities (Main Board),HKD
6108,6108.HK,NEW RAY MEDIC,Equity,Equity Securities (Main Board),HKD
6110,6110.HK,TOPSPORTS,Equity,Equity Securities (Main Board),HKD
6113,6113.HK,BITSTRAT HLDGS,Equity,Equity Securities (Main Board),HKD
6117,6117.HK,RIZHAO PORT JR,Equity,Equity Securities (Main Board),HKD
6118,6118.HK,AUSTAR,Equity,Equity Securities (Main Board),HKD
6119,6119.HK,TIAN YUAN GP,Equity,Equity Securities (Main Board),HKD
6123,6123.HK,YTO INTL EXP,Equity,Equity Securities (Main Board),HKD
6127,6127.HK,JOINN,Equity,Equity Securities (Main Board),HKD
6128,6128.HK,GRAPHEX GROUP,Equity,Equity Securities (Main Board),HKD
6132,6132.HK,HJ SCIENCE-B,Equity,Equity Securities (Main Board),HKD
6133,6133.HK,VITAL INNO,Equity,Equity Securities (Main Board),HKD
6136,6136.HK,KANGDA ENV,Equity,Equity Securities (Main Board),HKD
6138,6138.HK,HARBIN BANK,Equity,Equity Securities (Main Board),HKD
6158,6158.HK,ZHENRO PPT,Equity,Equity Securities (Main Board),HKD
6160,6160.HK,BEONE MEDICINES,Equity,Equity Securities (Main Board),HKD
6162,6162.HK,TR INTERIORS,Equity,Equity Securities (Main Board),HKD
6163,6163.HK,GEMILANG INTL,Equity,Equity Securities (Main Board),HKD
6166,6166.HK,CIG,Equity,Equity Securities (Main Board),HKD
6168,6168.HK,ZHOU LIU FU,Equity,Equity Securities (Main Board),HKD
6169,6169.HK,YUHUA EDU,Equity,Equity Securities (Main Board),HKD
6178,6178.HK,EB SECURITIES,Equity,Equity Securities (Main Board),HKD
6181,6181.HK,LAOPU GOLD,Equity,Equity Securities (Main Board),HKD
6182,6182.HK,TWINTEK,Equity,Equity Securities (Main Board),HKD
6185,6185.HK,CANSINOBIO,Equity,Equity Securities (Main Board),HKD
6186,6186.HK,CHINA FEIHE,Equity,Equity Securities (Main Board),HKD
6188,6188.HK,BJ DIGITAL,Equity,Equity Securities (Main Board),HKD
6189,6189.HK,ADWAY,Equity,Equity Securities (Main Board),HKD
6190,6190.HK,BANKOFJIUJIANG,Equity,Equity Securities (Main Board),HKD
6193,6193.HK,TAILAM TECHCON,Equity,Equity Securities (Main Board),HKD
6196,6196.HK,BANKOFZHENGZHOU,Equity,Equity Securities (Main Board),HKD
6198,6198.HK,QINGDAO PORT,Equity,Equity Securities (Main Board),HKD
6199,6199.HK,BANK OF GUIZHOU,Equity,Equity Securities (Main Board),HKD
6600,6600.HK,ONEROBOTICS,Equity,Equity Securities (Main Board),HKD
6601,6601.HK,CHEERWIN GP,Equity,Equity Securities (Main Board),HKD
6603,6603.HK,IFBH,Equity,Equity Securities (Main Board),HKD
6608,6608.HK,BAIRONG-W,Equity,Equity Securities (Main Board),HKD
6609,6609.HK,HEARTCARE-B,Equity,Equity Securities (Main Board),HKD
6610,6610.HK,FLOWING CLOUD,Equity,Equity Securities (Main Board),HKD
6611,6611.HK,SANXUN GROUP,Equity,Equity Securities (Main Board),HKD
6613,6613.HK,LENS,Equity,Equity Securities (Main Board),HKD
6616,6616.HK,GLOBAL NEW MAT,Equity,Equity Securities (Main Board),HKD
6618,6618.HK,JD HEALTH,Equity,Equity Securities (Main Board),HKD
6622,6622.HK,ZHAOKE OPHTH-B,Equity,Equity Securities (Main Board),HKD
6623,6623.HK,LUFAX,Equity,Equity Securities (Main Board),HKD
6626,6626.HK,YUEXIU SERVICES,Equity,Equity Securities (Main Board),HKD
6628,6628.HK,TRANSCENTA-B,Equity,Equity Securities (Main Board),HKD
6633,6633.HK,QINGCI GAMES,Equity,Equity Securities (Main Board),HKD
6636,6636.HK,EXTREME VISION,Equity,Equity Securities (Main Board),HKD
6639,6639.HK,ARRAIL GROUP,Equity,Equity Securities (Main Board),HKD
6651,6651.HK,51WORLD,Equity,Equity Securities (Main Board),HKD
6655,6655.HK,HX BLDG MAT,Equity,Equity Securities (Main Board),HKD
6656,6656.HK,SIGENERGY,Equity,Equity Securities (Main Board),HKD
6657,6657.HK,BAIWANG CO,Equity,Equity Securities (Main Board),HKD
6658,6658.HK,LIULIUMEI,Equity,Equity Securities (Main Board),HKD
6660,6660.HK,AIM VACCINE,Equity,Equity Securities (Main Board),HKD
6661,6661.HK,HUZHOU GAS,Equity,Equity Securities (Main Board),HKD
6663,6663.HK,IWS GROUP,Equity,Equity Securities (Main Board),HKD
6666,6666.HK,EVERG SERVICES,Equity,Equity Securities (Main Board),HKD
6667,6667.HK,MEGA GENOMICS,Equity,Equity Securities (Main Board),HKD
6668,6668.HK,E-STAR CM,Equity,Equity Securities (Main Board),HKD
6669,6669.HK,ACOTEC-B,Equity,Equity Securities (Main Board),HKD
6675,6675.HK,SENASIC,Equity,Equity Securities (Main Board),HKD
6676,6676.HK,ZG GROUP-W,Equity,Equity Securities (Main Board),HKD
6677,6677.HK,SINO-OCEAN SERV,Equity,Equity Securities (Main Board),HKD
6680,6680.HK,JLMAG,Equity,Equity Securities (Main Board),HKD
6681,6681.HK,BRAINAURORA-B,Equity,Equity Securities (Main Board),HKD
6682,6682.HK,PHANCY,Equity,Equity Securities (Main Board),HKD
6683,6683.HK,STARPLUS LEGEND,Equity,Equity Securities (Main Board),HKD
6686,6686.HK,NOAH HOLDINGS,Equity,Equity Securities (Main Board),HKD
6687,6687.HK,JST GROUP,Equity,Equity Securities (Main Board),HKD
6690,6690.HK,HAIER SMARTHOME,Equity,Equity Securities (Main Board),HKD
6693,6693.HK,CHIFENG GOLD,Equity,Equity Securities (Main Board),HKD
6696,6696.HK,MANY IDEA CLOUD,Equity,Equity Securities (Main Board),HKD
6698,6698.HK,STAR CM,Equity,Equity Securities (Main Board),HKD
6699,6699.HK,ANGELALIGN,Equity,Equity Securities (Main Board),HKD
6715,6715.HK,XUNLONG SCITECH,Equity,Equity Securities (Main Board),HKD
6745,6745.HK,BEFAR GROUP,Equity,Equity Securities (Main Board),HKD
6805,6805.HK,KIMOU ENVIRON,Equity,Equity Securities (Main Board),HKD
6806,6806.HK,SWHY,Equity,Equity Securities (Main Board),HKD
6808,6808.HK,SUNART RETAIL,Equity,Equity Securities (Main Board),HKD
6809,6809.HK,MONTAGE TECH,Equity,Equity Securities (Main Board),HKD
6810,6810.HK,SUNMI TECH-W,Equity,Equity Securities (Main Board),HKD
6811,6811.HK,TAI HING GROUP,Equity,Equity Securities (Main Board),HKD
6812,6812.HK,WINSON HLDGS HK,Equity,Equity Securities (Main Board),HKD
6816,6816.HK,PROSPER CONS,Equity,Equity Securities (Main Board),HKD
6818,6818.HK,CEB BANK,Equity,Equity Securities (Main Board),HKD
6820,6820.HK,FRIENDTIMES,Equity,Equity Securities (Main Board),HKD
6821,6821.HK,ASYMCHEM,Equity,Equity Securities (Main Board),HKD
6822,6822.HK,KING'S FLAIR,Equity,Equity Securities (Main Board),HKD
6823,6823.HK,HKT-SS,Equity,Equity Securities (Main Board),HKD
6826,6826.HK,HAOHAI BIOTEC,Equity,Equity Securities (Main Board),HKD
6828,6828.HK,BG BLUE SKY,Equity,Equity Securities (Main Board),HKD
6829,6829.HK,DRAGON RISE GP,Equity,Equity Securities (Main Board),HKD
6830,6830.HK,HUAZHONG IN-V,Equity,Equity Securities (Main Board),HKD
6831,6831.HK,GREEN TEA GROUP,Equity,Equity Securities (Main Board),HKD
6833,6833.HK,SINCO PHARMA,Equity,Equity Securities (Main Board),HKD
6838,6838.HK,WINOX,Equity,Equity Securities (Main Board),HKD
6839,6839.HK,YUNNAN WATER,Equity,Equity Securities (Main Board),HKD
6855,6855.HK,ASCENTAGE,Equity,Equity Securities (Main Board),HKD
6858,6858.HK,HONMAGOLF,Equity,Equity Securities (Main Board),HKD
6860,6860.HK,FINGERTANGO,Equity,Equity Securities (Main Board),HKD
6862,6862.HK,HAIDILAO,Equity,Equity Securities (Main Board),HKD
6865,6865.HK,FLAT GLASS,Equity,Equity Securities (Main Board),HKD
6866,6866.HK,ZUOLI KECHUANG,Equity,Equity Securities (Main Board),HKD
6868,6868.HK,TENFU,Equity,Equity Securities (Main Board),HKD
6869,6869.HK,YOFC,Equity,Equity Securities (Main Board),HKD
6871,6871.HK,ROBOTPHOENIX,Equity,Equity Securities (Main Board),HKD
6872,6872.HK,TENNOR THERAP-B,Equity,Equity Securities (Main Board),HKD
6877,6877.HK,TE HEALTHCARE,Equity,Equity Securities (Main Board),HKD
6878,6878.HK,DIFFER GP AUTO,Equity,Equity Securities (Main Board),HKD
6880,6880.HK,MOMENTA-W,Equity,Equity Securities (Main Board),HKD
6881,6881.HK,CGS,Equity,Equity Securities (Main Board),HKD
6882,6882.HK,EGL HOLDINGS,Equity,Equity Securities (Main Board),HKD
6883,6883.HK,ETERNAL BEAUTY,Equity,Equity Securities (Main Board),HKD
6885,6885.HK,JINMA ENERGY,Equity,Equity Securities (Main Board),HKD
6886,6886.HK,HTSC,Equity,Equity Securities (Main Board),HKD
6887,6887.HK,SUNSHINE PHARMA,Equity,Equity Securities (Main Board),HKD
6888,6888.HK,FREETECH,Equity,Equity Securities (Main Board),HKD
6889,6889.HK,DYNAM JAPAN,Equity,Equity Securities (Main Board),HKD
6890,6890.HK,KANGLI INT HLDG,Equity,Equity Securities (Main Board),HKD
6893,6893.HK,HINSANG GROUP,Equity,Equity Securities (Main Board),HKD
6896,6896.HK,GOLDEN THROAT,Equity,Equity Securities (Main Board),HKD
6898,6898.HK,CHINA ALUMCAN,Equity,Equity Securities (Main Board),HKD
6899,6899.HK,OURGAME,Equity,Equity Securities (Main Board),HKD
6908,6908.HK,HG SEMI,Equity,Equity Securities (Main Board),HKD
6909,6909.HK,BETTERLIFE HLDG,Equity,Equity Securities (Main Board),HKD
6911,6911.HK,LANCANG TEA,Equity,Equity Securities (Main Board),HKD
6913,6913.HK,SCVE GROUP,Equity,Equity Securities (Main Board),HKD
6915,6915.HK,JIANGXI BIO,Equity,Equity Securities (Main Board),HKD
6918,6918.HK,KIDZTECH,Equity,Equity Securities (Main Board),HKD
6919,6919.HK,RENRUI HR,Equity,Equity Securities (Main Board),HKD
6922,6922.HK,CRYOFOCUS-B,Equity,Equity Securities (Main Board),HKD
6928,6928.HK,TOMO HOLDINGS,Equity,Equity Securities (Main Board),HKD
6929,6929.HK,ORBUSNEICH,Equity,Equity Securities (Main Board),HKD
6933,6933.HK,SINO-ENTERTAIN,Equity,Equity Securities (Main Board),HKD
6936,6936.HK,SF HOLDING,Equity,Equity Securities (Main Board),HKD
6938,6938.HK,RIBOLIFE-B,Equity,Equity Securities (Main Board),HKD
6939,6939.HK,MEGAIN,Equity,Equity Securities (Main Board),HKD
6951,6951.HK,CCTC,Equity,Equity Securities (Main Board),HKD
6955,6955.HK,BOAN BIOTECH,Equity,Equity Securities (Main Board),HKD
6958,6958.HK,ZHENRO SERVICES,Equity,Equity Securities (Main Board),HKD
6959,6959.HK,CHANGJIU HLDGS,Equity,Equity Securities (Main Board),HKD
6960,6960.HK,SHUANGDENG,Equity,Equity Securities (Main Board),HKD
6963,6963.HK,SUNSHINE INS,Equity,Equity Securities (Main Board),HKD
6966,6966.HK,C WAN TONG YUAN,Equity,Equity Securities (Main Board),HKD
6968,6968.HK,GANGLONG CHINA,Equity,Equity Securities (Main Board),HKD
6969,6969.HK,SMOORE INTL,Equity,Equity Securities (Main Board),HKD
6978,6978.HK,IMMUNOTECH-B,Equity,Equity Securities (Main Board),HKD
6979,6979.HK,ZJLD,Equity,Equity Securities (Main Board),HKD
6980,6980.HK,BAMA TEA,Equity,Equity Securities (Main Board),HKD
6988,6988.HK,JOY SPREADER,Equity,Equity Securities (Main Board),HKD
6989,6989.HK,EXCELLENCE CM,Equity,Equity Securities (Main Board),HKD
6990,6990.HK,SKB BIO,Equity,Equity Securities (Main Board),HKD
6993,6993.HK,BLUE MOON GROUP,Equity,Equity Securities (Main Board),HKD
6996,6996.HK,ANTENGENE-B,Equity,Equity Securities (Main Board),HKD
6998,6998.HK,EDDING GENOR,Equity,Equity Securities (Main Board),HKD
6999,6999.HK,LEADING HLDGS,Equity,Equity Securities (Main Board),HKD
7200,7200.HK,FL2 CSOP HSI,Exchange Traded Products,Leveraged and Inverse,HKD
7226,7226.HK,XL2CSOPHSTECH,Exchange Traded Products,Leveraged and Inverse,HKD
7233,7233.HK,XL2CSOPCSI300,Exchange Traded Products,Leveraged and Inverse,HKD
7234,7234.HK,XL2 BOS CHINEXT,Exchange Traded Products,Leveraged and Inverse,HKD
7261,7261.HK,FL2CAMNDQ100,Exchange Traded Products,Leveraged and Inverse,HKD
7262,7262.HK,FL2 CSOP NIKKEI,Exchange Traded Products,Leveraged and Inverse,HKD
7266,7266.HK,FL2CSOPNASDAQ,Exchange Traded Products,Leveraged and Inverse,HKD
7288,7288.HK,FL2 CSOP HSCEI,Exchange Traded Products,Leveraged and Inverse,HKD
7299,7299.HK,FL2CSOPGOLD,Exchange Traded Products,Leveraged and Inverse,HKD
7300,7300.HK,FI CSOP HSI,Exchange Traded Products,Leveraged and Inverse,HKD
7311,7311.HK,XI2CSOPCOIN,Exchange Traded Products,Leveraged and Inverse,HKD
7347,7347.HK,XI2CSOPSMSN,Exchange Traded Products,Leveraged and Inverse,HKD
7366,7366.HK,XI2CSOPTSLA,Exchange Traded Products,Leveraged and Inverse,HKD
7376,7376.HK,FI CSOP BTC,Exchange Traded Products,Leveraged and Inverse,HKD
7388,7388.HK,XI2CSOPNVDA,Exchange Traded Products,Leveraged and Inverse,HKD
7399,7399.HK,XI2CSOPMSTR,Exchange Traded Products,Leveraged and Inverse,HKD
7489,7489.HK,VOYAH AUTO,Equity,Equity Securities (Main Board),HKD
7500,7500.HK,FI2 CSOP HSI,Exchange Traded Products,Leveraged and Inverse,HKD
7515,7515.HK,FI2 CSOP NIKKEI,Exchange Traded Products,Leveraged and Inverse,HKD
7522,7522.HK,FI2CAMNDQ100,Exchange Traded Products,Leveraged and Inverse,HKD
7552,7552.HK,XI2CSOPHSTECH,Exchange Traded Products,Leveraged and Inverse,HKD
7568,7568.HK,FI2CSOPNASDAQ,Exchange Traded Products,Leveraged and Inverse,HKD
7588,7588.HK,FI2 CSOP HSCEI,Exchange Traded Products,Leveraged and Inverse,HKD
7618,7618.HK,JD INDUSTRIALS,Equity,Equity Securities (Main Board),HKD
7630,7630.HK,IMPACT THERAP-B,Equity,Equity Securities (Main Board),HKD
7656,7656.HK,RECONOVA,Equity,Equity Securities (Main Board),HKD
7666,7666.HK,METIS TECHBIO-P,Equity,Equity Securities (Main Board),HKD
7687,7687.HK,EACON,Equity,Equity Securities (Main Board),HKD
7688,7688.HK,TOPNC,Equity,Equity Securities (Main Board),HKD
7709,7709.HK,XL2CSOPHYNIX,Exchange Traded Products,Leveraged and Inverse,HKD
7711,7711.HK,XL2CSOPCOIN,Exchange Traded Products,Leveraged and Inverse,HKD
7747,7747.HK,XL2CSOPSMSN,Exchange Traded Products,Leveraged and Inverse,HKD
7766,7766.HK,XL2CSOPTSLA,Exchange Traded Products,Leveraged and Inverse,HKD
7777,7777.HK,XL2CSOPBRKB,Exchange Traded Products,Leveraged and Inverse,HKD
7788,7788.HK,XL2CSOPNVDA,Exchange Traded Products,Leveraged and Inverse,HKD
7799,7799.HK,XL2CSOPMSTR,Exchange Traded Products,Leveraged and Inverse,HKD
8003,8003.HK,GREAT WORLD,Equity,Equity Securities (GEM),HKD
8005,8005.HK,YUXING INFOTECH,Equity,Equity Securities (GEM),HKD
8006,8006.HK,SINO SPLENDID,Equity,Equity Securities (GEM),HKD
8007,8007.HK,GLOBALSTRAT,Equity,Equity Securities (GEM),HKD
8013,8013.HK,ECI TECH,Equity,Equity Securities (GEM),HKD
8017,8017.HK,TRADEGO,Equity,Equity Securities (GEM),HKD
8018,8018.HK,FINSOFT FIN,Equity,Equity Securities (GEM),HKD
8019,8019.HK,HAO WEN HLDGS,Equity,Equity Securities (GEM),HKD
8020,8020.HK,UNITAS HOLD,Equity,Equity Securities (GEM),HKD
8021,8021.HK,WLS HOLDINGS,Equity,Equity Securities (GEM),HKD
8023,8023.HK,KWONG MAN KEE,Equity,Equity Securities (GEM),HKD
8026,8026.HK,CB GLOBAL,Equity,Equity Securities (GEM),HKD
8027,8027.HK,KPM HOLDING,Equity,Equity Securities (GEM),HKD
8028,8028.HK,TIMELESS,Equity,Equity Securities (GEM),HKD
8029,8029.HK,CI FIN TECH GP,Equity,Equity Securities (GEM),HKD
8030,8030.HK,FENGYINHE,Equity,Equity Securities (GEM),HKD
8031,8031.HK,ETS GROUP,Equity,Equity Securities (GEM),HKD
8033,8033.HK,VODATEL NETWORK,Equity,Equity Securities (GEM),HKD
8035,8035.HK,JANCO HOLDINGS,Equity,Equity Securities (GEM),HKD
8036,8036.HK,EBROKER GROUP,Equity,Equity Securities (GEM),HKD
8037,8037.HK,CH BIOTECH SER,Equity,Equity Securities (GEM),HKD
8039,8039.HK,CHINA COME RIDE,Equity,Equity Securities (GEM),HKD
8040,8040.HK,COOLPOINT INNO,Equity,Equity Securities (GEM),HKD
8041,8041.HK,INTELLIMARK AI,Equity,Equity Securities (GEM),HKD
8042,8042.HK,KOS TALENT GP,Equity,Equity Securities (GEM),HKD
8043,8043.HK,ATLINKS,Equity,Equity Securities (GEM),HKD
8047,8047.HK,CHINA OCEAN GP,Equity,Equity Securities (GEM),HKD
8049,8049.HK,JILIN CHANGLONG,Equity,Equity Securities (GEM),HKD
8050,8050.HK,CITY COOLXUAN,Equity,Equity Securities (GEM),HKD
8051,8051.HK,CIRCUTECH,Equity,Equity Securities (GEM),HKD
8052,8052.HK,LUK HING ENT,Equity,Equity Securities (GEM),HKD
8056,8056.HK,LIFE CONCEPTS,Equity,Equity Securities (GEM),HKD
8057,8057.HK,MADISON HLDG,Equity,Equity Securities (GEM),HKD
8059,8059.HK,GLORY FLAME,Equity,Equity Securities (GEM),HKD
8060,8060.HK,GLOBAL LINK,Equity,Equity Securities (GEM),HKD
8062,8062.HK,EFT SOLUTIONS,Equity,Equity Securities (GEM),HKD
8065,8065.HK,KML TECH,Equity,Equity Securities (GEM),HKD
8066,8066.HK,PHOENITRON HOLD,Equity,Equity Securities (GEM),HKD
8067,8067.HK,OUC HOLDINGS,Equity,Equity Securities (GEM),HKD
8069,8069.HK,FLYDOO TECH,Equity,Equity Securities (GEM),HKD
8070,8070.HK,KEEN OCEAN,Equity,Equity Securities (GEM),HKD
8071,8071.HK,CH NETCOM-NEW,Equity,Equity Securities (GEM),HKD
8072,8072.HK,LANGU CO,Equity,Equity Securities (GEM),HKD
8073,8073.HK,SFSY NEW MAT,Equity,Equity Securities (GEM),HKD
8076,8076.HK,SING LEE,Equity,Equity Securities (GEM),HKD
8079,8079.HK,LIT LIFE,Equity,Equity Securities (GEM),HKD
8080,8080.HK,NAS HOLDINGS,Equity,Equity Securities (GEM),HKD
8081,8081.HK,BAIJUYI HOLD,Equity,Equity Securities (GEM),HKD
8082,8082.HK,QINGHUA HOLD,Equity,Equity Securities (GEM),HKD
8087,8087.HK,CHINA 33 GROUP,Equity,Equity Securities (GEM),HKD
8090,8090.HK,BAOGAI,Equity,Equity Securities (GEM),HKD
8091,8091.HK,OOH HOLDINGS,Equity,Equity Securities (GEM),HKD
8092,8092.HK,ITE HOLDINGS,Equity,Equity Securities (GEM),HKD
8093,8093.HK,WEB3 META,Equity,Equity Securities (GEM),HKD
8095,8095.HK,BEIDA JADE BIRD,Equity,Equity Securities (GEM),HKD
8096,8096.HK,TASTY CONCEPTS,Equity,Equity Securities (GEM),HKD
8098,8098.HK,CL GROUP,Equity,Equity Securities (GEM),HKD
8100,8100.HK,FAMOUS TECH INT,Equity,Equity Securities (GEM),HKD
8103,8103.HK,HMVOD,Equity,Equity Securities (GEM),HKD
8106,8106.HK,XINHUA LANDE,Equity,Equity Securities (GEM),HKD
8107,8107.HK,FICUS TECH,Equity,Equity Securities (GEM),HKD
8111,8111.HK,CT IND GROUP,Equity,Equity Securities (GEM),HKD
8112,8112.HK,CORNERSTONE FIN,Equity,Equity Securities (GEM),HKD
8113,8113.HK,V&V TECH,Equity,Equity Securities (GEM),HKD
8115,8115.HK,QINGDA ORIENTAL,Equity,Equity Securities (GEM),HKD
8117,8117.HK,CHI P ENERGY,Equity,Equity Securities (GEM),HKD
8118,8118.HK,ZHONGZI INTL H,Equity,Equity Securities (GEM),HKD
8120,8120.HK,CH DEMETER FIN,Equity,Equity Securities (GEM),HKD
8121,8121.HK,GUOEN HOLDINGS,Equity,Equity Securities (GEM),HKD
8123,8123.HK,SINOFORTUNE FIN,Equity,Equity Securities (GEM),HKD
8125,8125.HK,CHINA NEW HLDGS,Equity,Equity Securities (GEM),HKD
8128,8128.HK,CHYY GP,Equity,Equity Securities (GEM),HKD
8130,8130.HK,DADI INTL GROUP,Equity,Equity Securities (GEM),HKD
8131,8131.HK,NOVATECH INTEL,Equity,Equity Securities (GEM),HKD
8132,8132.HK,CENTURY EN INTL,Equity,Equity Securities (GEM),HKD
8133,8133.HK,JISHENG GP HLDG,Equity,Equity Securities (GEM),HKD
8136,8136.HK,IMS GROUP,Equity,Equity Securities (GEM),HKD
8137,8137.HK,HONBRIDGE,Equity,Equity Securities (GEM),HKD
8139,8139.HK,CHANGAN RH,Equity,Equity Securities (GEM),HKD
8140,8140.HK,BOSATECH,Equity,Equity Securities (GEM),HKD
8143,8143.HK,GF HEALTHCARE,Equity,Equity Securities (GEM),HKD
8146,8146.HK,GRACEWINE,Equity,Equity Securities (GEM),HKD
8147,8147.HK,MILLENNIUM PG,Equity,Equity Securities (GEM),HKD
8148,8148.HK,WUXI LIFE,Equity,Equity Securities (GEM),HKD
8149,8149.HK,ALTUS HLDGS,Equity,Equity Securities (GEM),HKD
8152,8152.HK,M&L HOLDINGS,Equity,Equity Securities (GEM),HKD
8153,8153.HK,JIADING INTL GP,Equity,Equity Securities (GEM),HKD
8156,8156.HK,SINOPHARM TECH,Equity,Equity Securities (GEM),HKD
8158,8158.HK,CRMI,Equity,Equity Securities (GEM),HKD
8159,8159.HK,CU VENTURE INV,Equity,Equity Securities (GEM),HKD
8160,8160.HK,GOLDWAY EDU,Equity,Equity Securities (GEM),HKD
8161,8161.HK,MEDINET GROUP,Equity,Equity Securities (GEM),HKD
8162,8162.HK,LOCO HK,Equity,Equity Securities (GEM),HKD
8163,8163.HK,NOIZ GROUP,Equity,Equity Securities (GEM),HKD
8168,8168.HK,AMASSE CAPITAL,Equity,Equity Securities (GEM),HKD
8169,8169.HK,ECO-TEK HLDGS,Equity,Equity Securities (GEM),HKD
8172,8172.HK,LAJIN ENT,Equity,Equity Securities (GEM),HKD
8173,8173.HK,HEPHAESTUS HLDG,Equity,Equity Securities (GEM),HKD
8176,8176.HK,SUPERROBOTICS,Equity,Equity Securities (GEM),HKD
8178,8178.HK,CHINA INFO TECH,Equity,Equity Securities (GEM),HKD
8179,8179.HK,PALINDA GROUP,Equity,Equity Securities (GEM),HKD
8181,8181.HK,KS SMART MGMT,Equity,Equity Securities (GEM),HKD
8186,8186.HK,HONOR MATRIX,Equity,Equity Securities (GEM),HKD
8187,8187.HK,JIMU GROUP,Equity,Equity Securities (GEM),HKD
8188,8188.HK,GME GROUP,Equity,Equity Securities (GEM),HKD
8189,8189.HK,TEDA BIOMEDICAL,Equity,Equity Securities (GEM),HKD
8191,8191.HK,HONG WEI ASIA,Equity,Equity Securities (GEM),HKD
8193,8193.HK,ASIAPAC FIN INV,Equity,Equity Securities (GEM),HKD
8195,8195.HK,LEGENDARY EDU,Equity,Equity Securities (GEM),HKD
8196,8196.HK,FUTIAN HOLDINGS,Equity,Equity Securities (GEM),HKD
8198,8198.HK,CRYPTO FLOW,Equity,Equity Securities (GEM),HKD
8200,8200.HK,SAU SAN TONG,Equity,Equity Securities (GEM),HKD
8201,8201.HK,PPS INT'L,Equity,Equity Securities (GEM),HKD
8203,8203.HK,KAISUN HOLDINGS,Equity,Equity Securities (GEM),HKD
8205,8205.HK,JIAODA WITHUB,Equity,Equity Securities (GEM),HKD
8206,8206.HK,S ROBOT EDU,Equity,Equity Securities (GEM),HKD
8208,8208.HK,RADIANCE GLO GP,Equity,Equity Securities (GEM),HKD
8210,8210.HK,DLC ASIA,Equity,Equity Securities (GEM),HKD
8213,8213.HK,STARGLORY HLDGS,Equity,Equity Securities (GEM),HKD
8217,8217.HK,JU FU TANG BIOT,Equity,Equity Securities (GEM),HKD
8218,8218.HK,ECHO INT HOLD,Equity,Equity Securities (GEM),HKD
8219,8219.HK,HANVEY GROUP,Equity,Equity Securities (GEM),HKD
8220,8220.HK,BINGO GROUP,Equity,Equity Securities (GEM),HKD
8221,8221.HK,GAOYU FINANCE,Equity,Equity Securities (GEM),HKD
8222,8222.HK,E LIGHTING,Equity,Equity Securities (GEM),HKD
8223,8223.HK,ZYY,Equity,Equity Securities (GEM),HKD
8225,8225.HK,C HEALTH GP,Equity,Equity Securities (GEM),HKD
8226,8226.HK,KOALA FIN GP,Equity,Equity Securities (GEM),HKD
8227,8227.HK,HAITIAN ANTENNA,Equity,Equity Securities (GEM),HKD
8229,8229.HK,FUTURE DATA,Equity,Equity Securities (GEM),HKD
8232,8232.HK,THAC GROUP,Equity,Equity Securities (GEM),HKD
8237,8237.HK,LINK HOLDINGS,Equity,Equity Securities (GEM),HKD
8238,8238.HK,WINTO GROUP,Equity,Equity Securities (GEM),HKD
8239,8239.HK,CAPITAL FIN,Equity,Equity Securities (GEM),HKD
8241,8241.HK,YING KEE TEA,Equity,Equity Securities (GEM),HKD
8245,8245.HK,CANOPY SKYFIRE,Equity,Equity Securities (GEM),HKD
8246,8246.HK,ZHONGHUA GAS,Equity,Equity Securities (GEM),HKD
8247,8247.HK,BIOSINO BIO-TEC,Equity,Equity Securities (GEM),HKD
8249,8249.HK,RUIYUAN IC TECH,Equity,Equity Securities (GEM),HKD
8250,8250.HK,DU DU HLDGS,Equity,Equity Securities (GEM),HKD
8262,8262.HK,SUPER STRONG,Equity,Equity Securities (GEM),HKD
8267,8267.HK,LINEKONG,Equity,Equity Securities (GEM),HKD
8268,8268.HK,SMART CITY DEV,Equity,Equity Securities (GEM),HKD
8269,8269.HK,GO UP EDU TECH,Equity,Equity Securities (GEM),HKD
8270,8270.HK,CHINA CBM,Equity,Equity Securities (GEM),HKD
8271,8271.HK,GDC,Equity,Equity Securities (GEM),HKD
8275,8275.HK,CHINA NEW CONS,Equity,Equity Securities (GEM),HKD
8277,8277.HK,STEEDORIENTAL,Equity,Equity Securities (GEM),HKD
8279,8279.HK,AGTECH HOLDINGS,Equity,Equity Securities (GEM),HKD
8280,8280.HK,CDV HOLDINGS,Equity,Equity Securities (GEM),HKD
8281,8281.HK,CH GOLD CLASSIC,Equity,Equity Securities (GEM),HKD
8282,8282.HK,GAMEONE,Equity,Equity Securities (GEM),HKD
8283,8283.HK,ZHONGSHI MINAN,Equity,Equity Securities (GEM),HKD
8285,8285.HK,SLING GROUP,Equity,Equity Securities (GEM),HKD
8286,8286.HK,CCOE,Equity,Equity Securities (GEM),HKD
8290,8290.HK,AHSAY BACKUP,Equity,Equity Securities (GEM),HKD
8291,8291.HK,HK ENT INTL,Equity,Equity Securities (GEM),HKD
8292,8292.HK,VSING,Equity,Equity Securities (GEM),HKD
8293,8293.HK,SINGASIA HLDG,Equity,Equity Securities (GEM),HKD
8295,8295.HK,KINGWISOFT TECH,Equity,Equity Securities (GEM),HKD
8296,8296.HK,SINO-LIFE GROUP,Equity,Equity Securities (GEM),HKD
8297,8297.HK,OCEAN STAR TECH,Equity,Equity Securities (GEM),HKD
8299,8299.HK,GT GOLD,Equity,Equity Securities (GEM),HKD
8300,8300.HK,JIN MI FANG GP,Equity,Equity Securities (GEM),HKD
8305,8305.HK,ST HLDGS,Equity,Equity Securities (GEM),HKD
8307,8307.HK,MEDICSKIN,Equity,Equity Securities (GEM),HKD
8308,8308.HK,GUDOU HLDGS,Equity,Equity Securities (GEM),HKD
8309,8309.HK,MANSHING GLOBAL,Equity,Equity Securities (GEM),HKD
8310,8310.HK,YANCHENG PORT,Equity,Equity Securities (GEM),HKD
8311,8311.HK,PERFECT OPT,Equity,Equity Securities (GEM),HKD
8313,8313.HK,ZACD,Equity,Equity Securities (GEM),HKD
8315,8315.HK,CEN PLAZA HOTEL,Equity,Equity Securities (GEM),HKD
8316,8316.HK,CHINA HONGBAO,Equity,Equity Securities (GEM),HKD
8317,8317.HK,FINET GROUP,Equity,Equity Securities (GEM),HKD
8319,8319.HK,EXPERT SYS,Equity,Equity Securities (GEM),HKD
8320,8320.HK,AEC GROUP,Equity,Equity Securities (GEM),HKD
8321,8321.HK,TAI KAM HLDGS,Equity,Equity Securities (GEM),HKD
8326,8326.HK,TK NEW ENERGY,Equity,Equity Securities (GEM),HKD
8328,8328.HK,XY ELEC STORAGE,Equity,Equity Securities (GEM),HKD
8329,8329.HK,NEP INTERLONG,Equity,Equity Securities (GEM),HKD
8331,8331.HK,P.B. GROUP,Equity,Equity Securities (GEM),HKD
8333,8333.HK,ASTRUM FIN,Equity,Equity Securities (GEM),HKD
8337,8337.HK,DIRECTEL,Equity,Equity Securities (GEM),HKD
8340,8340.HK,ZIJING INTL FIN,Equity,Equity Securities (GEM),HKD
8341,8341.HK,AESO HOLDING,Equity,Equity Securities (GEM),HKD
8347,8347.HK,F8 ENT,Equity,Equity Securities (GEM),HKD
8348,8348.HK,BINHAI TEDA,Equity,Equity Securities (GEM),HKD
8349,8349.HK,GUIXIN GROUP,Equity,Equity Securities (GEM),HKD
8350,8350.HK,WELL LINK SEC,Equity,Equity Securities (GEM),HKD
8356,8356.HK,TSUN YIP HLDGS,Equity,Equity Securities (GEM),HKD
8357,8357.HK,REPUBLIC HC,Equity,Equity Securities (GEM),HKD
8360,8360.HK,BASIC H NEWLIFE,Equity,Equity Securities (GEM),HKD
8362,8362.HK,WINNING TOWER,Equity,Equity Securities (GEM),HKD
8365,8365.HK,HATCHER GROUP,Equity,Equity Securities (GEM),HKD
8366,8366.HK,ZJ UNITED INV,Equity,Equity Securities (GEM),HKD
8367,8367.HK,SIMPLICITY HLDG,Equity,Equity Securities (GEM),HKD
8368,8368.HK,CREATIVE CHINA,Equity,Equity Securities (GEM),HKD
8370,8370.HK,ZHI SHENG GP,Equity,Equity Securities (GEM),HKD
8371,8371.HK,TASTEGOURMET GP,Equity,Equity Securities (GEM),HKD
8372,8372.HK,GBG HOLDINGS,Equity,Equity Securities (GEM),HKD
8373,8373.HK,INDIGO STAR,Equity,Equity Securities (GEM),HKD
8375,8375.HK,DATA UNION CAP,Equity,Equity Securities (GEM),HKD
8377,8377.HK,HARBOUR EQUINE,Equity,Equity Securities (GEM),HKD
8379,8379.HK,PRIME INTEL,Equity,Equity Securities (GEM),HKD
8385,8385.HK,PROSPEROUSPRINT,Equity,Equity Securities (GEM),HKD
8391,8391.HK,CORNERSTONE TEC,Equity,Equity Securities (GEM),HKD
8392,8392.HK,SATU HOLDINGS,Equity,Equity Securities (GEM),HKD
8395,8395.HK,ZXZN QI-HOUSE,Equity,Equity Securities (GEM),HKD
8400,8400.HK,ASIA PIONEER,Equity,Equity Securities (GEM),HKD
8401,8401.HK,HUA XIA WATER,Equity,Equity Securities (GEM),HKD
8402,8402.HK,PLATEAU TL,Equity,Equity Securities (GEM),HKD
8403,8403.HK,DEFENG SOLIFE,Equity,Equity Securities (GEM),HKD
8406,8406.HK,CHINA ORAL IND,Equity,Equity Securities (GEM),HKD
8411,8411.HK,K W NELSON GP,Equity,Equity Securities (GEM),HKD
8412,8412.HK,NEW AMANTE,Equity,Equity Securities (GEM),HKD
8413,8413.HK,ASIA GROCERY,Equity,Equity Securities (GEM),HKD
8416,8416.HK,HM INTL HLDGS,Equity,Equity Securities (GEM),HKD
8417,8417.HK,DADI EDU,Equity,Equity Securities (GEM),HKD
8418,8418.HK,OPTIMA AUTO,Equity,Equity Securities (GEM),HKD
8419,8419.HK,AV PROMOTIONS,Equity,Equity Securities (GEM),HKD
8420,8420.HK,NEXION TECH,Equity,Equity Securities (GEM),HKD
8422,8422.HK,WT GROUP,Equity,Equity Securities (GEM),HKD
8423,8423.HK,CHI HO DEV,Equity,Equity Securities (GEM),HKD
8425,8425.HK,HING MING HLDGS,Equity,Equity Securities (GEM),HKD
8426,8426.HK,MODERN LIVING,Equity,Equity Securities (GEM),HKD
8427,8427.HK,WS-SK TARGET,Equity,Equity Securities (GEM),HKD
8428,8428.HK,CBK HOLDINGS,Equity,Equity Securities (GEM),HKD
8429,8429.HK,SV VISION,Equity,Equity Securities (GEM),HKD
8430,8430.HK,C&N HOLDINGS,Equity,Equity Securities (GEM),HKD
8431,8431.HK,HAO BAI INTL,Equity,Equity Securities (GEM),HKD
8432,8432.HK,BAR PACIFIC,Equity,Equity Securities (GEM),HKD
8436,8436.HK,TAKBO GROUP,Equity,Equity Securities (GEM),HKD
8437,8437.HK,RMH HOLDINGS,Equity,Equity Securities (GEM),HKD
8439,8439.HK,SOMERLEY CAP,Equity,Equity Securities (GEM),HKD
8445,8445.HK,NOBLE ENG GP,Equity,Equity Securities (GEM),HKD
8446,8446.HK,BRIGHTSTAR TECH,Equity,Equity Securities (GEM),HKD
8447,8447.HK,MS CONCEPT,Equity,Equity Securities (GEM),HKD
8448,8448.HK,UNI PRINTSHOP,Equity,Equity Securities (GEM),HKD
8450,8450.HK,EDICO HOLDINGS,Equity,Equity Securities (GEM),HKD
8451,8451.HK,SUNLIGHT HLDGS,Equity,Equity Securities (GEM),HKD
8452,8452.HK,FY FINANCIAL,Equity,Equity Securities (GEM),HKD
8455,8455.HK,LAI GROUP,Equity,Equity Securities (GEM),HKD
8456,8456.HK,MANSION INTL,Equity,Equity Securities (GEM),HKD
8460,8460.HK,BASETROPHY GP,Equity,Equity Securities (GEM),HKD
8462,8462.HK,OMNIBRIDGE HLDG,Equity,Equity Securities (GEM),HKD
8471,8471.HK,REACH NEW HLDGS,Equity,Equity Securities (GEM),HKD
8472,8472.HK,LAPCO HOLDINGS,Equity,Equity Securities (GEM),HKD
8473,8473.HK,MI MING MART,Equity,Equity Securities (GEM),HKD
8475,8475.HK,E-STATION GTECH,Equity,Equity Securities (GEM),HKD
8480,8480.HK,FURNIWEB,Equity,Equity Securities (GEM),HKD
8481,8481.HK,SHENGLONG INTL,Equity,Equity Securities (GEM),HKD
8482,8482.HK,WAN LEADER,Equity,Equity Securities (GEM),HKD
8483,8483.HK,MAX SIGHT GROUP,Equity,Equity Securities (GEM),HKD
8487,8487.HK,ISP GLOBAL,Equity,Equity Securities (GEM),HKD
8489,8489.HK,GP LOGISTICS,Equity,Equity Securities (GEM),HKD
8490,8490.HK,NICHE-TECH SEMI,Equity,Equity Securities (GEM),HKD
8491,8491.HK,COOL LINK,Equity,Equity Securities (GEM),HKD
8493,8493.HK,S. DRAGON,Equity,Equity Securities (GEM),HKD
8495,8495.HK,1957 & CO.,Equity,Equity Securities (GEM),HKD
8496,8496.HK,GLOBAL UIN,Equity,Equity Securities (GEM),HKD
8500,8500.HK,ICONCULTURE,Equity,Equity Securities (GEM),HKD
8501,8501.HK,SANBASE CORP,Equity,Equity Securities (GEM),HKD
8502,8502.HK,OCEAN LINE PORT,Equity,Equity Securities (GEM),HKD
8507,8507.HK,I.CENTURY HLDG,Equity,Equity Securities (GEM),HKD
8509,8509.HK,WINE'S LINK,Equity,Equity Securities (GEM),HKD
8510,8510.HK,TOPSTANDARDCORP,Equity,Equity Securities (GEM),HKD
8511,8511.HK,MIN FU INTL,Equity,Equity Securities (GEM),HKD
8512,8512.HK,HYFUSIN GROUP,Equity,Equity Securities (GEM),HKD
8513,8513.HK,MAXWIN INT HLDG,Equity,Equity Securities (GEM),HKD
8516,8516.HK,ZY INTL,Equity,Equity Securities (GEM),HKD
8519,8519.HK,XINXIANG ERA,Equity,Equity Securities (GEM),HKD
8521,8521.HK,WEBX INTL HLDGS,Equity,Equity Securities (GEM),HKD
8525,8525.HK,BAIYING HOLDING,Equity,Equity Securities (GEM),HKD
8526,8526.HK,WING FUNG GROUP,Equity,Equity Securities (GEM),HKD
8527,8527.HK,JLOGO HLDGS,Equity,Equity Securities (GEM),HKD
8529,8529.HK,UBOT HOLDING,Equity,Equity Securities (GEM),HKD
8532,8532.HK,POLYFAIR HLDGS,Equity,Equity Securities (GEM),HKD
8535,8535.HK,VISTAR HOLDINGS,Equity,Equity Securities (GEM),HKD
8536,8536.HK,TL NATURAL GAS,Equity,Equity Securities (GEM),HKD
8537,8537.HK,CHONG FAI JEWEL,Equity,Equity Securities (GEM),HKD
8540,8540.HK,VICTORY SEC,Equity,Equity Securities (GEM),HKD
8545,8545.HK,AMUSE GROUP,Equity,Equity Securities (GEM),HKD
8547,8547.HK,PACIFIC LEGEND,Equity,Equity Securities (GEM),HKD
8549,8549.HK,GOLDEN LEAF INT,Equity,Equity Securities (GEM),HKD
8571,8571.HK,CH NETCOM-OLD,Equity,Equity Securities (GEM),HKD
8601,8601.HK,BOLTEK,Equity,Equity Securities (GEM),HKD
8606,8606.HK,KINETIX SYSTEMS,Equity,Equity Securities (GEM),HKD
8610,8610.HK,BBSB INTL,Equity,Equity Securities (GEM),HKD
8611,8611.HK,JUFEEL,Equity,Equity Securities (GEM),HKD
8612,8612.HK,WORLD SUPER,Equity,Equity Securities (GEM),HKD
8613,8613.HK,ORIENTAL PAY,Equity,Equity Securities (GEM),HKD
8616,8616.HK,SUNRAY ENG GP,Equity,Equity Securities (GEM),HKD
8619,8619.HK,NIU HOLDINGS,Equity,Equity Securities (GEM),HKD
8620,8620.HK,AE LOGISTICS,Equity,Equity Securities (GEM),HKD
8621,8621.HK,METROPOLIS CAP,Equity,Equity Securities (GEM),HKD
8622,8622.HK,JOYZYME GROUP,Equity,Equity Securities (GEM),HKD
8623,8623.HK,CHINA SAFTOWER,Equity,Equity Securities (GEM),HKD
8627,8627.HK,ORANGE TOUR,Equity,Equity Securities (GEM),HKD
8629,8629.HK,SYNTRUST GK,Equity,Equity Securities (GEM),HKD
8631,8631.HK,SUN KONG HLDGS,Equity,Equity Securities (GEM),HKD
8635,8635.HK,ELEPHANT HLDGS,Equity,Equity Securities (GEM),HKD
8637,8637.HK,METASURFACE,Equity,Equity Securities (GEM),HKD
8645,8645.HK,BYTE META,Equity,Equity Securities (GEM),HKD
8646,8646.HK,CHINA HONGGUANG,Equity,Equity Securities (GEM),HKD
8657,8657.HK,TRUE PARTNER,Equity,Equity Securities (GEM),HKD
8659,8659.HK,YIK WO INTL,Equity,Equity Securities (GEM),HKD
8668,8668.HK,YING HAI GROUP,Equity,Equity Securities (GEM),HKD
9600,9600.HK,NEWLINK TECH,Equity,Equity Securities (Main Board),HKD
9606,9606.HK,DUALITYBIO-B,Equity,Equity Securities (Main Board),HKD
9608,9608.HK,SUNDY SERVICE,Equity,Equity Securities (Main Board),HKD
9609,9609.HK,HAIWEI ELEC,Equity,Equity Securities (Main Board),HKD
9611,9611.HK,LONGCHEER,Equity,Equity Securities (Main Board),HKD
9616,9616.HK,NEUTECH GROUP,Equity,Equity Securities (Main Board),HKD
9618,9618.HK,JD-SW,Equity,Equity Securities (Main Board),HKD
9626,9626.HK,BILIBILI-W,Equity,Equity Securities (Main Board),HKD
9630,9630.HK,CFMEE,Equity,Equity Securities (Main Board),HKD
9633,9633.HK,NONGFU SPRING,Equity,Equity Securities (Main Board),HKD
9636,9636.HK,JF SMARTINVEST,Equity,Equity Securities (Main Board),HKD
9637,9637.HK,ALEBUND-B,Equity,Equity Securities (Main Board),HKD
9638,9638.HK,FERRETTI,Equity,Equity Securities (Main Board),HKD
9639,9639.HK,WING LEE DEV,Equity,Equity Securities (Main Board),HKD
9658,9658.HK,SUPER HI,Equity,Equity Securities (Main Board),HKD
9660,9660.HK,HORIZONROBOT-W,Equity,Equity Securities (Main Board),HKD
9663,9663.HK,SINOSYNERGY,Equity,Equity Securities (Main Board),HKD
9668,9668.HK,CBHB,Equity,Equity Securities (Main Board),HKD
9669,9669.HK,BEISEN HOLDING,Equity,Equity Securities (Main Board),HKD
9676,9676.HK,SHIYUE DAOTIAN,Equity,Equity Securities (Main Board),HKD
9677,9677.HK,WEIHAI BANK,Equity,Equity Securities (Main Board),HKD
9678,9678.HK,UNISOUND,Equity,Equity Securities (Main Board),HKD
9680,9680.HK,CHENQI TECH,Equity,Equity Securities (Main Board),HKD
9686,9686.HK,XIKANG CLOUD,Equity,Equity Securities (Main Board),HKD
9688,9688.HK,ZAI LAB,Equity,Equity Securities (Main Board),HKD
9689,9689.HK,JTF INTL,Equity,Equity Securities (Main Board),HKD
9690,9690.HK,TUHU-W,Equity,Equity Securities (Main Board),HKD
9696,9696.HK,TIANQI LITHIUM,Equity,Equity Securities (Main Board),HKD
9698,9698.HK,GDS-SW,Equity,Equity Securities (Main Board),HKD
9699,9699.HK,SF INTRA-CITY,Equity,Equity Securities (Main Board),HKD
9857,9857.HK,LINMON MEDIA,Equity,Equity Securities (Main Board),HKD
9858,9858.HK,YOURAN DAIRY,Equity,Equity Securities (Main Board),HKD
9860,9860.HK,ADICON HOLDINGS,Equity,Equity Securities (Main Board),HKD
9863,9863.HK,LEAPMOTOR,Equity,Equity Securities (Main Board),HKD
9866,9866.HK,NIO-SW,Equity,Equity Securities (Main Board),HKD
9868,9868.HK,XPENG-W,Equity,Equity Securities (Main Board),HKD
9869,9869.HK,HELENS,Equity,Equity Securities (Main Board),HKD
9876,9876.HK,OCEAN ONE HLDG,Equity,Equity Securities (Main Board),HKD
9877,9877.HK,JENSCARE-B,Equity,Equity Securities (Main Board),HKD
9878,9878.HK,HUITONGDA NET,Equity,Equity Securities (Main Board),HKD
9879,9879.HK,MIGAO GROUP,Equity,Equity Securities (Main Board),HKD
9880,9880.HK,UBTECH ROBOTICS,Equity,Equity Securities (Main Board),HKD
9881,9881.HK,RONGTA TECH,Equity,Equity Securities (Main Board),HKD
9882,9882.HK,BEST LINKING,Equity,Equity Securities (Main Board),HKD
9885,9885.HK,YSB,Equity,Equity Securities (Main Board),HKD
9886,9886.HK,DINGDANG HEALTH,Equity,Equity Securities (Main Board),HKD
9887,9887.HK,LEADS BIOLABS-B,Equity,Equity Securities (Main Board),HKD
9888,9888.HK,BIDU-SW,Equity,Equity Securities (Main Board),HKD
9889,9889.HK,DRCB,Equity,Equity Securities (Main Board),HKD
9890,9890.HK,TANWAN,Equity,Equity Securities (Main Board),HKD
9893,9893.HK,PIZU GROUP,Equity,Equity Securities (Main Board),HKD
9896,9896.HK,MNSO,Equity,Equity Securities (Main Board),HKD
9898,9898.HK,WB-SW,Equity,Equity Securities (Main Board),HKD
9899,9899.HK,NETEASE MUSIC,Equity,Equity Securities (Main Board),HKD
9900,9900.HK,ZCLOUD TECH CON,Equity,Equity Securities (Main Board),HKD
9901,9901.HK,NEW ORIENTAL-S,Equity,Equity Securities (Main Board),HKD
9903,9903.HK,ILUVATAR COREX,Equity,Equity Securities (Main Board),HKD
9906,9906.HK,HONLIV HEALTH,Equity,Equity Securities (Main Board),HKD
9908,9908.HK,JIAXING GAS,Equity,Equity Securities (Main Board),HKD
9909,9909.HK,POWERLONG CM,Equity,Equity Securities (Main Board),HKD
9911,9911.HK,NEWBORNTOWN,Equity,Equity Securities (Main Board),HKD
9913,9913.HK,CHI KAN HLDGS,Equity,Equity Securities (Main Board),HKD
9916,9916.HK,XINGYE WULIAN,Equity,Equity Securities (Main Board),HKD
9918,9918.HK,WISE ALLY INTL,Equity,Equity Securities (Main Board),HKD
9919,9919.HK,ACTIVATION GP,Equity,Equity Securities (Main Board),HKD
9922,9922.HK,JIUMAOJIU,Equity,Equity Securities (Main Board),HKD
9923,9923.HK,YEAHKA,Equity,Equity Securities (Main Board),HKD
9926,9926.HK,AKESO,Equity,Equity Securities (Main Board),HKD
9927,9927.HK,SERES,Equity,Equity Securities (Main Board),HKD
9928,9928.HK,TIMES NEIGHBOR,Equity,Equity Securities (Main Board),HKD
9929,9929.HK,SEM HLDGS,Equity,Equity Securities (Main Board),HKD
9930,9930.HK,HORIZON CD,Equity,Equity Securities (Main Board),HKD
9933,9933.HK,GHW INTL,Equity,Equity Securities (Main Board),HKD
9936,9936.HK,XIMEI RESOURCES,Equity,Equity Securities (Main Board),HKD
9938,9938.HK,WAH WO HOLDINGS,Equity,Equity Securities (Main Board),HKD
9939,9939.HK,KINTOR PHARMA-B,Equity,Equity Securities (Main Board),HKD
9955,9955.HK,CLOUDR,Equity,Equity Securities (Main Board),HKD
9958,9958.HK,LITIAN PICTURES,Equity,Equity Securities (Main Board),HKD
9959,9959.HK,LINKLOGIS-W,Equity,Equity Securities (Main Board),HKD
9960,9960.HK,KINDSTAR GLOBAL,Equity,Equity Securities (Main Board),HKD
9961,9961.HK,TRIP.COM-S,Equity,Equity Securities (Main Board),HKD
9963,9963.HK,TRANSTECH,Equity,Equity Securities (Main Board),HKD
9966,9966.HK,ALPHAMAB-B,Equity,Equity Securities (Main Board),HKD
9968,9968.HK,HUIJING HLDGS,Equity,Equity Securities (Main Board),HKD
9969,9969.HK,INNOCARE,Equity,Equity Securities (Main Board),HKD
9971,9971.HK,BASICSEMI,Equity,Equity Securities (Main Board),HKD
9973,9973.HK,CHERY AUTO,Equity,Equity Securities (Main Board),HKD
9978,9978.HK,FINELAND LIVING,Equity,Equity Securities (Main Board),HKD
9979,9979.HK,GREENTOWN MGMT,Equity,Equity Securities (Main Board),HKD
9980,9980.HK,EASTROC,Equity,Equity Securities (Main Board),HKD
9981,9981.HK,WOER,Equity,Equity Securities (Main Board),HKD
9982,9982.HK,CENTRALCHINA MT,Equity,Equity Securities (Main Board),HKD
9983,9983.HK,CC NEW LIFE,Equity,Equity Securities (Main Board),HKD
9985,9985.HK,WL DELICIOUS,Equity,Equity Securities (Main Board),HKD
9986,9986.HK,DASHAN EDU,Equity,Equity Securities (Main Board),HKD
9987,9987.HK,YUM CHINA,Equity,Equity Securities (Main Board),HKD
9988,9988.HK,BABA-W,Equity,Equity Securities (Main Board),HKD
9989,9989.HK,HEPALINK,Equity,Equity Securities (Main Board),HKD
9990,9990.HK,ARCHOSAUR GAMES,Equity,Equity Securities (Main Board),HKD
9991,9991.HK,BAOZUN-W,Equity,Equity Securities (Main Board),HKD
9992,9992.HK,POP MART,Equity,Equity Securities (Main Board),HKD
9993,9993.HK,RADIANCE HLDGS,Equity,Equity Securities (Main Board),HKD
9995,9995.HK,REMEGEN,Equity,Equity Securities (Main Board),HKD
9996,9996.HK,PEIJIA-B,Equity,Equity Securities (Main Board),HKD
9998,9998.HK,KWAN YONG,Equity,Equity Securities (Main Board),HKD
9999,9999.HK,NTES,Equity,Equity Securities (Main Board),HKD
