stock_code,symbol,name,category,sub_category,reason,avg_turnover_30d_hkd,valid_days
0010,0010.HK,HANG LUNG GROUP,Equity,Equity Securities (Main Board),avg_turnover_30d_below_15m_hkd,10345707.33,45
0018,0018.HK,ORIENTAL M G,Equity,Equity Securities (Main Board),avg_turnover_30d_below_15m_hkd,22570.87,45
0021,0021.HK,GREAT CHI HLDGS,Equity,Equity Securities (Main Board),avg_turnover_30d_below_15m_hkd,422512.12,45
0022,0022.HK,MEXAN,Equity,Equity Securities (Main Board),avg_turnover_30d_below_15m_hkd,660706.88,45
0025,0025.HK,CHEVALIER INT'L,Equity,Equity Securities (Main Board),avg_turnover_30d_below_15m_hkd,10997.35,45
0026,0026.HK,CHINA MOTOR BUS,Equity,Equity Securities (Main Board),avg_turnover_30d_below_15m_hkd,149736.05,45
0028,0028.HK,TIAN AN,Equity,Equity Securities (Main Board),avg_turnover_30d_below_15m_hkd,664590.39,45
0029,0029.HK,DYNAMIC HOLD,Equity,Equity Securities (Main Board),avg_turnover_30d_below_15m_hkd,482558.37,45
0030,0030.HK,YNBY INTL,Equity,Equity Securities (Main Board),avg_turnover_30d_below_15m_hkd,210574.53,45
0031,0031.HK,CHINA AEROSPACE,Equity,Equity Securities (Main Board),avg_turnover_30d_below_15m_hkd,1259846.61,45
0032,0032.HK,CROSS-HAR(HOLD),Equity,Equity Securities (Main Board),avg_turnover_30d_below_15m_hkd,401031.06,45
0033,0033.HK,INTL GENIUS,Equity,Equity Securities (Main Board),avg_turnover_30d_below_15m_hkd,0.0,45
0034,0034.HK,KOWLOON DEV,Equity,Equity Securities (Main Board),avg_turnover_30d_below_15m_hkd,789273.33,45
0035,0035.HK,FE CONSORT INTL,Equity,Equity Securities (Main Board),avg_turnover_30d_below_15m_hkd,1014682.86,45
0036,0036.HK,FE HLDGS INTL,Equity,Equity Securities (Main Board),avg_turnover_30d_below_15m_hkd,0.0,45
0037,0037.HK,FE HOTELS,Equity,Equity Securities (Main Board),avg_turnover_30d_below_15m_hkd,168599.88,45
0039,0039.HK,CH BEIDAHUANG,Equity,Equity Securities (Main Board),avg_turnover_30d_below_15m_hkd,0.0,45
0040,0040.HK,GOLD PEAK,Equity,Equity Securities (Main Board),avg_turnover_30d_below_15m_hkd,27038.08,45
0041,0041.HK,GREAT EAGLE H,Equity,Equity Securities (Main Board),avg_turnover_30d_below_15m_hkd,6260884.77,45
0042,0042.HK,NE ELECTRIC,Equity,Equity Securities (Main Board),avg_turnover_30d_below_15m_hkd,27461.93,45
0045,0045.HK,HK&S HOTELS,Equity,Equity Securities (Main Board),avg_turnover_30d_below_15m_hkd,1882723.96,45
0046,0046.HK,COMPUTER & TECH,Equity,Equity Securities (Main Board),avg_turnover_30d_below_15m_hkd,35385.33,45
0048,0048.HK,C AUTO INT DECO,Equity,Equity Securities (Main Board),avg_turnover_30d_below_15m_hkd,16542.64,45
0050,0050.HK,HK FERRY (HOLD),Equity,Equity Securities (Main Board),avg_turnover_30d_below_15m_hkd,643518.47,45
0051,0051.HK,HARBOUR CENTRE,Equity,Equity Securities (Main Board),avg_turnover_30d_below_15m_hkd,141944.92,45
0052,0052.HK,FAIRWOOD HOLD,Equity,Equity Securities (Main Board),avg_turnover_30d_below_15m_hkd,314796.69,45
0053,0053.HK,GUOCO GROUP,Equity,Equity Securities (Main Board),avg_turnover_30d_below_15m_hkd,418532.3,45
0055,0055.HK,NEWAY GROUP,Equity,Equity Securities (Main Board),avg_turnover_30d_below_15m_hkd,2864.05,45
0057,0057.HK,CHEN HSONG HOLD,Equity,Equity Securities (Main Board),avg_turnover_30d_below_15m_hkd,82531.33,45
0058,0058.HK,SUNWAY INT'L,Equity,Equity Securities (Main Board),avg_turnover_30d_below_15m_hkd,13153.34,45
0059,0059.HK,SKYFAME REALTY,Equity,Equity Securities (Main Board),avg_turnover_30d_below_15m_hkd,0.0,45
0060,0060.HK,HK FOOD INV,Equity,Equity Securities (Main Board),avg_turnover_30d_below_15m_hkd,14226.67,45
0061,0061.HK,GREEN LEADER,Equity,Equity Securities (Main Board),avg_turnover_30d_below_15m_hkd,2658.3,45
0062,0062.HK,TRANSPORT INT'L,Equity,Equity Securities (Main Board),avg_turnover_30d_below_15m_hkd,1129853.0,45
0063,0063.HK,CHI ASIA VALLEY,Equity,Equity Securities (Main Board),avg_turnover_30d_below_15m_hkd,3934.0,45
0064,0064.HK,GET NICE,Equity,Equity Securities (Main Board),avg_turnover_30d_below_15m_hkd,779192.18,45
0065,0065.HK,GRAND OCEAN AR,Equity,Equity Securities (Main Board),avg_turnover_30d_below_15m_hkd,267344.82,45
0069,0069.HK,SHANGRI-LA ASIA,Equity,Equity Securities (Main Board),avg_turnover_30d_below_15m_hkd,9992948.8,45
0070,0070.HK,RICH GOLDMAN,Equity,Equity Securities (Main Board),avg_turnover_30d_below_15m_hkd,10689.57,45
0071,0071.HK,MIRAMAR HOTEL,Equity,Equity Securities (Main Board),avg_turnover_30d_below_15m_hkd,654930.15,45
0072,0072.HK,META MEDIA,Equity,Equity Securities (Main Board),avg_turnover_30d_below_15m_hkd,24545.27,45
0073,0073.HK,ASIAN CITRUS,Equity,Equity Securities (Main Board),avg_turnover_30d_below_15m_hkd,1759.16,45
0075,0075.HK,Y.T. REALTY,Equity,Equity Securities (Main Board),avg_turnover_30d_below_15m_hkd,955.37,45
0076,0076.HK,ELATE HOLDINGS,Equity,Equity Securities (Main Board),avg_turnover_30d_below_15m_hkd,228792.28,45
0077,0077.HK,AMS TRANSPORT,Equity,Equity Securities (Main Board),avg_turnover_30d_below_15m_hkd,26292.33,45
0078,0078.HK,REGAL INT'L,Equity,Equity Securities (Main Board),avg_turnover_30d_below_15m_hkd,62877.21,45
0079,0079.HK,CENTURY LEGEND,Equity,Equity Securities (Main Board),avg_turnover_30d_below_15m_hkd,26215.63,45
0080,0080.HK,CAI CORP,Equity,Investment Companies,avg_turnover_30d_below_15m_hkd,250351.96,45
0082,0082.HK,CRAZY SPORTS,Equity,Equity Securities (Main Board),avg_turnover_30d_below_15m_hkd,208674.5,45
0084,0084.HK,STELUX HOLDINGS,Equity,Equity Securities (Main Board),avg_turnover_30d_below_15m_hkd,3959.62,45
0085,0085.HK,CE HUADA TECH,Equity,Equity Securities (Main Board),avg_turnover_30d_below_15m_hkd,686610.68,45
0086,0086.HK,SUN HUNG KAI CO,Equity,Equity Securities (Main Board),avg_turnover_30d_below_15m_hkd,1266865.37,45
0087,0087.HK,SWIRE PACIFIC B,Equity,Equity Securities (Main Board),avg_turnover_30d_below_15m_hkd,12111271.93,45
0088,0088.HK,TAI CHEUNG HOLD,Equity,Equity Securities (Main Board),avg_turnover_30d_below_15m_hkd,233184.55,45
0089,0089.HK,TAI SANG LAND,Equity,Equity Securities (Main Board),avg_turnover_30d_below_15m_hkd,10125.15,45
0090,0090.HK,PUXING ENERGY,Equity,Equity Securities (Main Board),avg_turnover_30d_below_15m_hkd,23789.67,45
0092,0092.HK,CHAMPION TECH,Equity,Equity Securities (Main Board),avg_turnover_30d_below_15m_hkd,192522.89,45
0093,0093.HK,ZERO FINTECH,Equity,Equity Securities (Main Board),avg_turnover_30d_below_15m_hkd,6230.67,45
0094,0094.HK,GREENHEART GP,Equity,Equity Securities (Main Board),avg_turnover_30d_below_15m_hkd,30270.63,45
0095,0095.HK,LVGEM CHINA,Equity,Equity Securities (Main Board),avg_turnover_30d_below_15m_hkd,62837.07,45
0096,0096.HK,YUSEI,Equity,Equity Securities (Main Board),avg_turnover_30d_below_15m_hkd,49576.67,45
0097,0097.HK,HENDERSON INV,Equity,Equity Securities (Main Board),avg_turnover_30d_below_15m_hkd,35528.79,45
0098,0098.HK,XINGFA ALUM,Equity,Equity Securities (Main Board),avg_turnover_30d_below_15m_hkd,194498.0,45
0099,0099.HK,WONG'S INT'L,Equity,Equity Securities (Main Board),avg_turnover_30d_below_15m_hkd,33870.5,45
0103,0103.HK,SHOUGANG CENT,Equity,Equity Securities (Main Board),avg_turnover_30d_below_15m_hkd,299368.69,45
0104,0104.HK,ASIA COMM HOLD,Equity,Equity Securities (Main Board),avg_turnover_30d_below_15m_hkd,148513.3,45
0105,0105.HK,ASSO INT HOTELS,Equity,Equity Securities (Main Board),avg_turnover_30d_below_15m_hkd,25159.33,45
0106,0106.HK,LANDSEA MGMT,Equity,Equity Securities (Main Board),avg_turnover_30d_below_15m_hkd,0.0,45
0107,0107.HK,SICHUAN EXPRESS,Equity,Equity Securities (Main Board),avg_turnover_30d_below_15m_hkd,5226971.17,45
0108,0108.HK,SR MEDICAL,Equity,Equity Securities (Main Board),avg_turnover_30d_below_15m_hkd,1639178.02,45
0110,0110.HK,CHINA FORTUNE,Equity,Equity Securities (Main Board),avg_turnover_30d_below_15m_hkd,109804.44,45
0111,0111.HK,CINDA INTL HLDG,Equity,Equity Securities (Main Board),avg_turnover_30d_below_15m_hkd,225115.0,45
0113,0113.HK,DICKSON CONCEPT,Equity,Equity Securities (Main Board),avg_turnover_30d_below_15m_hkd,350080.41,45
0114,0114.HK,HERALD HOLD,Equity,Equity Securities (Main Board),avg_turnover_30d_below_15m_hkd,33652.5,45
0115,0115.HK,GRAND FIELD GP,Equity,Equity Securities (Main Board),avg_turnover_30d_below_15m_hkd,86269.0,45
0117,0117.HK,EYANG HOLDINGS,Equity,Equity Securities (Main Board),avg_turnover_30d_below_15m_hkd,13610486.78,45
0118,0118.HK,COSMOS MACH,Equity,Equity Securities (Main Board),avg_turnover_30d_below_15m_hkd,239190.86,45
0120,0120.HK,COSMOPOL INT'L,Equity,Equity Securities (Main Board),avg_turnover_30d_below_15m_hkd,13176.46,45
0122,0122.HK,CROCODILE,Equity,Equity Securities (Main Board),avg_turnover_30d_below_15m_hkd,6838.0,45
0124,0124.HK,GD LAND,Equity,Equity Securities (Main Board),avg_turnover_30d_below_15m_hkd,144073.04,45
0125,0125.HK,SUN HING VISION,Equity,Equity Securities (Main Board),avg_turnover_30d_below_15m_hkd,6251.0,45
0126,0126.HK,CARRIANNA,Equity,Equity Securities (Main Board),avg_turnover_30d_below_15m_hkd,15205.33,45
0127,0127.HK,CHINESE EST H,Equity,Equity Securities (Main Board),avg_turnover_30d_below_15m_hkd,181631.56,45
0128,0128.HK,ENM HOLDINGS,Equity,Equity Securities (Main Board),avg_turnover_30d_below_15m_hkd,0.0,45
0129,0129.HK,ASIA STANDARD,Equity,Equity Securities (Main Board),avg_turnover_30d_below_15m_hkd,21217.3,45
0130,0130.HK,MOISELLE INT'L,Equity,Equity Securities (Main Board),avg_turnover_30d_below_15m_hkd,4625.0,45
0131,0131.HK,CHEUK NANG HOLD,Equity,Equity Securities (Main Board),avg_turnover_30d_below_15m_hkd,28733.9,45
0132,0132.HK,HING YIP HLDGS,Equity,Equity Securities (Main Board),avg_turnover_30d_below_15m_hkd,15171.2,45
0133,0133.HK,CHINA MERCHANTS,Equity,Investment Companies,avg_turnover_30d_below_15m_hkd,10484185.4,45
0137,0137.HK,JINHUI HOLDINGS,Equity,Equity Securities (Main Board),avg_turnover_30d_below_15m_hkd,9541.0,45
0138,0138.HK,CCT FORTIS,Equity,Equity Securities (Main Board),avg_turnover_30d_below_15m_hkd,49662.72,45
0139,0139.HK,SMART FISH,Equity,Equity Securities (Main Board),avg_turnover_30d_below_15m_hkd,496588.14,45
0145,0145.HK,CCIAM FUTURE EN,Equity,Equity Securities (Main Board),avg_turnover_30d_below_15m_hkd,421950.37,45
0146,0146.HK,TAI PING CARPET,Equity,Equity Securities (Main Board),avg_turnover_30d_below_15m_hkd,11671.67,45
0149,0149.HK,CH AGRI-PROD EX,Equity,Equity Securities (Main Board),avg_turnover_30d_below_15m_hkd,165936.34,45
0150,0150.HK,HYPEBEAST,Equity,Equity Securities (Main Board),avg_turnover_30d_below_15m_hkd,16493.57,45
0154,0154.HK,BE ENVIRONMENT,Equity,Equity Securities (Main Board),avg_turnover_30d_below_15m_hkd,71093.0,45
0156,0156.HK,LIPPO CHINA RES,Equity,Equity Securities (Main Board),avg_turnover_30d_below_15m_hkd,260123.05,45
0157,0157.HK,NATURAL BEAUTY,Equity,Equity Securities (Main Board),avg_turnover_30d_below_15m_hkd,14310.0,45
0158,0158.HK,MELBOURNE ENT,Equity,Equity Securities (Main Board),avg_turnover_30d_below_15m_hkd,19591.67,45
0159,0159.HK,BROCKMAN MINING,Equity,Equity Securities (Main Board),avg_turnover_30d_below_15m_hkd,71378.51,45
0160,0160.HK,HON KWOK LAND,Equity,Equity Securities (Main Board),avg_turnover_30d_below_15m_hkd,90666.5,45
0162,0162.HK,CENTURY GINWA,Equity,Equity Securities (Main Board),avg_turnover_30d_below_15m_hkd,3760.67,45
0163,0163.HK,EMPEROR INT'L,Equity,Equity Securities (Main Board),avg_turnover_30d_below_15m_hkd,14113.2,45
0164,0164.HK,CHINA BAOLI TEC,Equity,Equity Securities (Main Board),avg_turnover_30d_below_15m_hkd,177821.15,45
0166,0166.HK,NEW TIMES CORP,Equity,Equity Securities (Main Board),avg_turnover_30d_below_15m_hkd,32001.83,45
0167,0167.HK,IDT INT'L,Equity,Equity Securities (Main Board),avg_turnover_30d_below_15m_hkd,763678.43,45
0169,0169.HK,WANDA HOTEL DEV,Equity,Equity Securities (Main Board),avg_turnover_30d_below_15m_hkd,51415.38,45
0171,0171.HK,SILVER GRANT,Equity,Equity Securities (Main Board),avg_turnover_30d_below_15m_hkd,26176.87,45
0173,0173.HK,K. WAH INT'L,Equity,Equity Securities (Main Board),avg_turnover_30d_below_15m_hkd,1267582.55,45
0174,0174.HK,GEMINI INV,Equity,Equity Securities (Main Board),avg_turnover_30d_below_15m_hkd,2292.27,45
0176,0176.HK,SUPERACTIVE GP,Equity,Equity Securities (Main Board),avg_turnover_30d_below_15m_hkd,0.0,45
0178,0178.HK,SA SA INT'L,Equity,Equity Securities (Main Board),avg_turnover_30d_below_15m_hkd,7730432.85,45
0180,0180.HK,KADER HOLDINGS,Equity,Equity Securities (Main Board),avg_turnover_30d_below_15m_hkd,2903.07,45
0181,0181.HK,FUJIAN HOLDINGS,Equity,Equity Securities (Main Board),avg_turnover_30d_below_15m_hkd,11541.33,45
0182,0182.HK,CONCORD NE,Equity,Equity Securities (Main Board),avg_turnover_30d_below_15m_hkd,3587548.22,45
0183,0183.HK,WINFULL GP,Equity,Equity Securities (Main Board),avg_turnover_30d_below_15m_hkd,1538.67,45
0184,0184.HK,KECK SENG INV,Equity,Equity Securities (Main Board),avg_turnover_30d_below_15m_hkd,67824.49,45
0185,0185.HK,ZENSUN ENT,Equity,Equity Securities (Main Board),avg_turnover_30d_below_15m_hkd,763.68,45
0186,0186.HK,NIMBLE HOLDINGS,Equity,Equity Securities (Main Board),avg_turnover_30d_below_15m_hkd,36984.81,45
0187,0187.HK,JINGCHENG MAC,Equity,Equity Securities (Main Board),avg_turnover_30d_below_15m_hkd,4573599.53,45
0188,0188.HK,SUNWAH KINGSWAY,Equity,Equity Securities (Main Board),avg_turnover_30d_below_15m_hkd,10224.52,45
0191,0191.HK,LAI SUN INT'L,Equity,Equity Securities (Main Board),avg_turnover_30d_below_15m_hkd,60378.21,45
0193,0193.HK,CAPITAL ESTATE,Equity,Equity Securities (Main Board),avg_turnover_30d_below_15m_hkd,1808.45,45
0194,0194.HK,LIU CHONG HING,Equity,Equity Securities (Main Board),avg_turnover_30d_below_15m_hkd,84389.0,45
0196,0196.HK,HONGHUA GROUP,Equity,Equity Securities (Main Board),avg_turnover_30d_below_15m_hkd,136175.85,45
0197,0197.HK,HENG TAI,Equity,Equity Securities (Main Board),avg_turnover_30d_below_15m_hkd,889792.93,45
0199,0199.HK,ITC NEOCLOUD,Equity,Equity Securities (Main Board),avg_turnover_30d_below_15m_hkd,7030898.26,45
0200,0200.HK,MELCO INT'L DEV,Equity,Equity Securities (Main Board),avg_turnover_30d_below_15m_hkd,10406459.89,45
0201,0201.HK,MAGNIFICENT,Equity,Equity Securities (Main Board),avg_turnover_30d_below_15m_hkd,118627.04,45
0202,0202.HK,EVERCHINA INT'L,Equity,Equity Securities (Main Board),avg_turnover_30d_below_15m_hkd,63714.51,45
0204,0204.HK,CAPITAL REALM,Equity,Investment Companies,avg_turnover_30d_below_15m_hkd,0.0,45
0205,0205.HK,BFB HEALTH,Equity,Equity Securities (Main Board),avg_turnover_30d_below_15m_hkd,83953.85,45
0206,0206.HK,CM-ENERGY,Equity,Equity Securities (Main Board),avg_turnover_30d_below_15m_hkd,110273.57,45
0209,0209.HK,POLY XVERSE IT,Equity,Equity Securities (Main Board),avg_turnover_30d_below_15m_hkd,7983181.93,45
0210,0210.HK,DAPHNE INT'L,Equity,Equity Securities (Main Board),avg_turnover_30d_below_15m_hkd,61999.67,45
0211,0211.HK,STYLAND HOLD,Equity,Equity Securities (Main Board),avg_turnover_30d_below_15m_hkd,2640.24,45
0212,0212.HK,NANYANG HOLD,Equity,Equity Securities (Main Board),avg_turnover_30d_below_15m_hkd,24779.0,45
0213,0213.HK,NATIONAL ELEC H,Equity,Equity Securities (Main Board),avg_turnover_30d_below_15m_hkd,33741.71,45
0214,0214.HK,ASIA ORIENT,Equity,Equity Securities (Main Board),avg_turnover_30d_below_15m_hkd,858.02,45
0215,0215.HK,HUTCHTEL HK,Equity,Equity Securities (Main Board),avg_turnover_30d_below_15m_hkd,1841235.63,45
0216,0216.HK,CHINNEY INV,Equity,Equity Securities (Main Board),avg_turnover_30d_below_15m_hkd,6955.33,45
0217,0217.HK,CHINA CHENGTONG,Equity,Equity Securities (Main Board),avg_turnover_30d_below_15m_hkd,55707.06,45
0218,0218.HK,SWHYHK,Equity,Equity Securities (Main Board),avg_turnover_30d_below_15m_hkd,457134.17,45
0219,0219.HK,SHUNHO PROPERTY,Equity,Equity Securities (Main Board),avg_turnover_30d_below_15m_hkd,2448.57,45
0222,0222.HK,MIN XIN HOLD,Equity,Equity Securities (Main Board),avg_turnover_30d_below_15m_hkd,200441.67,45
0223,0223.HK,ELIFE HLDGS,Equity,Equity Securities (Main Board),avg_turnover_30d_below_15m_hkd,45769.44,45
0224,0224.HK,PIONEER GLOBAL,Equity,Equity Securities (Main Board),avg_turnover_30d_below_15m_hkd,9924.67,45
0225,0225.HK,POKFULAM,Equity,Equity Securities (Main Board),avg_turnover_30d_below_15m_hkd,7089.41,45
0227,0227.HK,FIRST SHANGHAI,Equity,Equity Securities (Main Board),avg_turnover_30d_below_15m_hkd,56493.07,45
0228,0228.HK,CHINA ENERGY,Equity,Equity Securities (Main Board),avg_turnover_30d_below_15m_hkd,189389.63,45
0229,0229.HK,RAYMOND IND,Equity,Equity Securities (Main Board),avg_turnover_30d_below_15m_hkd,47927.5,45
0232,0232.HK,CON AERO TECH,Equity,Equity Securities (Main Board),avg_turnover_30d_below_15m_hkd,14036009.66,45
0234,0234.HK,NEW CENTURY GP,Equity,Equity Securities (Main Board),avg_turnover_30d_below_15m_hkd,111989.06,45
0235,0235.HK,CSC HOLDINGS,Equity,Equity Securities (Main Board),avg_turnover_30d_below_15m_hkd,127007.08,45
0236,0236.HK,SAN MIGUEL HK,Equity,Equity Securities (Main Board),avg_turnover_30d_below_15m_hkd,40635.33,45
0237,0237.HK,SAFETY GODOWN,Equity,Equity Securities (Main Board),avg_turnover_30d_below_15m_hkd,47071.53,45
0239,0239.HK,PAK FAH YEOW,Equity,Equity Securities (Main Board),avg_turnover_30d_below_15m_hkd,121090.0,45
0240,0240.HK,BUILD KING HOLD,Equity,Equity Securities (Main Board),avg_turnover_30d_below_15m_hkd,500953.61,45
0242,0242.HK,SHUN TAK HOLD,Equity,Equity Securities (Main Board),avg_turnover_30d_below_15m_hkd,1054441.42,45
0243,0243.HK,QPL INT'L,Equity,Equity Securities (Main Board),avg_turnover_30d_below_15m_hkd,56496.44,45
0244,0244.HK,SINCERE,Equity,Equity Securities (Main Board),avg_turnover_30d_below_15m_hkd,87564.4,45
0245,0245.HK,CHINA VERED FIN,Equity,Equity Securities (Main Board),avg_turnover_30d_below_15m_hkd,322476.52,45
0247,0247.HK,TST PROPERTIES,Equity,Equity Securities (Main Board),avg_turnover_30d_below_15m_hkd,0.0,45
0248,0248.HK,HKC INT'L HOLD,Equity,Equity Securities (Main Board),avg_turnover_30d_below_15m_hkd,3062.15,45
0251,0251.HK,SEA HOLDINGS,Equity,Equity Securities (Main Board),avg_turnover_30d_below_15m_hkd,9956.16,45
0252,0252.HK,SE ASIA PPT,Equity,Equity Securities (Main Board),avg_turnover_30d_below_15m_hkd,0.0,45
0253,0253.HK,SHUNHO HOLDINGS,Equity,Equity Securities (Main Board),avg_turnover_30d_below_15m_hkd,2033.33,45
0254,0254.HK,NUR HOLDINGS,Equity,Equity Securities (Main Board),avg_turnover_30d_below_15m_hkd,1948147.86,45
0255,0255.HK,LUNG KEE,Equity,Equity Securities (Main Board),avg_turnover_30d_below_15m_hkd,35057.5,45
0256,0256.HK,CITYCHAMP,Equity,Equity Securities (Main Board),avg_turnover_30d_below_15m_hkd,278910.07,45
0258,0258.HK,TOMSON GROUP,Equity,Equity Securities (Main Board),avg_turnover_30d_below_15m_hkd,1059827.7,45
0259,0259.HK,YEEBO (INT'L H),Equity,Equity Securities (Main Board),avg_turnover_30d_below_15m_hkd,797509.66,45
0261,0261.HK,GBA HOLDINGS,Equity,Equity Securities (Main Board),avg_turnover_30d_below_15m_hkd,393936.32,45
0262,0262.HK,DESON DEV INT'L,Equity,Equity Securities (Main Board),avg_turnover_30d_below_15m_hkd,4642.83,45
0264,0264.HK,CN INT DEV CORP,Equity,Equity Securities (Main Board),avg_turnover_30d_below_15m_hkd,8951392.03,45
0265,0265.HK,GANGYU SERVICES,Equity,Equity Securities (Main Board),avg_turnover_30d_below_15m_hkd,644.37,45
0266,0266.HK,TIAN TECK LAND,Equity,Equity Securities (Main Board),avg_turnover_30d_below_15m_hkd,19502.33,45
0269,0269.HK,CRTG,Equity,Equity Securities (Main Board),avg_turnover_30d_below_15m_hkd,3628.33,45
0271,0271.HK,ASIASEC PPT,Equity,Equity Securities (Main Board),avg_turnover_30d_below_15m_hkd,8785.38,45
0272,0272.HK,SHUI ON LAND,Equity,Equity Securities (Main Board),avg_turnover_30d_below_15m_hkd,5735271.92,45
0274,0274.HK,RA SILK ROAD,Equity,Equity Securities (Main Board),avg_turnover_30d_below_15m_hkd,0.0,45
0276,0276.HK,MONGOLIA ENERGY,Equity,Equity Securities (Main Board),avg_turnover_30d_below_15m_hkd,29193.97,45
0277,0277.HK,TERN PROPERTIES,Equity,Equity Securities (Main Board),avg_turnover_30d_below_15m_hkd,0.0,45
0279,0279.HK,ARTA TECHFIN,Equity,Equity Securities (Main Board),avg_turnover_30d_below_15m_hkd,880858.83,45
0280,0280.HK,KING FOOK HOLD,Equity,Equity Securities (Main Board),avg_turnover_30d_below_15m_hkd,540410.99,45
0286,0286.HK,AIDIGONG,Equity,Equity Securities (Main Board),avg_turnover_30d_below_15m_hkd,0.0,45
0287,0287.HK,WINFAIR INV,Equity,Equity Securities (Main Board),avg_turnover_30d_below_15m_hkd,8138.33,45
0289,0289.HK,WING ON CO,Equity,Equity Securities (Main Board),avg_turnover_30d_below_15m_hkd,245028.0,45
0294,0294.HK,YANGTZEKIANG,Equity,Equity Securities (Main Board),avg_turnover_30d_below_15m_hkd,23800.9,45
0295,0295.HK,KONG SUN HOLD,Equity,Equity Securities (Main Board),avg_turnover_30d_below_15m_hkd,74370.24,45
0296,0296.HK,EMPEROR E HOTEL,Equity,Equity Securities (Main Board),avg_turnover_30d_below_15m_hkd,62896.78,45
0298,0298.HK,CHUANG'S CHINA,Equity,Equity Securities (Main Board),avg_turnover_30d_below_15m_hkd,4085.01,45
0299,0299.HK,GLORY SUN LAND,Equity,Equity Securities (Main Board),avg_turnover_30d_below_15m_hkd,0.0,45
0301,0301.HK,SANVO CHEMICALS,Equity,Equity Securities (Main Board),avg_turnover_30d_below_15m_hkd,8432671.25,45
0302,0302.HK,CMGE,Equity,Equity Securities (Main Board),avg_turnover_30d_below_15m_hkd,107816.33,45
0305,0305.HK,WULING MOTORS,Equity,Equity Securities (Main Board),avg_turnover_30d_below_15m_hkd,355091.17,45
0306,0306.HK,KWOON CHUNG BUS,Equity,Equity Securities (Main Board),avg_turnover_30d_below_15m_hkd,133219.33,45
0308,0308.HK,CHINA TRAVEL HK,Equity,Equity Securities (Main Board),avg_turnover_30d_below_15m_hkd,7049291.19,45
0309,0309.HK,XH NEWS MEDIA,Equity,Equity Securities (Main Board),avg_turnover_30d_below_15m_hkd,5386.84,45
0310,0310.HK,PROSP INV HOLD,Equity,Investment Companies,avg_turnover_30d_below_15m_hkd,2244.0,45
0311,0311.HK,LUEN THAI,Equity,Equity Securities (Main Board),avg_turnover_30d_below_15m_hkd,21515.83,45
0312,0312.HK,SHIRBLE STORE,Equity,Equity Securities (Main Board),avg_turnover_30d_below_15m_hkd,6355.2,45
0313,0313.HK,RICHLY FIELD,Equity,Equity Securities (Main Board),avg_turnover_30d_below_15m_hkd,2400.12,45
0314,0314.HK,SIPAI HEALTH,Equity,Equity Securities (Main Board),avg_turnover_30d_below_15m_hkd,1275718.4,45
0315,0315.HK,SMARTONE TELE,Equity,Equity Securities (Main Board),avg_turnover_30d_below_15m_hkd,1836541.78,45
0318,0318.HK,VONGROUP,Equity,Equity Securities (Main Board),avg_turnover_30d_below_15m_hkd,0.0,45
0320,0320.HK,CTGL,Equity,Equity Securities (Main Board),avg_turnover_30d_below_15m_hkd,64630.33,45
0321,0321.HK,TEXWINCA HOLD,Equity,Equity Securities (Main Board),avg_turnover_30d_below_15m_hkd,1626669.88,45
0323,0323.HK,MAANSHAN IRON,Equity,Equity Securities (Main Board),avg_turnover_30d_below_15m_hkd,6476995.46,45
0327,0327.HK,PAX GLOBAL,Equity,Equity Securities (Main Board),avg_turnover_30d_below_15m_hkd,5833491.24,45
0328,0328.HK,ALCO HOLDINGS,Equity,Equity Securities (Main Board),avg_turnover_30d_below_15m_hkd,2158198.67,45
0329,0329.HK,OCI INTL,Equity,Equity Securities (Main Board),avg_turnover_30d_below_15m_hkd,29171.48,45
0330,0330.HK,ESPRIT HOLDINGS,Equity,Equity Securities (Main Board),avg_turnover_30d_below_15m_hkd,23818.84,45
0331,0331.HK,FSE LIFESTYLE,Equity,Equity Securities (Main Board),avg_turnover_30d_below_15m_hkd,374920.92,45
0332,0332.HK,YUANHENG GAS,Equity,Equity Securities (Main Board),avg_turnover_30d_below_15m_hkd,8494.53,45
0333,0333.HK,TOP FORM INT'L,Equity,Equity Securities (Main Board),avg_turnover_30d_below_15m_hkd,3260.06,45
0334,0334.HK,CH DISPLAY OPT,Equity,Equity Securities (Main Board),avg_turnover_30d_below_15m_hkd,81688.07,45
0335,0335.HK,UPBEST GROUP,Equity,Equity Securities (Main Board),avg_turnover_30d_below_15m_hkd,152680.34,45
0337,0337.HK,GREENLAND HK,Equity,Equity Securities (Main Board),avg_turnover_30d_below_15m_hkd,192739.82,45
0338,0338.HK,SHANGHAI PECHEM,Equity,Equity Securities (Main Board),avg_turnover_30d_below_15m_hkd,12647671.58,45
0339,0339.HK,WEBX HOLDING,Equity,Investment Companies,avg_turnover_30d_below_15m_hkd,72636.67,45
0341,0341.HK,CAFE DE CORAL H,Equity,Equity Securities (Main Board),avg_turnover_30d_below_15m_hkd,4213829.54,45
0343,0343.HK,CULTURECOM HOLD,Equity,Equity Securities (Main Board),avg_turnover_30d_below_15m_hkd,348646.95,45
0345,0345.HK,VITASOY INT'L,Equity,Equity Securities (Main Board),avg_turnover_30d_below_15m_hkd,4072107.95,45
0346,0346.HK,YANCHANG PETRO,Equity,Equity Securities (Main Board),avg_turnover_30d_below_15m_hkd,19308.4,45
0347,0347.HK,ANGANG STEEL,Equity,Equity Securities (Main Board),avg_turnover_30d_below_15m_hkd,5285687.4,45
0348,0348.HK,CHINAHEALTHWISE,Equity,Equity Securities (Main Board),avg_turnover_30d_below_15m_hkd,21522.76,44
0351,0351.HK,ASIA ENERGY LOG,Equity,Equity Securities (Main Board),avg_turnover_30d_below_15m_hkd,63462.0,45
0352,0352.HK,FORTUNE SUN,Equity,Equity Securities (Main Board),avg_turnover_30d_below_15m_hkd,0.0,45
0353,0353.HK,ENERGY INTINV,Equity,Equity Securities (Main Board),avg_turnover_30d_below_15m_hkd,204494.22,45
0355,0355.HK,CENTURY C INT'L,Equity,Equity Securities (Main Board),avg_turnover_30d_below_15m_hkd,52717.43,45
0356,0356.HK,DT CAPITAL,Equity,Investment Companies,avg_turnover_30d_below_15m_hkd,20245.0,45
0357,0357.HK,MEILAN AIRPORT,Equity,Equity Securities (Main Board),avg_turnover_30d_below_15m_hkd,1147512.82,45
0360,0360.HK,NEW FOCUS AUTO,Equity,Equity Securities (Main Board),avg_turnover_30d_below_15m_hkd,547841.33,45
0361,0361.HK,HANFORT DEV H,Equity,Equity Securities (Main Board),avg_turnover_30d_below_15m_hkd,566269.34,45
0362,0362.HK,C ZENITH CHEM,Equity,Equity Securities (Main Board),avg_turnover_30d_below_15m_hkd,0.0,45
0363,0363.HK,SHANGHAI IND H,Equity,Equity Securities (Main Board),avg_turnover_30d_below_15m_hkd,10485686.07,45
0365,0365.HK,SINO ICT,Equity,Equity Securities (Main Board),avg_turnover_30d_below_15m_hkd,171718.67,45
0366,0366.HK,LUKS GROUP (VN),Equity,Equity Securities (Main Board),avg_turnover_30d_below_15m_hkd,90557.14,45
0367,0367.HK,CHUANG'S INT'L,Equity,Equity Securities (Main Board),avg_turnover_30d_below_15m_hkd,25476.65,45
0368,0368.HK,SUPERLAND GROUP,Equity,Equity Securities (Main Board),avg_turnover_30d_below_15m_hkd,6051906.37,45
0369,0369.HK,WING TAI PPT,Equity,Equity Securities (Main Board),avg_turnover_30d_below_15m_hkd,41797.67,45
0370,0370.HK,HK ROBOTICS,Equity,Equity Securities (Main Board),avg_turnover_30d_below_15m_hkd,4491973.92,45
0372,0372.HK,PT INTL DEV,Equity,Equity Securities (Main Board),avg_turnover_30d_below_15m_hkd,29041.15,45
0373,0373.HK,ALLIED GROUP,Equity,Equity Securities (Main Board),avg_turnover_30d_below_15m_hkd,388649.29,45
0374,0374.HK,FOUR SEAS MER,Equity,Equity Securities (Main Board),avg_turnover_30d_below_15m_hkd,510.0,45
0375,0375.HK,YGM TRADING,Equity,Equity Securities (Main Board),avg_turnover_30d_below_15m_hkd,102007.22,45
0377,0377.HK,CHINA HUAJUN GP,Equity,Equity Securities (Main Board),avg_turnover_30d_below_15m_hkd,2355089.66,45
0379,0379.HK,EG LEASING,Equity,Equity Securities (Main Board),avg_turnover_30d_below_15m_hkd,894044.18,45
0380,0380.HK,CHINA PIPE,Equity,Equity Securities (Main Board),avg_turnover_30d_below_15m_hkd,9350.4,45
0381,0381.HK,AOM INT'L,Equity,Equity Securities (Main Board),avg_turnover_30d_below_15m_hkd,332916.1,45
0382,0382.HK,EDVANTAGE GROUP,Equity,Equity Securities (Main Board),avg_turnover_30d_below_15m_hkd,112319.46,45
0383,0383.HK,TIANAN MEDICARE,Equity,Equity Securities (Main Board),avg_turnover_30d_below_15m_hkd,16029.7,45
0385,0385.HK,CHINNEY ALLI,Equity,Equity Securities (Main Board),avg_turnover_30d_below_15m_hkd,4460.33,45
0387,0387.HK,LEEPORT(HOLD),Equity,Equity Securities (Main Board),avg_turnover_30d_below_15m_hkd,76646.0,45
0389,0389.HK,TONTINE WINES,Equity,Equity Securities (Main Board),avg_turnover_30d_below_15m_hkd,249355.5,45
0391,0391.HK,MEI AH ENTER,Equity,Equity Securities (Main Board),avg_turnover_30d_below_15m_hkd,1319094.23,45
0393,0393.HK,GLORIOUS SUN,Equity,Equity Securities (Main Board),avg_turnover_30d_below_15m_hkd,277112.66,45
0396,0396.HK,HING LEE (HK),Equity,Equity Securities (Main Board),avg_turnover_30d_below_15m_hkd,282253.47,45
0397,0397.HK,MINERVA GROUP,Equity,Equity Securities (Main Board),avg_turnover_30d_below_15m_hkd,199559.05,45
0398,0398.HK,ORIENTAL WATCH,Equity,Equity Securities (Main Board),avg_turnover_30d_below_15m_hkd,1614998.13,45
0399,0399.HK,STARCOIN GROUP,Equity,Equity Securities (Main Board),avg_turnover_30d_below_15m_hkd,0.0,45
0401,0401.HK,WANJIA GROUP,Equity,Equity Securities (Main Board),avg_turnover_30d_below_15m_hkd,67635.12,45
0403,0403.HK,STARLITE HOLD,Equity,Equity Securities (Main Board),avg_turnover_30d_below_15m_hkd,43441.27,45
0405,0405.HK,YUEXIU REIT,Real Estate Investment Trusts,,avg_turnover_30d_below_15m_hkd,1772846.91,45
0406,0406.HK,YAU LEE HOLD,Equity,Equity Securities (Main Board),avg_turnover_30d_below_15m_hkd,3426.67,45
0408,0408.HK,YIP'S CHEMICAL,Equity,Equity Securities (Main Board),avg_turnover_30d_below_15m_hkd,379707.21,45
0410,0410.HK,SOHO CHINA,Equity,Equity Securities (Main Board),avg_turnover_30d_below_15m_hkd,245382.21,45
0411,0411.HK,LAM SOON (HK),Equity,Equity Securities (Main Board),avg_turnover_30d_below_15m_hkd,9880.0,45
0412,0412.HK,SDHG,Equity,Equity Securities (Main Board),avg_turnover_30d_below_15m_hkd,4934621.79,45
0413,0413.HK,SC HOLDINGS,Equity,Equity Securities (Main Board),avg_turnover_30d_below_15m_hkd,9583.25,45
0417,0417.HK,TSE SUI LUEN,Equity,Equity Securities (Main Board),avg_turnover_30d_below_15m_hkd,39743.55,45
0418,0418.HK,FOUNDER HOLD,Equity,Equity Securities (Main Board),avg_turnover_30d_below_15m_hkd,133310.03,45
0419,0419.HK,HONY MEDIA,Equity,Equity Securities (Main Board),avg_turnover_30d_below_15m_hkd,997925.52,45
0420,0420.HK,FOUNTAIN SET,Equity,Equity Securities (Main Board),avg_turnover_30d_below_15m_hkd,786500.4,45
0422,0422.HK,VMEP HOLDINGS,Equity,Equity Securities (Main Board),avg_turnover_30d_below_15m_hkd,4345.5,45
0423,0423.HK,HKET HOLDINGS,Equity,Equity Securities (Main Board),avg_turnover_30d_below_15m_hkd,40133.0,45
0426,0426.HK,ONE MEDIA GROUP,Equity,Equity Securities (Main Board),avg_turnover_30d_below_15m_hkd,18173.07,45
0428,0428.HK,COCOON HOLDINGS,Equity,Investment Companies,avg_turnover_30d_below_15m_hkd,52775.5,45
0430,0430.HK,ORIENTAL EXPL,Equity,Equity Securities (Main Board),avg_turnover_30d_below_15m_hkd,1385.0,45
0432,0432.HK,PCPD,Equity,Equity Securities (Main Board),avg_turnover_30d_below_15m_hkd,47208.83,45
0433,0433.HK,NORTH MINING,Equity,Equity Securities (Main Board),avg_turnover_30d_below_15m_hkd,1225236.6,45
0434,0434.HK,BOYAA,Equity,Equity Securities (Main Board),avg_turnover_30d_below_15m_hkd,10921408.64,45
0435,0435.HK,SUNLIGHT REIT,Real Estate Investment Trusts,,avg_turnover_30d_below_15m_hkd,3031525.84,45
0436,0436.HK,NU ENVIRO,Equity,Equity Securities (Main Board),avg_turnover_30d_below_15m_hkd,5230.0,45
0438,0438.HK,IRICO NEWENERGY,Equity,Equity Securities (Main Board),avg_turnover_30d_below_15m_hkd,10154.13,45
0439,0439.HK,GENESIS SCALE,Equity,Equity Securities (Main Board),avg_turnover_30d_below_15m_hkd,85395.88,45
0440,0440.HK,DAH SING,Equity,Equity Securities (Main Board),avg_turnover_30d_below_15m_hkd,11330118.66,45
0442,0442.HK,DOMAINE POWER,Equity,Equity Securities (Main Board),avg_turnover_30d_below_15m_hkd,33638.67,45
0444,0444.HK,SINCEREWATCH HK,Equity,Equity Securities (Main Board),avg_turnover_30d_below_15m_hkd,0.0,45
0450,0450.HK,HUNG HING PRINT,Equity,Equity Securities (Main Board),avg_turnover_30d_below_15m_hkd,101153.67,45
0451,0451.HK,DYNASTY DIGITAL,Equity,Equity Securities (Main Board),avg_turnover_30d_below_15m_hkd,1273263.32,45
0455,0455.HK,TIANDA PHARMA,Equity,Equity Securities (Main Board),avg_turnover_30d_below_15m_hkd,16222.4,45
0456,0456.HK,NEW CITY DEV,Equity,Equity Securities (Main Board),avg_turnover_30d_below_15m_hkd,36333.33,45
0458,0458.HK,TRISTATE HOLD,Equity,Equity Securities (Main Board),avg_turnover_30d_below_15m_hkd,2893.33,45
0464,0464.HK,CHINA IN-TECH,Equity,Equity Securities (Main Board),avg_turnover_30d_below_15m_hkd,114046.67,45
0465,0465.HK,FUTONG TECH,Equity,Equity Securities (Main Board),avg_turnover_30d_below_15m_hkd,388551.5,45
0468,0468.HK,GAPACK,Equity,Equity Securities (Main Board),avg_turnover_30d_below_15m_hkd,0.0,45
0471,0471.HK,SILKWAVE INC,Equity,Equity Securities (Main Board),avg_turnover_30d_below_15m_hkd,136901.51,45
0472,0472.HK,NEW SILKROAD,Equity,Equity Securities (Main Board),avg_turnover_30d_below_15m_hkd,23617.67,45
0474,0474.HK,ACESO LIFE SCI,Equity,Equity Securities (Main Board),avg_turnover_30d_below_15m_hkd,232077.38,45
0475,0475.HK,CENTRAL DEV H,Equity,Equity Securities (Main Board),avg_turnover_30d_below_15m_hkd,12708.67,45
0476,0476.HK,EV DYNAMICS,Equity,Equity Securities (Main Board),avg_turnover_30d_below_15m_hkd,321904.16,45
0480,0480.HK,HKR INT'L,Equity,Equity Securities (Main Board),avg_turnover_30d_below_15m_hkd,284190.15,45
0482,0482.HK,SANDMARTIN INTL,Equity,Equity Securities (Main Board),avg_turnover_30d_below_15m_hkd,16917.33,45
0483,0483.HK,BAUHAUS INT'L,Equity,Equity Securities (Main Board),avg_turnover_30d_below_15m_hkd,4765.46,45
0484,0484.HK,FORGAME,Equity,Equity Securities (Main Board),avg_turnover_30d_below_15m_hkd,12084.38,45
0485,0485.HK,CHINASINOSTAR,Equity,Equity Securities (Main Board),avg_turnover_30d_below_15m_hkd,10880.96,45
0486,0486.HK,RUSAL,Equity,Equity Securities (Main Board),avg_turnover_30d_below_15m_hkd,946633.63,45
0487,0487.HK,SUCCESSUNIVERSE,Equity,Equity Securities (Main Board),avg_turnover_30d_below_15m_hkd,8363.27,45
0488,0488.HK,LAI SUN DEV,Equity,Equity Securities (Main Board),avg_turnover_30d_below_15m_hkd,12249.27,45
0491,0491.HK,EMPEROR CULTURE,Equity,Equity Securities (Main Board),avg_turnover_30d_below_15m_hkd,110443.48,45
0493,0493.HK,GOME RETAIL,Equity,Equity Securities (Main Board),avg_turnover_30d_below_15m_hkd,26483.9,45
0496,0496.HK,KASEN,Equity,Equity Securities (Main Board),avg_turnover_30d_below_15m_hkd,51.4,45
0497,0497.HK,CSI PROPERTIES,Equity,Equity Securities (Main Board),avg_turnover_30d_below_15m_hkd,66114.37,45
0498,0498.HK,BLUE RIVER HLDG,Equity,Equity Securities (Main Board),avg_turnover_30d_below_15m_hkd,0.0,45
0499,0499.HK,QINGDAO HLDGS,Equity,Equity Securities (Main Board),avg_turnover_30d_below_15m_hkd,27339.29,45
0500,0500.HK,FRONTIER SER,Equity,Equity Securities (Main Board),avg_turnover_30d_below_15m_hkd,9853.33,45
0501,0501.HK,OMNIVISION,Equity,Equity Securities (Main Board),avg_turnover_30d_below_15m_hkd,10208760.43,1
0505,0505.HK,XINGYE ALLOY,Equity,Equity Securities (Main Board),avg_turnover_30d_below_15m_hkd,47196.7,45
0508,0508.HK,DINGYI GP INV,Equity,Equity Securities (Main Board),avg_turnover_30d_below_15m_hkd,344694.67,45
0509,0509.HK,SUNSHINE,Equity,Equity Securities (Main Board),avg_turnover_30d_below_15m_hkd,0.0,45
0510,0510.HK,CASH FIN SER GP,Equity,Equity Securities (Main Board),avg_turnover_30d_below_15m_hkd,7841.16,45
0511,0511.HK,TVB,Equity,Equity Securities (Main Board),avg_turnover_30d_below_15m_hkd,1909798.98,45
0513,0513.HK,CONTINENTAL H,Equity,Equity Securities (Main Board),avg_turnover_30d_below_15m_hkd,10190.0,45
0515,0515.HK,CHINASILVER TEC,Equity,Equity Securities (Main Board),avg_turnover_30d_below_15m_hkd,0.0,45
0518,0518.HK,TUNGTEX (HOLD),Equity,Equity Securities (Main Board),avg_turnover_30d_below_15m_hkd,9352.4,45
0519,0519.HK,NOVAUTEK,Equity,Equity Securities (Main Board),avg_turnover_30d_below_15m_hkd,66022.18,45
0520,0520.HK,XIABUXIABU,Equity,Equity Securities (Main Board),avg_turnover_30d_below_15m_hkd,134277.07,45
0521,0521.HK,CWT INT'L,Equity,Equity Securities (Main Board),avg_turnover_30d_below_15m_hkd,484461.98,45
0524,0524.HK,GW TERROIR,Equity,Equity Securities (Main Board),avg_turnover_30d_below_15m_hkd,273015.79,45
0526,0526.HK,LISI GP HOLD,Equity,Equity Securities (Main Board),avg_turnover_30d_below_15m_hkd,180328.33,45
0527,0527.HK,RF GREEN EN AI,Equity,Equity Securities (Main Board),avg_turnover_30d_below_15m_hkd,2119538.27,45
0528,0528.HK,KINGDOM HOLDING,Equity,Equity Securities (Main Board),avg_turnover_30d_below_15m_hkd,26265.33,45
0529,0529.HK,SIS INT'L,Equity,Equity Securities (Main Board),avg_turnover_30d_below_15m_hkd,26034.33,45
0532,0532.HK,WKK INTL (HOLD),Equity,Equity Securities (Main Board),avg_turnover_30d_below_15m_hkd,141596.43,45
0533,0533.HK,GOLDLION HOLD,Equity,Equity Securities (Main Board),avg_turnover_30d_below_15m_hkd,83473.83,45
0535,0535.HK,GEMDALE PPT,Equity,Equity Securities (Main Board),avg_turnover_30d_below_15m_hkd,140291.58,45
0536,0536.HK,TRADELINK,Equity,Equity Securities (Main Board),avg_turnover_30d_below_15m_hkd,361707.67,45
0538,0538.HK,AJISEN (CHINA),Equity,Equity Securities (Main Board),avg_turnover_30d_below_15m_hkd,898228.34,45
0540,0540.HK,SPEEDY GLOBAL,Equity,Equity Securities (Main Board),avg_turnover_30d_below_15m_hkd,2404.13,45
0542,0542.HK,CN CULTURAL T&A,Equity,Equity Securities (Main Board),avg_turnover_30d_below_15m_hkd,91423.04,45
0543,0543.HK,PACIFIC ONLINE,Equity,Equity Securities (Main Board),avg_turnover_30d_below_15m_hkd,8191.34,45
0544,0544.HK,DAIDO GROUP,Equity,Equity Securities (Main Board),avg_turnover_30d_below_15m_hkd,15109.83,45
0547,0547.HK,DIGITAL DOMAIN,Equity,Equity Securities (Main Board),avg_turnover_30d_below_15m_hkd,70252.22,45
0548,0548.HK,SHENZHENEXPRESS,Equity,Equity Securities (Main Board),avg_turnover_30d_below_15m_hkd,5018469.07,45
0550,0550.HK,ALLEGRO CULTURE,Equity,Equity Securities (Main Board),avg_turnover_30d_below_15m_hkd,1079265.99,45
0553,0553.HK,NANJING PANDA,Equity,Equity Securities (Main Board),avg_turnover_30d_below_15m_hkd,4938467.0,45
0554,0554.HK,HANS GP HLDGS,Equity,Equity Securities (Main Board),avg_turnover_30d_below_15m_hkd,8180.6,45
0556,0556.HK,PAN ASIA ENVIRO,Equity,Equity Securities (Main Board),avg_turnover_30d_below_15m_hkd,362861.0,45
0557,0557.HK,TIANYUAN HEALTH,Equity,Equity Securities (Main Board),avg_turnover_30d_below_15m_hkd,340.0,45
0558,0558.HK,LK TECH,Equity,Equity Securities (Main Board),avg_turnover_30d_below_15m_hkd,1687467.31,45
0559,0559.HK,DETAI NEWENERGY,Equity,Equity Securities (Main Board),avg_turnover_30d_below_15m_hkd,0.0,45
0560,0560.HK,CHU KONG SHIP,Equity,Equity Securities (Main Board),avg_turnover_30d_below_15m_hkd,183650.34,45
0563,0563.HK,SH IND URBAN,Equity,Equity Securities (Main Board),avg_turnover_30d_below_15m_hkd,178961.09,45
0567,0567.HK,JSMART TECH,Equity,Equity Securities (Main Board),avg_turnover_30d_below_15m_hkd,74076.67,45
0570,0570.HK,TRAD CHI MED,Equity,Equity Securities (Main Board),avg_turnover_30d_below_15m_hkd,13796425.9,45
0571,0571.HK,ESUN HOLDINGS,Equity,Equity Securities (Main Board),avg_turnover_30d_below_15m_hkd,8875.89,45
0572,0572.HK,FW HOLDINGS,Equity,Equity Securities (Main Board),avg_turnover_30d_below_15m_hkd,5865.49,45
0573,0573.HK,TAO HEUNG HLDGS,Equity,Equity Securities (Main Board),avg_turnover_30d_below_15m_hkd,21544.17,45
0574,0574.HK,PASHUN INT'L,Equity,Equity Securities (Main Board),avg_turnover_30d_below_15m_hkd,0.0,45
0575,0575.HK,REGENT PACIFIC,Equity,Equity Securities (Main Board),avg_turnover_30d_below_15m_hkd,48915.09,45
0579,0579.HK,JNCEC,Equity,Equity Securities (Main Board),avg_turnover_30d_below_15m_hkd,6020917.77,45
0580,0580.HK,SUN.KING TECH,Equity,Equity Securities (Main Board),avg_turnover_30d_below_15m_hkd,5447856.44,45
0581,0581.HK,CHINA ORIENTAL,Equity,Equity Securities (Main Board),avg_turnover_30d_below_15m_hkd,2574518.8,45
0582,0582.HK,SHIN HWA WORLD,Equity,Equity Securities (Main Board),avg_turnover_30d_below_15m_hkd,7667.53,45
0583,0583.HK,GWPA HOLDINGS,Equity,Equity Securities (Main Board),avg_turnover_30d_below_15m_hkd,12798.93,45
0585,0585.HK,IMAGI INT'L,Equity,Equity Securities (Main Board),avg_turnover_30d_below_15m_hkd,1578193.64,45
0587,0587.HK,CONCH ENVIRO,Equity,Equity Securities (Main Board),avg_turnover_30d_below_15m_hkd,164680.33,45
0588,0588.HK,BEIJING N STAR,Equity,Equity Securities (Main Board),avg_turnover_30d_below_15m_hkd,4195830.36,45
0591,0591.HK,C HIGHPRECISION,Equity,Equity Securities (Main Board),avg_turnover_30d_below_15m_hkd,111951.78,45
0595,0595.HK,AV CONCEPT HOLD,Equity,Equity Securities (Main Board),avg_turnover_30d_below_15m_hkd,1875743.65,45
0596,0596.HK,INSPUR DIGI ENT,Equity,Equity Securities (Main Board),avg_turnover_30d_below_15m_hkd,3096771.66,45
0599,0599.HK,E. BON HOLDINGS,Equity,Equity Securities (Main Board),avg_turnover_30d_below_15m_hkd,10699.07,45
0601,0601.HK,REMT,Equity,Equity Securities (Main Board),avg_turnover_30d_below_15m_hkd,0.0,45
0602,0602.HK,JIAHUA STORES H,Equity,Equity Securities (Main Board),avg_turnover_30d_below_15m_hkd,2482.08,45
0603,0603.HK,CHINA OIL & GAS,Equity,Equity Securities (Main Board),avg_turnover_30d_below_15m_hkd,166322.17,45
0604,0604.HK,SHENZHEN INVEST,Equity,Equity Securities (Main Board),avg_turnover_30d_below_15m_hkd,3790013.51,45
0605,0605.HK,C FIN SERVICES,Equity,Equity Securities (Main Board),avg_turnover_30d_below_15m_hkd,34573.77,45
0606,0606.HK,SCE CM,Equity,Equity Securities (Main Board),avg_turnover_30d_below_15m_hkd,17229.54,45
0607,0607.HK,FULLSHARE,Equity,Equity Securities (Main Board),avg_turnover_30d_below_15m_hkd,60341.14,45
0608,0608.HK,HIGH FASHION,Equity,Equity Securities (Main Board),avg_turnover_30d_below_15m_hkd,25755.33,45
0609,0609.HK,TIANDE CHEMICAL,Equity,Equity Securities (Main Board),avg_turnover_30d_below_15m_hkd,58304.0,45
0610,0610.HK,WAI KEE HOLD,Equity,Equity Securities (Main Board),avg_turnover_30d_below_15m_hkd,128902.67,45
0611,0611.HK,CNE TECH CORP,Equity,Equity Securities (Main Board),avg_turnover_30d_below_15m_hkd,185212.33,45
0612,0612.HK,CARMEN CENTURY,Equity,Investment Companies,avg_turnover_30d_below_15m_hkd,0.0,45
0613,0613.HK,PLANETREE INT'L,Equity,Equity Securities (Main Board),avg_turnover_30d_below_15m_hkd,5596031.33,45
0616,0616.HK,ASSET CHAIN,Equity,Equity Securities (Main Board),avg_turnover_30d_below_15m_hkd,1629828.44,45
0617,0617.HK,PALIBURG HOLD,Equity,Equity Securities (Main Board),avg_turnover_30d_below_15m_hkd,83278.9,45
0618,0618.HK,PKU RESOURCES,Equity,Equity Securities (Main Board),avg_turnover_30d_below_15m_hkd,168542.33,45
0619,0619.HK,SOUTH CHINA FIN,Equity,Equity Securities (Main Board),avg_turnover_30d_below_15m_hkd,1676.0,45
0620,0620.HK,DTXS SILK ROAD,Equity,Equity Securities (Main Board),avg_turnover_30d_below_15m_hkd,31027.47,45
0621,0621.HK,TAUNG GOLD,Equity,Equity Securities (Main Board),avg_turnover_30d_below_15m_hkd,1105672.66,45
0623,0623.HK,GOLDENBRIDGE GP,Equity,Equity Securities (Main Board),avg_turnover_30d_below_15m_hkd,297358.59,45
0626,0626.HK,PUBLIC FIN HOLD,Equity,Equity Securities (Main Board),avg_turnover_30d_below_15m_hkd,5284127.94,45
0627,0627.HK,VISION SYNERGY,Equity,Equity Securities (Main Board),avg_turnover_30d_below_15m_hkd,37914.14,45
0628,0628.HK,TONGTONG AI SOC,Equity,Equity Securities (Main Board),avg_turnover_30d_below_15m_hkd,4971641.17,45
0629,0629.HK,YUE DA INTL,Equity,Equity Securities (Main Board),avg_turnover_30d_below_15m_hkd,11779.53,45
0630,0630.HK,AMCO UNITED,Equity,Equity Securities (Main Board),avg_turnover_30d_below_15m_hkd,16306.77,45
0632,0632.HK,CHK OIL,Equity,Equity Securities (Main Board),avg_turnover_30d_below_15m_hkd,727267.19,45
0635,0635.HK,PLAYMATES,Equity,Equity Securities (Main Board),avg_turnover_30d_below_15m_hkd,100972.58,45
0636,0636.HK,KLN,Equity,Equity Securities (Main Board),avg_turnover_30d_below_15m_hkd,11779765.37,45
0637,0637.HK,LEE KEE,Equity,Equity Securities (Main Board),avg_turnover_30d_below_15m_hkd,16909.4,45
0638,0638.HK,FIBOCOM,Equity,Equity Securities (Main Board),avg_turnover_30d_below_15m_hkd,1649663.96,1
0640,0640.HK,INFINITY DEV,Equity,Equity Securities (Main Board),avg_turnover_30d_below_15m_hkd,1217532.69,45
0641,0641.HK,CHTC FONG'S INT,Equity,Equity Securities (Main Board),avg_turnover_30d_below_15m_hkd,9385.0,45
0643,0643.HK,CARRY WEALTH,Equity,Equity Securities (Main Board),avg_turnover_30d_below_15m_hkd,97349.4,45
0645,0645.HK,ARES ASIA,Equity,Equity Securities (Main Board),avg_turnover_30d_below_15m_hkd,2023.8,45
0646,0646.HK,CHINA ENV TEC,Equity,Equity Securities (Main Board),avg_turnover_30d_below_15m_hkd,475372.23,45
0648,0648.HK,SOFTMEDX,Equity,Equity Securities (Main Board),avg_turnover_30d_below_15m_hkd,161517.33,45
0650,0650.HK,PRODUCTIVE TECH,Equity,Equity Securities (Main Board),avg_turnover_30d_below_15m_hkd,350282.15,45
0653,0653.HK,BONJOUR H-NEW,Equity,Equity Securities (Main Board),avg_turnover_30d_below_15m_hkd,1030159.28,45
0655,0655.HK,HK CHINESE LTD,Equity,Equity Securities (Main Board),avg_turnover_30d_below_15m_hkd,96431.67,45
0657,0657.HK,G-VISION INT'L,Equity,Equity Securities (Main Board),avg_turnover_30d_below_15m_hkd,4638.47,45
0658,0658.HK,C TRANSMISSION,Equity,Equity Securities (Main Board),avg_turnover_30d_below_15m_hkd,198540.27,45
0660,0660.HK,WAI CHUN BIOTEC,Equity,Equity Securities (Main Board),avg_turnover_30d_below_15m_hkd,98002.07,45
0661,0661.HK,CDAYENONFER,Equity,Equity Securities (Main Board),avg_turnover_30d_below_15m_hkd,5876974.32,45
0662,0662.HK,ASIA FINANCIAL,Equity,Equity Securities (Main Board),avg_turnover_30d_below_15m_hkd,45748.0,45
0664,0664.HK,TONGSHIFU,Equity,Equity Securities (Main Board),avg_turnover_30d_below_15m_hkd,131852.87,45
0672,0672.HK,ZHONGAN GROUP,Equity,Equity Securities (Main Board),avg_turnover_30d_below_15m_hkd,73447.23,45
0673,0673.HK,CHINA HEALTH,Equity,Equity Securities (Main Board),avg_turnover_30d_below_15m_hkd,22922.08,45
0674,0674.HK,CHINA TANGSHANG,Equity,Equity Securities (Main Board),avg_turnover_30d_below_15m_hkd,1535.77,45
0675,0675.HK,K & P INT'L,Equity,Equity Securities (Main Board),avg_turnover_30d_below_15m_hkd,14575.33,45
0676,0676.HK,PEGASUS INT'L,Equity,Equity Securities (Main Board),avg_turnover_30d_below_15m_hkd,538.0,45
0677,0677.HK,GOLDEN RES DEV,Equity,Equity Securities (Main Board),avg_turnover_30d_below_15m_hkd,293168.0,45
0679,0679.HK,ASIA TELE-NET,Equity,Equity Securities (Main Board),avg_turnover_30d_below_15m_hkd,5895803.45,45
0681,0681.HK,CHI PEOPLE HOLD,Equity,Equity Securities (Main Board),avg_turnover_30d_below_15m_hkd,66777.78,45
0682,0682.HK,CHAODA MODERN,Equity,Equity Securities (Main Board),avg_turnover_30d_below_15m_hkd,5366.35,45
0684,0684.HK,ALLAN INT'L,Equity,Equity Securities (Main Board),avg_turnover_30d_below_15m_hkd,35178.67,45
0685,0685.HK,MEDIA CHINESE,Equity,Equity Securities (Main Board),avg_turnover_30d_below_15m_hkd,159.5,45
0686,0686.HK,BJ ENERGY INTL,Equity,Equity Securities (Main Board),avg_turnover_30d_below_15m_hkd,165379.4,45
0687,0687.HK,TYSAN HOLDINGS,Equity,Equity Securities (Main Board),avg_turnover_30d_below_15m_hkd,45947.02,45
0689,0689.HK,EPI (HOLDINGS),Equity,Equity Securities (Main Board),avg_turnover_30d_below_15m_hkd,39153.13,45
0690,0690.HK,UNI-BIO GROUP,Equity,Equity Securities (Main Board),avg_turnover_30d_below_15m_hkd,268300.84,45
0691,0691.HK,SHANSHUI CEMENT,Equity,Equity Securities (Main Board),avg_turnover_30d_below_15m_hkd,11675.42,45
0693,0693.HK,TAN CHONG INT'L,Equity,Equity Securities (Main Board),avg_turnover_30d_below_15m_hkd,7756.0,45
0694,0694.HK,BEIJING AIRPORT,Equity,Equity Securities (Main Board),avg_turnover_30d_below_15m_hkd,10456264.58,45
0695,0695.HK,DONGWU CEMENT,Equity,Equity Securities (Main Board),avg_turnover_30d_below_15m_hkd,4366510.35,45
0698,0698.HK,TONGDA GROUP,Equity,Equity Securities (Main Board),avg_turnover_30d_below_15m_hkd,244991.25,45
0701,0701.HK,CNT GROUP,Equity,Equity Securities (Main Board),avg_turnover_30d_below_15m_hkd,6846.12,45
0702,0702.HK,SINO OIL & GAS,Equity,Equity Securities (Main Board),avg_turnover_30d_below_15m_hkd,0.0,45
0703,0703.HK,FUTURE BRIGHT,Equity,Equity Securities (Main Board),avg_turnover_30d_below_15m_hkd,13793.38,45
0704,0704.HK,HUSCOKE HLDGS,Equity,Equity Securities (Main Board),avg_turnover_30d_below_15m_hkd,0.0,45
0707,0707.HK,ATV HOLDINGS,Equity,Equity Securities (Main Board),avg_turnover_30d_below_15m_hkd,0.0,45
0708,0708.HK,EVERG VEHICLE,Equity,Equity Securities (Main Board),avg_turnover_30d_below_15m_hkd,0.0,45
0709,0709.HK,GIORDANO INT'L,Equity,Equity Securities (Main Board),avg_turnover_30d_below_15m_hkd,1102778.23,45
0710,0710.HK,BOE VARITRONIX,Equity,Equity Securities (Main Board),avg_turnover_30d_below_15m_hkd,7141767.25,45
0711,0711.HK,ASIA ALLIED INF,Equity,Equity Securities (Main Board),avg_turnover_30d_below_15m_hkd,105766.1,45
0712,0712.HK,COMTEC SOLAR,Equity,Equity Securities (Main Board),avg_turnover_30d_below_15m_hkd,9556.95,45
0713,0713.HK,WORLD HOUSEWARE,Equity,Equity Securities (Main Board),avg_turnover_30d_below_15m_hkd,16920.67,45
0716,0716.HK,SINGAMAS CONT,Equity,Equity Securities (Main Board),avg_turnover_30d_below_15m_hkd,718877.89,45
0717,0717.HK,EMPEROR CAPITAL,Equity,Equity Securities (Main Board),avg_turnover_30d_below_15m_hkd,200782.85,45
0718,0718.HK,TAI UNITED HOLD,Equity,Equity Securities (Main Board),avg_turnover_30d_below_15m_hkd,12041.79,45
0719,0719.HK,SHANDONG XINHUA,Equity,Equity Securities (Main Board),avg_turnover_30d_below_15m_hkd,10372053.78,45
0720,0720.HK,AUTO ITALIA,Equity,Equity Securities (Main Board),avg_turnover_30d_below_15m_hkd,784458.81,45
0721,0721.HK,C FIN INT INV,Equity,Investment Companies,avg_turnover_30d_below_15m_hkd,24097.27,45
0722,0722.HK,UMP,Equity,Equity Securities (Main Board),avg_turnover_30d_below_15m_hkd,10432.2,45
0723,0723.HK,RELIANCE GLO HL,Equity,Equity Securities (Main Board),avg_turnover_30d_below_15m_hkd,321937.65,45
0725,0725.HK,PERENNIAL INT'L,Equity,Equity Securities (Main Board),avg_turnover_30d_below_15m_hkd,15176.67,45
0726,0726.HK,DIT GROUP,Equity,Equity Securities (Main Board),avg_turnover_30d_below_15m_hkd,5232.3,45
0727,0727.HK,SINOPROS CORP,Equity,Equity Securities (Main Board),avg_turnover_30d_below_15m_hkd,11481.67,45
0730,0730.HK,CAPITAL IND-NEW,Equity,Equity Securities (Main Board),avg_turnover_30d_below_15m_hkd,150247.39,45
0731,0731.HK,C&D NEWIN,Equity,Equity Securities (Main Board),avg_turnover_30d_below_15m_hkd,25775.22,45
0732,0732.HK,TRULY INT'L,Equity,Equity Securities (Main Board),avg_turnover_30d_below_15m_hkd,1184694.99,45
0733,0733.HK,HOPEFLUENT,Equity,Equity Securities (Main Board),avg_turnover_30d_below_15m_hkd,1648.63,45
0736,0736.HK,CHINA PPT INV,Equity,Equity Securities (Main Board),avg_turnover_30d_below_15m_hkd,151946.63,45
0737,0737.HK,BAY AREA DEV,Equity,Equity Securities (Main Board),avg_turnover_30d_below_15m_hkd,384050.42,45
0738,0738.HK,LE SAUNDA,Equity,Equity Securities (Main Board),avg_turnover_30d_below_15m_hkd,167132.5,45
0743,0743.HK,ASIA CEMENT CH,Equity,Equity Securities (Main Board),avg_turnover_30d_below_15m_hkd,0.0,45
0745,0745.HK,CN CULTURE GP,Equity,Equity Securities (Main Board),avg_turnover_30d_below_15m_hkd,630942.18,45
0746,0746.HK,L & M CHEMICAL,Equity,Equity Securities (Main Board),avg_turnover_30d_below_15m_hkd,1106757.73,45
0747,0747.HK,SHENYANG PUBLIC,Equity,Equity Securities (Main Board),avg_turnover_30d_below_15m_hkd,17142.6,45
0750,0750.HK,SFSY ENERGY,Equity,Equity Securities (Main Board),avg_turnover_30d_below_15m_hkd,35656.52,45
0751,0751.HK,SKYWORTH GROUP,Equity,Equity Securities (Main Board),avg_turnover_30d_below_15m_hkd,4040483.05,45
0752,0752.HK,PICO FAR EAST,Equity,Equity Securities (Main Board),avg_turnover_30d_below_15m_hkd,882910.03,45
0754,0754.HK,HOPSON DEV HOLD,Equity,Equity Securities (Main Board),avg_turnover_30d_below_15m_hkd,0.0,45
0755,0755.HK,DEVGREAT,Equity,Equity Securities (Main Board),avg_turnover_30d_below_15m_hkd,8762.98,45
0756,0756.HK,SUMMI,Equity,Equity Securities (Main Board),avg_turnover_30d_below_15m_hkd,65061.0,45
0757,0757.HK,SOLARGIGA,Equity,Equity Securities (Main Board),avg_turnover_30d_below_15m_hkd,31254.73,45
0759,0759.HK,CEC INT'L HOLD,Equity,Equity Securities (Main Board),avg_turnover_30d_below_15m_hkd,9704.53,45
0760,0760.HK,TALENT PPT GP,Equity,Equity Securities (Main Board),avg_turnover_30d_below_15m_hkd,393.42,45
0764,0764.HK,ETERNITY INV,Equity,Equity Securities (Main Board),avg_turnover_30d_below_15m_hkd,1093.84,45
0765,0765.HK,PERFECTECH INTL,Equity,Equity Securities (Main Board),avg_turnover_30d_below_15m_hkd,4046.27,45
0767,0767.HK,ZHONG JI LS,Equity,Equity Securities (Main Board),avg_turnover_30d_below_15m_hkd,1285223.25,45
0768,0768.HK,UBA INVESTMENTS,Equity,Investment Companies,avg_turnover_30d_below_15m_hkd,17189.73,45
0769,0769.HK,CHINA RAREEARTH,Equity,Equity Securities (Main Board),avg_turnover_30d_below_15m_hkd,0.0,45
0771,0771.HK,AUTOMATED SYS,Equity,Equity Securities (Main Board),avg_turnover_30d_below_15m_hkd,25957.35,45
0775,0775.HK,CKLIFE SCIENCES,Equity,Equity Securities (Main Board),avg_turnover_30d_below_15m_hkd,3125827.32,45
0776,0776.HK,IMPERIUM TEC GP,Equity,Equity Securities (Main Board),avg_turnover_30d_below_15m_hkd,410266.96,45
0777,0777.HK,NETDRAGON,Equity,Equity Securities (Main Board),avg_turnover_30d_below_15m_hkd,14577022.83,45
0778,0778.HK,FORTUNE REIT,Real Estate Investment Trusts,,avg_turnover_30d_below_15m_hkd,10442891.49,45
0784,0784.HK,AILIFE INTL,Equity,Equity Securities (Main Board),avg_turnover_30d_below_15m_hkd,315749.0,45
0789,0789.HK,ARTINI HLDG,Equity,Equity Securities (Main Board),avg_turnover_30d_below_15m_hkd,105037.36,45
0794,0794.HK,COME SURE GROUP,Equity,Equity Securities (Main Board),avg_turnover_30d_below_15m_hkd,6567.67,45
0797,0797.HK,7ROAD,Equity,Equity Securities (Main Board),avg_turnover_30d_below_15m_hkd,633970.0,45
0798,0798.HK,CEOVU,Equity,Equity Securities (Main Board),avg_turnover_30d_below_15m_hkd,45079.18,45
0799,0799.HK,IGG,Equity,Equity Securities (Main Board),avg_turnover_30d_below_15m_hkd,3866583.71,45
0804,0804.HK,PINESTONE,Equity,Equity Securities (Main Board),avg_turnover_30d_below_15m_hkd,5501873.42,45
0806,0806.HK,VALUE PARTNERS,Equity,Equity Securities (Main Board),avg_turnover_30d_below_15m_hkd,2893275.87,45
0807,0807.HK,SIICENVIRONMENT,Equity,Equity Securities (Main Board),avg_turnover_30d_below_15m_hkd,340704.8,45
0808,0808.HK,PROSPERITY REIT,Real Estate Investment Trusts,,avg_turnover_30d_below_15m_hkd,1525617.46,45
0809,0809.HK,GLOBAL BIO-CHEM,Equity,Equity Securities (Main Board),avg_turnover_30d_below_15m_hkd,120222.94,45
0810,0810.HK,CH CASTSON 81,Equity,Investment Companies,avg_turnover_30d_below_15m_hkd,38038.25,45
0813,0813.HK,SHIMAO GROUP,Equity,Equity Securities (Main Board),avg_turnover_30d_below_15m_hkd,3247067.98,45
0814,0814.HK,JINGKELONG,Equity,Equity Securities (Main Board),avg_turnover_30d_below_15m_hkd,19399.23,45
0815,0815.HK,CHI SILVER GP,Equity,Equity Securities (Main Board),avg_turnover_30d_below_15m_hkd,7248012.47,45
0816,0816.HK,JINMAO SERVICES,Equity,Equity Securities (Main Board),avg_turnover_30d_below_15m_hkd,550536.68,45
0818,0818.HK,HI SUN TECH,Equity,Equity Securities (Main Board),avg_turnover_30d_below_15m_hkd,129808.15,45
0821,0821.HK,VC HOLDINGS,Equity,Equity Securities (Main Board),avg_turnover_30d_below_15m_hkd,3131016.16,45
0822,0822.HK,KA SHUI INT'L,Equity,Equity Securities (Main Board),avg_turnover_30d_below_15m_hkd,50144.67,45
0825,0825.HK,NWDS CHINA,Equity,Equity Securities (Main Board),avg_turnover_30d_below_15m_hkd,67325.5,45
0827,0827.HK,KO YO GROUP,Equity,Equity Securities (Main Board),avg_turnover_30d_below_15m_hkd,74421.6,45
0828,0828.HK,DYNASTY WINES,Equity,Equity Securities (Main Board),avg_turnover_30d_below_15m_hkd,17913.73,45
0829,0829.HK,SHENGUAN HLDGS,Equity,Equity Securities (Main Board),avg_turnover_30d_below_15m_hkd,445482.0,45
0830,0830.HK,CSC DEVELOPMENT,Equity,Equity Securities (Main Board),avg_turnover_30d_below_15m_hkd,314978.0,45
0831,0831.HK,CR ASIA,Equity,Equity Securities (Main Board),avg_turnover_30d_below_15m_hkd,141151.66,45
0832,0832.HK,CENTRAL CHINA,Equity,Equity Securities (Main Board),avg_turnover_30d_below_15m_hkd,8117.57,45
0833,0833.HK,ALLTRONICS,Equity,Equity Securities (Main Board),avg_turnover_30d_below_15m_hkd,319563.24,45
0834,0834.HK,SHENGRONG HLDG,Equity,Equity Securities (Main Board),avg_turnover_30d_below_15m_hkd,10649.47,45
0837,0837.HK,CARPENTER TAN,Equity,Equity Securities (Main Board),avg_turnover_30d_below_15m_hkd,447211.83,45
0838,0838.HK,EVA HOLDINGS,Equity,Equity Securities (Main Board),avg_turnover_30d_below_15m_hkd,796172.33,45
0839,0839.HK,CHINA EDU GROUP,Equity,Equity Securities (Main Board),avg_turnover_30d_below_15m_hkd,6830560.3,45
0840,0840.HK,TIANYE WATER,Equity,Equity Securities (Main Board),avg_turnover_30d_below_15m_hkd,9859.53,45
0841,0841.HK,CASSAVA RES,Equity,Equity Securities (Main Board),avg_turnover_30d_below_15m_hkd,22817.33,45
0842,0842.HK,LEOCH INT'L,Equity,Equity Securities (Main Board),avg_turnover_30d_below_15m_hkd,318962.17,45
0844,0844.HK,GREATIME INTL,Equity,Equity Securities (Main Board),avg_turnover_30d_below_15m_hkd,11288.67,45
0845,0845.HK,GLORIOUS PPT H,Equity,Equity Securities (Main Board),avg_turnover_30d_below_15m_hkd,0.0,45
0846,0846.HK,MINGFA GROUP,Equity,Equity Securities (Main Board),avg_turnover_30d_below_15m_hkd,26467.37,45
0848,0848.HK,MAOYE INT'L,Equity,Equity Securities (Main Board),avg_turnover_30d_below_15m_hkd,381239.51,45
0851,0851.HK,SHENG YUAN HLDG,Equity,Equity Securities (Main Board),avg_turnover_30d_below_15m_hkd,2345.0,45
0852,0852.HK,STRONG PETRO,Equity,Equity Securities (Main Board),avg_turnover_30d_below_15m_hkd,425361.6,45
0854,0854.HK,WILLAS-ARRAY,Equity,Equity Securities (Main Board),avg_turnover_30d_below_15m_hkd,27643.0,45
0855,0855.HK,CHINA WATER,Equity,Equity Securities (Main Board),avg_turnover_30d_below_15m_hkd,4632829.5,45
0858,0858.HK,EXTRAWELL PHAR,Equity,Equity Securities (Main Board),avg_turnover_30d_below_15m_hkd,151322.33,45
0859,0859.HK,ZHONGCHANG INTL,Equity,Equity Securities (Main Board),avg_turnover_30d_below_15m_hkd,19703.33,45
0860,0860.HK,APOLLO FMG,Equity,Equity Securities (Main Board),avg_turnover_30d_below_15m_hkd,137028.85,45
0861,0861.HK,DC HOLDINGS,Equity,Equity Securities (Main Board),avg_turnover_30d_below_15m_hkd,2731342.76,45
0862,0862.HK,VISION VALUES,Equity,Equity Securities (Main Board),avg_turnover_30d_below_15m_hkd,58042.33,45
0864,0864.HK,WING LEE PPT,Equity,Equity Securities (Main Board),avg_turnover_30d_below_15m_hkd,994.13,45
0865,0865.HK,JIANDE INT'L,Equity,Equity Securities (Main Board),avg_turnover_30d_below_15m_hkd,4871.79,45
0866,0866.HK,CHINA QINFA,Equity,Equity Securities (Main Board),avg_turnover_30d_below_15m_hkd,7295655.15,45
0869,0869.HK,PLAYMATES TOYS,Equity,Equity Securities (Main Board),avg_turnover_30d_below_15m_hkd,167159.09,45
0871,0871.HK,CH DREDG ENV,Equity,Equity Securities (Main Board),avg_turnover_30d_below_15m_hkd,4845.67,45
0873,0873.HK,SHIMAO SERVICES,Equity,Equity Securities (Main Board),avg_turnover_30d_below_15m_hkd,407524.52,45
0875,0875.HK,CONGYU INTE AGR,Equity,Equity Securities (Main Board),avg_turnover_30d_below_15m_hkd,1198323.68,45
0876,0876.HK,QH BIO PHARMA,Equity,Equity Securities (Main Board),avg_turnover_30d_below_15m_hkd,36905.83,45
0878,0878.HK,SOUNDWILL HOLD,Equity,Equity Securities (Main Board),avg_turnover_30d_below_15m_hkd,188313.38,45
0880,0880.HK,SJM HOLDINGS,Equity,Equity Securities (Main Board),avg_turnover_30d_below_15m_hkd,11326622.42,45
0882,0882.HK,TIANJIN DEV,Equity,Equity Securities (Main Board),avg_turnover_30d_below_15m_hkd,408784.5,45
0884,0884.HK,CIFI HOLD GP,Equity,Equity Securities (Main Board),avg_turnover_30d_below_15m_hkd,2603147.67,45
0887,0887.HK,EMPEROR WATCH&J,Equity,Equity Securities (Main Board),avg_turnover_30d_below_15m_hkd,1389151.77,45
0888,0888.HK,BLOCKFIN HLDG,Equity,Equity Securities (Main Board),avg_turnover_30d_below_15m_hkd,890.96,45
0889,0889.HK,DATRONIX HOLD,Equity,Equity Securities (Main Board),avg_turnover_30d_below_15m_hkd,81660.67,45
0893,0893.HK,CHINAVTM MINING,Equity,Equity Securities (Main Board),avg_turnover_30d_below_15m_hkd,10770.17,45
0894,0894.HK,MAN YUE TECH,Equity,Equity Securities (Main Board),avg_turnover_30d_below_15m_hkd,9658316.59,45
0896,0896.HK,HANISON,Equity,Equity Securities (Main Board),avg_turnover_30d_below_15m_hkd,13133.34,45
0897,0897.HK,WAI YUEN TONG,Equity,Equity Securities (Main Board),avg_turnover_30d_below_15m_hkd,248598.54,45
0898,0898.HK,MULTIFIELD INTL,Equity,Equity Securities (Main Board),avg_turnover_30d_below_15m_hkd,18214.67,45
0899,0899.HK,ZHONG JIA GX,Equity,Equity Securities (Main Board),avg_turnover_30d_below_15m_hkd,104996.3,45
0900,0900.HK,AEON CREDIT,Equity,Equity Securities (Main Board),avg_turnover_30d_below_15m_hkd,721036.95,45
0905,0905.HK,WALNUT CAP,Equity,Investment Companies,avg_turnover_30d_below_15m_hkd,112297.07,45
0907,0907.HK,ELEGANCEOPTICAL,Equity,Equity Securities (Main Board),avg_turnover_30d_below_15m_hkd,0.0,45
0909,0909.HK,MING YUAN CLOUD,Equity,Equity Securities (Main Board),avg_turnover_30d_below_15m_hkd,13402062.53,45
0910,0910.HK,CHINA SANDI,Equity,Equity Securities (Main Board),avg_turnover_30d_below_15m_hkd,534767.24,45
0911,0911.HK,QIANHAI HEALTH,Equity,Equity Securities (Main Board),avg_turnover_30d_below_15m_hkd,22327.55,45
0912,0912.HK,SUGA INT'L,Equity,Equity Securities (Main Board),avg_turnover_30d_below_15m_hkd,24942.0,45
0913,0913.HK,HARBOUR DIGITAL,Equity,Investment Companies,avg_turnover_30d_below_15m_hkd,67794.64,45
0915,0915.HK,DAOHE GLOBAL,Equity,Equity Securities (Main Board),avg_turnover_30d_below_15m_hkd,10913.73,45
0918,0918.HK,MAJESTIC DRAGON,Equity,Equity Securities (Main Board),avg_turnover_30d_below_15m_hkd,1593956.6,45
0919,0919.HK,MODERNHEALTHTEC,Equity,Equity Securities (Main Board),avg_turnover_30d_below_15m_hkd,6498.67,45
0922,0922.HK,ANXIANYUAN CH,Equity,Equity Securities (Main Board),avg_turnover_30d_below_15m_hkd,41006.6,45
0923,0923.HK,IWS,Equity,Equity Securities (Main Board),avg_turnover_30d_below_15m_hkd,54803.47,45
0924,0924.HK,KHOON GROUP,Equity,Equity Securities (Main Board),avg_turnover_30d_below_15m_hkd,0.0,45
0926,0926.HK,BESUNYEN,Equity,Equity Securities (Main Board),avg_turnover_30d_below_15m_hkd,2702.68,45
0927,0927.HK,FUJIKON IND,Equity,Equity Securities (Main Board),avg_turnover_30d_below_15m_hkd,14659.33,45
0928,0928.HK,KING INTL INV,Equity,Equity Securities (Main Board),avg_turnover_30d_below_15m_hkd,877987.96,45
0929,0929.HK,IPE GROUP,Equity,Equity Securities (Main Board),avg_turnover_30d_below_15m_hkd,175441.17,45
0931,0931.HK,CHINA HK POWER,Equity,Equity Securities (Main Board),avg_turnover_30d_below_15m_hkd,439243.36,45
0932,0932.HK,SHUNTEN INTL,Equity,Equity Securities (Main Board),avg_turnover_30d_below_15m_hkd,45298.0,45
0933,0933.HK,VIVA GOODS,Equity,Equity Securities (Main Board),avg_turnover_30d_below_15m_hkd,2554122.57,45
0934,0934.HK,SINOPEC KANTONS,Equity,Equity Securities (Main Board),avg_turnover_30d_below_15m_hkd,4624342.25,45
0936,0936.HK,KAISA CAPITAL,Equity,Equity Securities (Main Board),avg_turnover_30d_below_15m_hkd,92175.0,45
0938,0938.HK,MAN SANG INT'L,Equity,Equity Securities (Main Board),avg_turnover_30d_below_15m_hkd,8794.6,45
0943,0943.HK,ZHONGZHENG INTL,Equity,Equity Securities (Main Board),avg_turnover_30d_below_15m_hkd,11032.48,45
0945,0945.HK,MANULIFE-S,Equity,Equity Securities (Main Board),avg_turnover_30d_below_15m_hkd,3554974.82,45
0947,0947.HK,MOBI DEV,Equity,Equity Securities (Main Board),avg_turnover_30d_below_15m_hkd,13820.09,45
0948,0948.HK,ALPHA PRO HLDGS,Equity,Equity Securities (Main Board),avg_turnover_30d_below_15m_hkd,23651.96,45
0950,0950.HK,LEE'S PHARM,Equity,Equity Securities (Main Board),avg_turnover_30d_below_15m_hkd,1032310.0,45
0951,0951.HK,CHAOWEI POWER,Equity,Equity Securities (Main Board),avg_turnover_30d_below_15m_hkd,557760.16,45
0952,0952.HK,QUAM PLUS FIN,Equity,Equity Securities (Main Board),avg_turnover_30d_below_15m_hkd,8326.5,45
0953,0953.HK,SHAW BROTHERS,Equity,Equity Securities (Main Board),avg_turnover_30d_below_15m_hkd,267719.87,45
0954,0954.HK,CHANGMAO BIO,Equity,Equity Securities (Main Board),avg_turnover_30d_below_15m_hkd,32876.4,45
0959,0959.HK,CENTURY ENT INT,Equity,Equity Securities (Main Board),avg_turnover_30d_below_15m_hkd,0.0,45
0969,0969.HK,HUA LIEN INT'L,Equity,Equity Securities (Main Board),avg_turnover_30d_below_15m_hkd,345697.93,45
0970,0970.HK,NEW SPARKLEROLL,Equity,Equity Securities (Main Board),avg_turnover_30d_below_15m_hkd,306991.25,45
0974,0974.HK,SKL,Equity,Equity Securities (Main Board),avg_turnover_30d_below_15m_hkd,11666.0,45
0976,0976.HK,CHIHO ENV,Equity,Equity Securities (Main Board),avg_turnover_30d_below_15m_hkd,0.0,45
0978,0978.HK,CHI MER LAND,Equity,Equity Securities (Main Board),avg_turnover_30d_below_15m_hkd,164941.77,45
0979,0979.HK,GREEN ENERGY GP,Equity,Equity Securities (Main Board),avg_turnover_30d_below_15m_hkd,354680.49,45
0980,0980.HK,LIANHUA,Equity,Equity Securities (Main Board),avg_turnover_30d_below_15m_hkd,113805.6,45
0983,0983.HK,SOCAM DEV,Equity,Equity Securities (Main Board),avg_turnover_30d_below_15m_hkd,98302.83,45
0984,0984.HK,AEON STORES,Equity,Equity Securities (Main Board),avg_turnover_30d_below_15m_hkd,9824.65,45
0986,0986.HK,DUFU LIQUOR GP,Equity,Equity Securities (Main Board),avg_turnover_30d_below_15m_hkd,294946.7,45
0987,0987.HK,CH RENEW EN INV,Equity,Equity Securities (Main Board),avg_turnover_30d_below_15m_hkd,172250.16,45
0989,0989.HK,CHINA CBS INTL,Equity,Equity Securities (Main Board),avg_turnover_30d_below_15m_hkd,23301.99,45
0990,0990.HK,DEEP SOURCE,Equity,Equity Securities (Main Board),avg_turnover_30d_below_15m_hkd,6673258.69,45
0993,0993.HK,XINKONG INT CAP,Equity,Equity Securities (Main Board),avg_turnover_30d_below_15m_hkd,82988.19,45
0994,0994.HK,CT VISION,Equity,Equity Securities (Main Board),avg_turnover_30d_below_15m_hkd,240830.0,45
0995,0995.HK,ANHUIEXPRESSWAY,Equity,Equity Securities (Main Board),avg_turnover_30d_below_15m_hkd,12773305.3,45
0997,0997.HK,CHINLINK INTL,Equity,Equity Securities (Main Board),avg_turnover_30d_below_15m_hkd,68280.72,45
1000,1000.HK,BEIJING MEDIA,Equity,Equity Securities (Main Board),avg_turnover_30d_below_15m_hkd,22816.5,45
1001,1001.HK,HK SH ALLIANCE,Equity,Equity Securities (Main Board),avg_turnover_30d_below_15m_hkd,35403.52,45
1002,1002.HK,V.S. INT'L,Equity,Equity Securities (Main Board),avg_turnover_30d_below_15m_hkd,71087.6,45
1003,1003.HK,HUANXI MEDIA,Equity,Equity Securities (Main Board),avg_turnover_30d_below_15m_hkd,304334.63,45
1004,1004.HK,C SMARTERENERGY,Equity,Equity Securities (Main Board),avg_turnover_30d_below_15m_hkd,15997.38,45
1005,1005.HK,MATRIX HOLDINGS,Equity,Equity Securities (Main Board),avg_turnover_30d_below_15m_hkd,2868.76,45
1007,1007.HK,LONGHUI INTL,Equity,Equity Securities (Main Board),avg_turnover_30d_below_15m_hkd,0.0,45
1008,1008.HK,LITU HOLDINGS,Equity,Equity Securities (Main Board),avg_turnover_30d_below_15m_hkd,27066.33,45
1009,1009.HK,INT'L ENT,Equity,Equity Securities (Main Board),avg_turnover_30d_below_15m_hkd,1458611.52,45
1010,1010.HK,SKY BLUE 11,Equity,Equity Securities (Main Board),avg_turnover_30d_below_15m_hkd,139587.13,45
1011,1011.HK,NT PHARMA,Equity,Equity Securities (Main Board),avg_turnover_30d_below_15m_hkd,138276.87,45
1013,1013.HK,WAI CHUN GROUP,Equity,Equity Securities (Main Board),avg_turnover_30d_below_15m_hkd,105508.33,45
1020,1020.HK,CIPRUN TECH,Equity,Equity Securities (Main Board),avg_turnover_30d_below_15m_hkd,3854803.58,45
1022,1022.HK,FEIYU,Equity,Equity Securities (Main Board),avg_turnover_30d_below_15m_hkd,57625.0,45
1023,1023.HK,SITOY GROUP,Equity,Equity Securities (Main Board),avg_turnover_30d_below_15m_hkd,73808.0,45
1025,1025.HK,KNT HOLDINGS,Equity,Equity Securities (Main Board),avg_turnover_30d_below_15m_hkd,1077603.21,45
1026,1026.HK,UNIVERSAL TECH,Equity,Equity Securities (Main Board),avg_turnover_30d_below_15m_hkd,19473.33,45
1027,1027.HK,ASIA STRAT TECH,Equity,Equity Securities (Main Board),avg_turnover_30d_below_15m_hkd,87960.8,45
1028,1028.HK,C.BANNER,Equity,Equity Securities (Main Board),avg_turnover_30d_below_15m_hkd,1503572.69,45
1029,1029.HK,IRC,Equity,Equity Securities (Main Board),avg_turnover_30d_below_15m_hkd,26682.52,45
1036,1036.HK,VANKE OVERSEAS,Equity,Equity Securities (Main Board),avg_turnover_30d_below_15m_hkd,85901.17,45
1037,1037.HK,MAXNERVA TECH,Equity,Equity Securities (Main Board),avg_turnover_30d_below_15m_hkd,401875.77,45
1039,1039.HK,CHANGYOU INT GP,Equity,Equity Securities (Main Board),avg_turnover_30d_below_15m_hkd,6213.97,45
1045,1045.HK,APT SATELLITE,Equity,Equity Securities (Main Board),avg_turnover_30d_below_15m_hkd,3731520.91,45
1047,1047.HK,NGAI HING HONG,Equity,Equity Securities (Main Board),avg_turnover_30d_below_15m_hkd,2824.33,45
1049,1049.HK,CELESTIAL ASIA,Equity,Equity Securities (Main Board),avg_turnover_30d_below_15m_hkd,192.43,45
1050,1050.HK,KARRIE INT'L,Equity,Equity Securities (Main Board),avg_turnover_30d_below_15m_hkd,3839020.25,45
1051,1051.HK,G-RESOURCES,Equity,Equity Securities (Main Board),avg_turnover_30d_below_15m_hkd,236125.78,45
1052,1052.HK,YUEXIUTRANSPORT,Equity,Equity Securities (Main Board),avg_turnover_30d_below_15m_hkd,6425125.26,45
1053,1053.HK,CHONGQING IRON,Equity,Equity Securities (Main Board),avg_turnover_30d_below_15m_hkd,3571178.65,45
1058,1058.HK,NAMYUE HOLDINGS,Equity,Equity Securities (Main Board),avg_turnover_30d_below_15m_hkd,4295.9,45
1059,1059.HK,KANTONE HOLDING,Equity,Equity Securities (Main Board),avg_turnover_30d_below_15m_hkd,10484.0,45
1061,1061.HK,ESSEX BIO-TECH,Equity,Equity Securities (Main Board),avg_turnover_30d_below_15m_hkd,632991.85,45
1062,1062.HK,CDB INT'L INV,Equity,Investment Companies,avg_turnover_30d_below_15m_hkd,214296.0,45
1063,1063.HK,SUNCORP TECH,Equity,Equity Securities (Main Board),avg_turnover_30d_below_15m_hkd,19476.5,45
1064,1064.HK,ZHONG HUA INT'L,Equity,Equity Securities (Main Board),avg_turnover_30d_below_15m_hkd,95650.17,45
1065,1065.HK,TIANJIN CAPITAL,Equity,Equity Securities (Main Board),avg_turnover_30d_below_15m_hkd,2048743.35,45
1068,1068.HK,YURUN FOOD,Equity,Equity Securities (Main Board),avg_turnover_30d_below_15m_hkd,24940.9,45
1069,1069.HK,CN HEALTH TECH,Equity,Equity Securities (Main Board),avg_turnover_30d_below_15m_hkd,544495.62,45
1073,1073.HK,DA YU FIN,Equity,Equity Securities (Main Board),avg_turnover_30d_below_15m_hkd,16248.73,45
1075,1075.HK,CAPINFO,Equity,Equity Securities (Main Board),avg_turnover_30d_below_15m_hkd,46391.63,45
1079,1079.HK,PINE TECH,Equity,Equity Securities (Main Board),avg_turnover_30d_below_15m_hkd,89678.2,45
1080,1080.HK,SHENGLI PIPE,Equity,Equity Securities (Main Board),avg_turnover_30d_below_15m_hkd,31872.45,45
1082,1082.HK,BDV EDU INTL,Equity,Equity Securities (Main Board),avg_turnover_30d_below_15m_hkd,274119.8,45
1084,1084.HK,GREEN FRESH BIO,Equity,Equity Securities (Main Board),avg_turnover_30d_below_15m_hkd,39198.0,45
1085,1085.HK,HXTL,Equity,Equity Securities (Main Board),avg_turnover_30d_below_15m_hkd,79633.0,45
1086,1086.HK,GOODBABY INTL,Equity,Equity Securities (Main Board),avg_turnover_30d_below_15m_hkd,8748801.3,45
1087,1087.HK,INVESTECH HLDGS,Equity,Equity Securities (Main Board),avg_turnover_30d_below_15m_hkd,466062.13,45
1090,1090.HK,DA MING INT'L,Equity,Equity Securities (Main Board),avg_turnover_30d_below_15m_hkd,5041.33,45
1091,1091.HK,SOUTH MANGANESE,Equity,Equity Securities (Main Board),avg_turnover_30d_below_15m_hkd,2520519.11,45
1094,1094.HK,CHERISH SUN,Equity,Equity Securities (Main Board),avg_turnover_30d_below_15m_hkd,2282380.66,45
1097,1097.HK,CTFME,Equity,Equity Securities (Main Board),avg_turnover_30d_below_15m_hkd,297234.6,45
1098,1098.HK,ROAD KING INFRA,Equity,Equity Securities (Main Board),avg_turnover_30d_below_15m_hkd,38106.5,45
1100,1100.HK,MAINLAND HOLD,Equity,Equity Securities (Main Board),avg_turnover_30d_below_15m_hkd,69065.34,45
1101,1101.HK,HUARONG ENERGY,Equity,Equity Securities (Main Board),avg_turnover_30d_below_15m_hkd,0.0,45
1102,1102.HK,ENVIRO ENERGY,Equity,Equity Securities (Main Board),avg_turnover_30d_below_15m_hkd,354659.61,45
1104,1104.HK,APAC RESOURCES,Equity,Equity Securities (Main Board),avg_turnover_30d_below_15m_hkd,7541370.22,45
1105,1105.HK,SING TAO,Equity,Equity Securities (Main Board),avg_turnover_30d_below_15m_hkd,12434.08,45
1107,1107.HK,MODERN LAND,Equity,Equity Securities (Main Board),avg_turnover_30d_below_15m_hkd,0.0,45
1108,1108.HK,TRIUMPH NEW EN,Equity,Equity Securities (Main Board),avg_turnover_30d_below_15m_hkd,12436153.08,45
1110,1110.HK,KINGWORLD,Equity,Equity Securities (Main Board),avg_turnover_30d_below_15m_hkd,1057104.67,45
1111,1111.HK,HUASHI GROUP,Equity,Equity Securities (Main Board),avg_turnover_30d_below_15m_hkd,41550.0,45
1115,1115.HK,5100 XIZANG,Equity,Equity Securities (Main Board),avg_turnover_30d_below_15m_hkd,4625309.07,45
1116,1116.HK,HC TECH GP,Equity,Equity Securities (Main Board),avg_turnover_30d_below_15m_hkd,6390.47,45
1118,1118.HK,GOLIK HOLDINGS,Equity,Equity Securities (Main Board),avg_turnover_30d_below_15m_hkd,0.0,45
1119,1119.HK,IDREAMSKY,Equity,Equity Securities (Main Board),avg_turnover_30d_below_15m_hkd,2028830.58,45
1120,1120.HK,ARTS OPTICAL,Equity,Equity Securities (Main Board),avg_turnover_30d_below_15m_hkd,4800.0,45
1121,1121.HK,GOLDENSOLAR,Equity,Equity Securities (Main Board),avg_turnover_30d_below_15m_hkd,140246.06,45
1122,1122.HK,QINGLING MOTORS,Equity,Equity Securities (Main Board),avg_turnover_30d_below_15m_hkd,510527.16,45
1123,1123.HK,CHINA-HK PHOTO,Equity,Equity Securities (Main Board),avg_turnover_30d_below_15m_hkd,53742.4,45
1124,1124.HK,COASTAL GL,Equity,Equity Securities (Main Board),avg_turnover_30d_below_15m_hkd,206.34,45
1125,1125.HK,LAI FUNG HOLD,Equity,Equity Securities (Main Board),avg_turnover_30d_below_15m_hkd,560.53,45
1126,1126.HK,DREAM INT'L,Equity,Equity Securities (Main Board),avg_turnover_30d_below_15m_hkd,3392192.27,45
1127,1127.HK,LION ROCK GROUP,Equity,Equity Securities (Main Board),avg_turnover_30d_below_15m_hkd,363545.34,45
1129,1129.HK,WATER INDUSTRY,Equity,Equity Securities (Main Board),avg_turnover_30d_below_15m_hkd,0.0,45
1130,1130.HK,CHINA ENV RES,Equity,Equity Securities (Main Board),avg_turnover_30d_below_15m_hkd,104712.88,45
1132,1132.HK,ORANGE SKY G H,Equity,Equity Securities (Main Board),avg_turnover_30d_below_15m_hkd,91341.33,45
1134,1134.HK,KELFRED,Equity,Equity Securities (Main Board),avg_turnover_30d_below_15m_hkd,189724.0,45
1137,1137.HK,HK TECH VENTURE,Equity,Equity Securities (Main Board),avg_turnover_30d_below_15m_hkd,288378.58,45
1140,1140.HK,HK.AI CAPITAL,Equity,Investment Companies,avg_turnover_30d_below_15m_hkd,148679.07,45
1141,1141.HK,CMBC CAPITAL,Equity,Equity Securities (Main Board),avg_turnover_30d_below_15m_hkd,1593714.19,45
1142,1142.HK,E&P GLOBAL,Equity,Equity Securities (Main Board),avg_turnover_30d_below_15m_hkd,653479.74,45
1145,1145.HK,COURAGE INV,Equity,Equity Securities (Main Board),avg_turnover_30d_below_15m_hkd,26430.4,45
1146,1146.HK,HUICHENG INTL H,Equity,Equity Securities (Main Board),avg_turnover_30d_below_15m_hkd,18818.53,45
1147,1147.HK,EDENSOFT,Equity,Equity Securities (Main Board),avg_turnover_30d_below_15m_hkd,421410.23,45
1148,1148.HK,POWER XINCHEN,Equity,Equity Securities (Main Board),avg_turnover_30d_below_15m_hkd,71698.93,45
1150,1150.HK,MILAN STATION,Equity,Equity Securities (Main Board),avg_turnover_30d_below_15m_hkd,19188.28,45
1152,1152.HK,MOMENTUM FIN,Equity,Equity Securities (Main Board),avg_turnover_30d_below_15m_hkd,619228.87,45
1153,1153.HK,JIAYUAN SER,Equity,Equity Securities (Main Board),avg_turnover_30d_below_15m_hkd,5464.33,45
1156,1156.HK,CHINANEWENERGY,Equity,Equity Securities (Main Board),avg_turnover_30d_below_15m_hkd,460595.23,45
1159,1159.HK,SMART DIGI TECH,Equity,Equity Securities (Main Board),avg_turnover_30d_below_15m_hkd,33559.98,45
1160,1160.HK,GOLDSTONE CAP,Equity,Investment Companies,avg_turnover_30d_below_15m_hkd,80333.33,45
1161,1161.HK,WATER OASIS GP,Equity,Equity Securities (Main Board),avg_turnover_30d_below_15m_hkd,195626.0,45
1162,1162.HK,LUMINA GROUP,Equity,Equity Securities (Main Board),avg_turnover_30d_below_15m_hkd,398048.53,45
1163,1163.HK,ADTIGER CORP,Equity,Equity Securities (Main Board),avg_turnover_30d_below_15m_hkd,5581.75,45
1165,1165.HK,SFCE,Equity,Equity Securities (Main Board),avg_turnover_30d_below_15m_hkd,0.0,45
1166,1166.HK,SOLARTECH INT'L,Equity,Equity Securities (Main Board),avg_turnover_30d_below_15m_hkd,139623.38,45
1168,1168.HK,Z FIN,Equity,Equity Securities (Main Board),avg_turnover_30d_below_15m_hkd,1835554.07,45
1170,1170.HK,KINGMAKER,Equity,Equity Securities (Main Board),avg_turnover_30d_below_15m_hkd,252446.0,45
1172,1172.HK,MAGNUSCONCORDIA,Equity,Equity Securities (Main Board),avg_turnover_30d_below_15m_hkd,59722.33,45
1173,1173.HK,VEEKO INT'L,Equity,Equity Securities (Main Board),avg_turnover_30d_below_15m_hkd,12691.15,45
1176,1176.HK,ZHUGUANG HOLD,Equity,Equity Securities (Main Board),avg_turnover_30d_below_15m_hkd,448476.66,45
1180,1180.HK,PARADISE ENT,Equity,Equity Securities (Main Board),avg_turnover_30d_below_15m_hkd,511341.82,45
1181,1181.HK,TANG PALACE,Equity,Equity Securities (Main Board),avg_turnover_30d_below_15m_hkd,50348.13,45
1182,1182.HK,SUCCESS DRAGON,Equity,Equity Securities (Main Board),avg_turnover_30d_below_15m_hkd,4224.67,45
1183,1183.HK,MECOM POWER,Equity,Equity Securities (Main Board),avg_turnover_30d_below_15m_hkd,53189.31,45
1184,1184.HK,S.A.S. DRAGON,Equity,Equity Securities (Main Board),avg_turnover_30d_below_15m_hkd,838149.93,45
1187,1187.HK,COFOE MEDICAL,Equity,Equity Securities (Main Board),avg_turnover_30d_below_15m_hkd,1952340.01,45
1188,1188.HK,HYBRID KINETIC,Equity,Equity Securities (Main Board),avg_turnover_30d_below_15m_hkd,0.0,45
1195,1195.HK,KINGWELL GROUP,Equity,Equity Securities (Main Board),avg_turnover_30d_below_15m_hkd,266062.76,45
1198,1198.HK,ROYALE HOME,Equity,Equity Securities (Main Board),avg_turnover_30d_below_15m_hkd,312.13,45
1200,1200.HK,MIDLAND HOLDING,Equity,Equity Securities (Main Board),avg_turnover_30d_below_15m_hkd,2669707.03,45
1201,1201.HK,TESSON HOLDINGS,Equity,Equity Securities (Main Board),avg_turnover_30d_below_15m_hkd,312694.47,45
1202,1202.HK,SIWI SCI & TECH,Equity,Equity Securities (Main Board),avg_turnover_30d_below_15m_hkd,171462.0,45
1203,1203.HK,GUANGNAN (HOLD),Equity,Equity Securities (Main Board),avg_turnover_30d_below_15m_hkd,72974.63,45
1204,1204.HK,BOARDWARE INTEL,Equity,Equity Securities (Main Board),avg_turnover_30d_below_15m_hkd,12620.0,45
1205,1205.HK,CITIC RESOURCES,Equity,Equity Securities (Main Board),avg_turnover_30d_below_15m_hkd,3061949.2,45
1206,1206.HK,TECHNOVATOR,Equity,Equity Securities (Main Board),avg_turnover_30d_below_15m_hkd,22524.0,45
1213,1213.HK,MOBICON GROUP,Equity,Equity Securities (Main Board),avg_turnover_30d_below_15m_hkd,805.33,45
1215,1215.HK,KAI YUAN HLDGS,Equity,Equity Securities (Main Board),avg_turnover_30d_below_15m_hkd,59956.98,45
1216,1216.HK,ZYBANK,Equity,Equity Securities (Main Board),avg_turnover_30d_below_15m_hkd,109078.33,45
1217,1217.HK,CH INNOVATION,Equity,Investment Companies,avg_turnover_30d_below_15m_hkd,28768.0,45
1218,1218.HK,EASYKNIT INT'L,Equity,Equity Securities (Main Board),avg_turnover_30d_below_15m_hkd,1172.0,45
1220,1220.HK,ZHIDAO INT'L,Equity,Equity Securities (Main Board),avg_turnover_30d_below_15m_hkd,0.0,45
1221,1221.HK,SINO HOTELS,Equity,Equity Securities (Main Board),avg_turnover_30d_below_15m_hkd,5424.74,45
1222,1222.HK,WANG ON GROUP,Equity,Equity Securities (Main Board),avg_turnover_30d_below_15m_hkd,27095.35,45
1223,1223.HK,SYMPHONY HOLD,Equity,Equity Securities (Main Board),avg_turnover_30d_below_15m_hkd,6076389.87,45
1224,1224.HK,C C LAND,Equity,Equity Securities (Main Board),avg_turnover_30d_below_15m_hkd,94876.17,45
1225,1225.HK,LERADO FIN,Equity,Equity Securities (Main Board),avg_turnover_30d_below_15m_hkd,31288.86,45
1226,1226.HK,CH INV FIN GP,Equity,Investment Companies,avg_turnover_30d_below_15m_hkd,31895.99,45
1228,1228.HK,CANBRIDGE-B,Equity,Equity Securities (Main Board),avg_turnover_30d_below_15m_hkd,2020839.71,45
1229,1229.HK,NAN NAN RES,Equity,Equity Securities (Main Board),avg_turnover_30d_below_15m_hkd,14401.53,45
1231,1231.HK,NEWTON RES,Equity,Equity Securities (Main Board),avg_turnover_30d_below_15m_hkd,13141.0,45
1232,1232.HK,GW TIANDI,Equity,Equity Securities (Main Board),avg_turnover_30d_below_15m_hkd,38568.82,45
1233,1233.HK,TIMES CHINA,Equity,Equity Securities (Main Board),avg_turnover_30d_below_15m_hkd,957237.44,45
1234,1234.HK,CHINA LILANG,Equity,Equity Securities (Main Board),avg_turnover_30d_below_15m_hkd,1947736.98,45
1235,1235.HK,TRAVEL EXPERT,Equity,Equity Securities (Main Board),avg_turnover_30d_below_15m_hkd,4476.0,45
1237,1237.HK,CH ENV TECH&BIO,Equity,Equity Securities (Main Board),avg_turnover_30d_below_15m_hkd,12078.11,45
1238,1238.HK,POWERLONG,Equity,Equity Securities (Main Board),avg_turnover_30d_below_15m_hkd,136298.83,45
1239,1239.HK,TEAMWAY INTL GP,Equity,Equity Securities (Main Board),avg_turnover_30d_below_15m_hkd,1876.67,45
1240,1240.HK,CNQC INT'L,Equity,Equity Securities (Main Board),avg_turnover_30d_below_15m_hkd,8961.33,45
1241,1241.HK,SHUANGHUA H,Equity,Equity Securities (Main Board),avg_turnover_30d_below_15m_hkd,12593.47,45
1243,1243.HK,WANG ON PPT,Equity,Equity Securities (Main Board),avg_turnover_30d_below_15m_hkd,27654.0,45
1244,1244.HK,3D MEDICINES,Equity,Equity Securities (Main Board),avg_turnover_30d_below_15m_hkd,808844.1,45
1245,1245.HK,NIRAKU,Equity,Equity Securities (Main Board),avg_turnover_30d_below_15m_hkd,169294.13,45
1247,1247.HK,MIKO INTL,Equity,Equity Securities (Main Board),avg_turnover_30d_below_15m_hkd,187860.93,45
1250,1250.HK,SDHS NEW ENERGY,Equity,Equity Securities (Main Board),avg_turnover_30d_below_15m_hkd,54790.99,45
1251,1251.HK,SPT ENERGY,Equity,Equity Securities (Main Board),avg_turnover_30d_below_15m_hkd,66984.73,45
1252,1252.HK,CHINA TIANRUI,Equity,Equity Securities (Main Board),avg_turnover_30d_below_15m_hkd,0.0,45
1253,1253.HK,GREEN BROAD,Equity,Equity Securities (Main Board),avg_turnover_30d_below_15m_hkd,3606.8,45
1255,1255.HK,TATA HEALTH,Equity,Equity Securities (Main Board),avg_turnover_30d_below_15m_hkd,15721.67,45
1257,1257.HK,CEB GREENTECH,Equity,Equity Securities (Main Board),avg_turnover_30d_below_15m_hkd,171322.31,45
1259,1259.HK,PROSPER FUTURE,Equity,Equity Securities (Main Board),avg_turnover_30d_below_15m_hkd,56801.37,45
1260,1260.HK,WONDERFUL SKY,Equity,Equity Securities (Main Board),avg_turnover_30d_below_15m_hkd,58086.33,45
1262,1262.HK,LABIXIAOXIN,Equity,Equity Securities (Main Board),avg_turnover_30d_below_15m_hkd,98623.5,45
1265,1265.HK,TIANJINJINRAN,Equity,Equity Securities (Main Board),avg_turnover_30d_below_15m_hkd,39779.0,45
1268,1268.HK,MEIDONG AUTO,Equity,Equity Securities (Main Board),avg_turnover_30d_below_15m_hkd,1353593.57,45
1269,1269.HK,FIRST CAP GP,Equity,Equity Securities (Main Board),avg_turnover_30d_below_15m_hkd,39929.49,45
1270,1270.HK,LANGHAM-SS,Equity,Equity Securities (Main Board),avg_turnover_30d_below_15m_hkd,360075.05,45
1271,1271.HK,GRAND MING,Equity,Equity Securities (Main Board),avg_turnover_30d_below_15m_hkd,11308.19,45
1272,1272.HK,DATANG ENVIRO,Equity,Equity Securities (Main Board),avg_turnover_30d_below_15m_hkd,173300.84,45
1273,1273.HK,HK FINANCE GP,Equity,Equity Securities (Main Board),avg_turnover_30d_below_15m_hkd,22827.33,45
1274,1274.HK,IMOTIONTECH,Equity,Equity Securities (Main Board),avg_turnover_30d_below_15m_hkd,398033.53,45
1278,1278.HK,CHINANEWTOWN,Equity,Equity Securities (Main Board),avg_turnover_30d_below_15m_hkd,22887.66,45
1280,1280.HK,QIDIAN GUOFENG,Equity,Equity Securities (Main Board),avg_turnover_30d_below_15m_hkd,7261491.65,45
1281,1281.HK,XINDA INV HLDGS,Equity,Equity Securities (Main Board),avg_turnover_30d_below_15m_hkd,29713.23,45
1282,1282.HK,RENZE HARVEST,Equity,Equity Securities (Main Board),avg_turnover_30d_below_15m_hkd,141428.56,45
1283,1283.HK,ACCEL GROUP,Equity,Equity Securities (Main Board),avg_turnover_30d_below_15m_hkd,595967.5,45
1284,1284.HK,NEW MEDIA LAB,Equity,Equity Securities (Main Board),avg_turnover_30d_below_15m_hkd,461348.33,45
1285,1285.HK,JIASHILI GP,Equity,Equity Securities (Main Board),avg_turnover_30d_below_15m_hkd,360438.5,45
1289,1289.HK,SUNLIT SCI,Equity,Equity Securities (Main Board),avg_turnover_30d_below_15m_hkd,37797.25,45
1290,1290.HK,CHINA HUIRONG,Equity,Equity Securities (Main Board),avg_turnover_30d_below_15m_hkd,26379.33,45
1292,1292.HK,CM LOGISTICS,Equity,Equity Securities (Main Board),avg_turnover_30d_below_15m_hkd,52061.67,45
1293,1293.HK,GRAND BAOXIN,Equity,Equity Securities (Main Board),avg_turnover_30d_below_15m_hkd,0.0,45
1298,1298.HK,YUNNAN ENERGY,Equity,Equity Securities (Main Board),avg_turnover_30d_below_15m_hkd,685.33,45
1301,1301.HK,D&G TECH,Equity,Equity Securities (Main Board),avg_turnover_30d_below_15m_hkd,25834.13,45
1303,1303.HK,HUILI RES,Equity,Equity Securities (Main Board),avg_turnover_30d_below_15m_hkd,37430.27,45
1305,1305.HK,WAI CHI HOLD,Equity,Equity Securities (Main Board),avg_turnover_30d_below_15m_hkd,6668.17,45
1310,1310.HK,HKBN,Equity,Equity Securities (Main Board),avg_turnover_30d_below_15m_hkd,4202210.02,45
1312,1312.HK,KONTA CHINA,Equity,Equity Securities (Main Board),avg_turnover_30d_below_15m_hkd,47563.2,45
1313,1313.HK,CR BLDG MAT TEC,Equity,Equity Securities (Main Board),avg_turnover_30d_below_15m_hkd,9440521.59,45
1314,1314.HK,TSUI WAH HLDG,Equity,Equity Securities (Main Board),avg_turnover_30d_below_15m_hkd,68191.2,45
1315,1315.HK,GREEN ECONOMY,Equity,Equity Securities (Main Board),avg_turnover_30d_below_15m_hkd,16802.2,45
1317,1317.HK,MAPLELEAF EDU,Equity,Equity Securities (Main Board),avg_turnover_30d_below_15m_hkd,34268.07,45
1319,1319.HK,OIWAHPAWN,Equity,Equity Securities (Main Board),avg_turnover_30d_below_15m_hkd,19824.0,45
1321,1321.HK,CHINA NEWCITY,Equity,Equity Securities (Main Board),avg_turnover_30d_below_15m_hkd,17565.67,45
1323,1323.HK,HUASHENG INTL,Equity,Equity Securities (Main Board),avg_turnover_30d_below_15m_hkd,163282.6,45
1326,1326.HK,TRANSMIT ENT,Equity,Equity Securities (Main Board),avg_turnover_30d_below_15m_hkd,0.0,45
1327,1327.HK,LUXXU GROUP,Equity,Equity Securities (Main Board),avg_turnover_30d_below_15m_hkd,8467.67,45
1328,1328.HK,GOLDSTREAM INV,Equity,Equity Securities (Main Board),avg_turnover_30d_below_15m_hkd,75989.77,45
1330,1330.HK,DYNAGREEN ENV,Equity,Equity Securities (Main Board),avg_turnover_30d_below_15m_hkd,8542724.36,45
1332,1332.HK,TOUYUN BIOTECH,Equity,Equity Securities (Main Board),avg_turnover_30d_below_15m_hkd,188312.39,45
1334,1334.HK,RUICHANG INTL,Equity,Equity Securities (Main Board),avg_turnover_30d_below_15m_hkd,839555.41,45
1335,1335.HK,SHEEN TAI,Equity,Equity Securities (Main Board),avg_turnover_30d_below_15m_hkd,17898.13,45
1338,1338.HK,BAWANG GROUP,Equity,Equity Securities (Main Board),avg_turnover_30d_below_15m_hkd,69383.47,45
1340,1340.HK,HUISHENG INTL,Equity,Equity Securities (Main Board),avg_turnover_30d_below_15m_hkd,58862.67,45
1341,1341.HK,HAO TIAN INTL,Equity,Equity Securities (Main Board),avg_turnover_30d_below_15m_hkd,0.0,45
1343,1343.HK,WEI YUAN HLDG,Equity,Equity Securities (Main Board),avg_turnover_30d_below_15m_hkd,199805.0,45
1345,1345.HK,SH PIONEER HLDG,Equity,Equity Securities (Main Board),avg_turnover_30d_below_15m_hkd,47895.17,45
1346,1346.HK,LEVER STYLE,Equity,Equity Securities (Main Board),avg_turnover_30d_below_15m_hkd,107725.23,45
1348,1348.HK,QUALI-SMART,Equity,Equity Securities (Main Board),avg_turnover_30d_below_15m_hkd,173182.03,45
1349,1349.HK,FUDANZHANGJIANG,Equity,Equity Securities (Main Board),avg_turnover_30d_below_15m_hkd,3421471.96,45
1351,1351.HK,BRIGHT FUTURE,Equity,Equity Securities (Main Board),avg_turnover_30d_below_15m_hkd,424207.2,45
1354,1354.HK,KINGFARPROPERTY,Equity,Equity Securities (Main Board),avg_turnover_30d_below_15m_hkd,527316.7,45
1355,1355.HK,BIOSYSEN,Equity,Equity Securities (Main Board),avg_turnover_30d_below_15m_hkd,170772.0,45
1358,1358.HK,PW MEDTECH,Equity,Equity Securities (Main Board),avg_turnover_30d_below_15m_hkd,347663.83,45
1361,1361.HK,361 DEGREES,Equity,Equity Securities (Main Board),avg_turnover_30d_below_15m_hkd,12483853.83,45
1362,1362.HK,SIS MOBILE,Equity,Equity Securities (Main Board),avg_turnover_30d_below_15m_hkd,3842.33,45
1370,1370.HK,AOWEI HOLDING,Equity,Equity Securities (Main Board),avg_turnover_30d_below_15m_hkd,228226.17,45
1371,1371.HK,CHINA ECOTOUR,Equity,Equity Securities (Main Board),avg_turnover_30d_below_15m_hkd,44360.26,45
1372,1372.HK,C CARBONNEUTRAL,Equity,Equity Securities (Main Board),avg_turnover_30d_below_15m_hkd,1512654.5,45
1373,1373.HK,IH RETAIL,Equity,Equity Securities (Main Board),avg_turnover_30d_below_15m_hkd,125159.57,45
1375,1375.HK,CC SECURITIES,Equity,Equity Securities (Main Board),avg_turnover_30d_below_15m_hkd,13249821.4,45
1376,1376.HK,RAFFLESINTERIOR,Equity,Equity Securities (Main Board),avg_turnover_30d_below_15m_hkd,0.0,45
1379,1379.HK,WENLING MCT,Equity,Equity Securities (Main Board),avg_turnover_30d_below_15m_hkd,4628.33,45
1380,1380.HK,CHI KINGSTONE,Equity,Equity Securities (Main Board),avg_turnover_30d_below_15m_hkd,128229.92,45
1382,1382.HK,PACIFICTEXTILES,Equity,Equity Securities (Main Board),avg_turnover_30d_below_15m_hkd,416672.2,45
1388,1388.HK,EMBRY HOLDINGS,Equity,Equity Securities (Main Board),avg_turnover_30d_below_15m_hkd,8472.6,45
1389,1389.HK,MAJOR HLDGS,Equity,Equity Securities (Main Board),avg_turnover_30d_below_15m_hkd,64516.13,45
1393,1393.HK,HIDILI INDUSTRY,Equity,Equity Securities (Main Board),avg_turnover_30d_below_15m_hkd,324574.15,45
1395,1395.HK,ELL ENV,Equity,Equity Securities (Main Board),avg_turnover_30d_below_15m_hkd,2592.17,45
1397,1397.HK,BAGUIO GREEN,Equity,Equity Securities (Main Board),avg_turnover_30d_below_15m_hkd,52410.67,45
1399,1399.HK,VESON HLDG,Equity,Equity Securities (Main Board),avg_turnover_30d_below_15m_hkd,25442.33,45
1400,1400.HK,MOODY TECH HLDG,Equity,Equity Securities (Main Board),avg_turnover_30d_below_15m_hkd,2114651.76,45
1401,1401.HK,FUTURE MACH LTD,Equity,Equity Securities (Main Board),avg_turnover_30d_below_15m_hkd,616499.45,45
1402,1402.HK,I-CONTROL,Equity,Equity Securities (Main Board),avg_turnover_30d_below_15m_hkd,2238406.67,45
1405,1405.HK,DPC DASH,Equity,Equity Securities (Main Board),avg_turnover_30d_below_15m_hkd,13313624.18,45
1406,1406.HK,CLARITY MEDICAL,Equity,Equity Securities (Main Board),avg_turnover_30d_below_15m_hkd,0.0,45
1407,1407.HK,JY GAS,Equity,Equity Securities (Main Board),avg_turnover_30d_below_15m_hkd,218857.33,45
1408,1408.HK,MACAU E&M,Equity,Equity Securities (Main Board),avg_turnover_30d_below_15m_hkd,81962.67,45
1410,1410.HK,EDVANCE INTL,Equity,Equity Securities (Main Board),avg_turnover_30d_below_15m_hkd,1713327.97,45
1412,1412.HK,Q P GROUP,Equity,Equity Securities (Main Board),avg_turnover_30d_below_15m_hkd,143343.66,45
1413,1413.HK,FEG HOLDINGS,Equity,Equity Securities (Main Board),avg_turnover_30d_below_15m_hkd,103658.63,45
1416,1416.HK,CTR HOLDINGS,Equity,Equity Securities (Main Board),avg_turnover_30d_below_15m_hkd,98266.33,45
1417,1417.HK,RIVERINE CHINA,Equity,Equity Securities (Main Board),avg_turnover_30d_below_15m_hkd,7790508.61,45
1418,1418.HK,SINOMAX GROUP,Equity,Equity Securities (Main Board),avg_turnover_30d_below_15m_hkd,23906.27,45
1419,1419.HK,HUMAN HEALTH,Equity,Equity Securities (Main Board),avg_turnover_30d_below_15m_hkd,27986.33,45
1420,1420.HK,CHUAN HOLDING,Equity,Equity Securities (Main Board),avg_turnover_30d_below_15m_hkd,161028.27,45
1421,1421.HK,PROSP GP INTL,Equity,Equity Securities (Main Board),avg_turnover_30d_below_15m_hkd,404794.45,45
1425,1425.HK,JUSTIN ALLEN H,Equity,Equity Securities (Main Board),avg_turnover_30d_below_15m_hkd,916371.34,45
1426,1426.HK,SPRING REIT,Real Estate Investment Trusts,,avg_turnover_30d_below_15m_hkd,253671.0,45
1427,1427.HK,CH TIANBAO GP,Equity,Equity Securities (Main Board),avg_turnover_30d_below_15m_hkd,11465.27,45
1429,1429.HK,SKYMISSION GP,Equity,Equity Securities (Main Board),avg_turnover_30d_below_15m_hkd,530991.66,45
1431,1431.HK,YST DAIRY,Equity,Equity Securities (Main Board),avg_turnover_30d_below_15m_hkd,165227.67,45
1432,1432.HK,CHINASHENGMU-PF,Equity,Equity Securities (Main Board),avg_turnover_30d_below_15m_hkd,351754.57,45
1433,1433.HK,CIRTEK HLDGS,Equity,Equity Securities (Main Board),avg_turnover_30d_below_15m_hkd,0.0,45
1442,1442.HK,INFINITY L&T,Equity,Equity Securities (Main Board),avg_turnover_30d_below_15m_hkd,10508.33,45
1443,1443.HK,FULUM GP HLDG,Equity,Equity Securities (Main Board),avg_turnover_30d_below_15m_hkd,515894.06,45
1446,1446.HK,HUNGFOOKTONG,Equity,Equity Securities (Main Board),avg_turnover_30d_below_15m_hkd,4658.33,45
1447,1447.HK,SFK,Equity,Equity Securities (Main Board),avg_turnover_30d_below_15m_hkd,73322.67,45
1448,1448.HK,FU SHOU YUAN,Equity,Equity Securities (Main Board),avg_turnover_30d_below_15m_hkd,0.0,45
1449,1449.HK,LEADER EDU,Equity,Equity Securities (Main Board),avg_turnover_30d_below_15m_hkd,4015382.98,45
1450,1450.HK,BE FRIENDS HLDG,Equity,Equity Securities (Main Board),avg_turnover_30d_below_15m_hkd,388635.57,45
1451,1451.HK,MS GROUP HLDGS,Equity,Equity Securities (Main Board),avg_turnover_30d_below_15m_hkd,278227.67,45
1452,1452.HK,DENOX ENV,Equity,Equity Securities (Main Board),avg_turnover_30d_below_15m_hkd,19127.07,45
1455,1455.HK,FOURACE IND GP,Equity,Equity Securities (Main Board),avg_turnover_30d_below_15m_hkd,309567.0,45
1456,1456.HK,GLMS SEC,Equity,Equity Securities (Main Board),avg_turnover_30d_below_15m_hkd,8281600.39,45
1458,1458.HK,ZHOU HEI YA,Equity,Equity Securities (Main Board),avg_turnover_30d_below_15m_hkd,1255014.01,45
1459,1459.HK,JUJIANG CONS,Equity,Equity Securities (Main Board),avg_turnover_30d_below_15m_hkd,16260.4,45
1460,1460.HK,ICO GROUP,Equity,Equity Securities (Main Board),avg_turnover_30d_below_15m_hkd,52020.0,45
1461,1461.HK,ZHONGTAIFUTURES,Equity,Equity Securities (Main Board),avg_turnover_30d_below_15m_hkd,65963.01,45
1463,1463.HK,C-LINK SQ,Equity,Equity Securities (Main Board),avg_turnover_30d_below_15m_hkd,128432.33,45
1466,1466.HK,BAIJIN LIFE SCI,Equity,Equity Securities (Main Board),avg_turnover_30d_below_15m_hkd,3551565.14,45
1468,1468.HK,JAKOTA CAPITAL,Equity,Equity Securities (Main Board),avg_turnover_30d_below_15m_hkd,68690.27,45
1470,1470.HK,PROSPER ONE,Equity,Equity Securities (Main Board),avg_turnover_30d_below_15m_hkd,43871.07,45
1471,1471.HK,ZHONGMIAO,Equity,Equity Securities (Main Board),avg_turnover_30d_below_15m_hkd,19961.02,45
1472,1472.HK,SANG HING HLDGS,Equity,Equity Securities (Main Board),avg_turnover_30d_below_15m_hkd,31877.47,45
1473,1473.HK,PANGAEA CONNECT,Equity,Equity Securities (Main Board),avg_turnover_30d_below_15m_hkd,2636800.26,45
1475,1475.HK,NISSIN FOODS,Equity,Equity Securities (Main Board),avg_turnover_30d_below_15m_hkd,439008.13,45
1476,1476.HK,FIN STREET SEC,Equity,Equity Securities (Main Board),avg_turnover_30d_below_15m_hkd,758.67,45
1477,1477.HK,OCUMENSION-B,Equity,Equity Securities (Main Board),avg_turnover_30d_below_15m_hkd,1931469.89,45
1480,1480.HK,YAN TAT GROUP,Equity,Equity Securities (Main Board),avg_turnover_30d_below_15m_hkd,81628.0,45
1481,1481.HK,SMART GLOBE,Equity,Equity Securities (Main Board),avg_turnover_30d_below_15m_hkd,26451.67,45
1483,1483.HK,NET-A-GO TECH,Equity,Equity Securities (Main Board),avg_turnover_30d_below_15m_hkd,612812.66,45
1486,1486.HK,C CHENG HLDGS,Equity,Equity Securities (Main Board),avg_turnover_30d_below_15m_hkd,0.0,45
1488,1488.HK,BEST FOOD HLDG,Equity,Equity Securities (Main Board),avg_turnover_30d_below_15m_hkd,121726.67,45
1490,1490.HK,AI X TECH,Equity,Equity Securities (Main Board),avg_turnover_30d_below_15m_hkd,34834.27,45
1496,1496.HK,AP RENTALS,Equity,Equity Securities (Main Board),avg_turnover_30d_below_15m_hkd,18704.4,45
1497,1497.HK,YAN PALACE,Equity,Equity Securities (Main Board),avg_turnover_30d_below_15m_hkd,397757.73,45
1498,1498.HK,PURAPHARM,Equity,Equity Securities (Main Board),avg_turnover_30d_below_15m_hkd,17913.4,45
1499,1499.HK,OKG TECH,Equity,Equity Securities (Main Board),avg_turnover_30d_below_15m_hkd,196732.67,45
1500,1500.HK,INCON,Equity,Equity Securities (Main Board),avg_turnover_30d_below_15m_hkd,380311.66,45
1501,1501.HK,INT MEDICAL,Equity,Equity Securities (Main Board),avg_turnover_30d_below_15m_hkd,7297245.55,45
1502,1502.HK,FIN STREET PPT,Equity,Equity Securities (Main Board),avg_turnover_30d_below_15m_hkd,220112.0,45
1503,1503.HK,CMC REIT,Real Estate Investment Trusts,,avg_turnover_30d_below_15m_hkd,290778.76,45
1515,1515.HK,CR MEDICAL,Equity,Equity Securities (Main Board),avg_turnover_30d_below_15m_hkd,2840592.33,45
1516,1516.HK,SUNAC SERVICES,Equity,Equity Securities (Main Board),avg_turnover_30d_below_15m_hkd,2860083.37,45
1518,1518.HK,NC HEALTHCARE,Equity,Equity Securities (Main Board),avg_turnover_30d_below_15m_hkd,4218.7,45
1520,1520.HK,VIRTUAL MIND,Equity,Equity Securities (Main Board),avg_turnover_30d_below_15m_hkd,656298.91,45
1521,1521.HK,FRONTAGE,Equity,Equity Securities (Main Board),avg_turnover_30d_below_15m_hkd,137195.67,45
1522,1522.HK,BII TRANS TECH,Equity,Equity Securities (Main Board),avg_turnover_30d_below_15m_hkd,115334.22,45
1523,1523.HK,PLOVER BAY TECH,Equity,Equity Securities (Main Board),avg_turnover_30d_below_15m_hkd,3983338.97,45
1525,1525.HK,GENCH EDU,Equity,Equity Securities (Main Board),avg_turnover_30d_below_15m_hkd,517645.08,45
1526,1526.HK,RICI HEALTH,Equity,Equity Securities (Main Board),avg_turnover_30d_below_15m_hkd,72908.5,45
1527,1527.HK,TENGY ENV,Equity,Equity Securities (Main Board),avg_turnover_30d_below_15m_hkd,83134.17,45
1528,1528.HK,RS MACALLINE,Equity,Equity Securities (Main Board),avg_turnover_30d_below_15m_hkd,2676836.54,45
1529,1529.HK,YUES INTL HLDG,Equity,Equity Securities (Main Board),avg_turnover_30d_below_15m_hkd,282033.5,45
1532,1532.HK,CHINA PARTYTIME,Equity,Equity Securities (Main Board),avg_turnover_30d_below_15m_hkd,17321.1,45
1536,1536.HK,YUK WING GP,Equity,Equity Securities (Main Board),avg_turnover_30d_below_15m_hkd,11126269.53,45
1538,1538.HK,ZHONG AO HOME,Equity,Equity Securities (Main Board),avg_turnover_30d_below_15m_hkd,647498.67,45
1539,1539.HK,UNITY GP HLDGS,Equity,Equity Securities (Main Board),avg_turnover_30d_below_15m_hkd,483091.33,45
1540,1540.HK,LEFTFIELD PRINT,Equity,Equity Securities (Main Board),avg_turnover_30d_below_15m_hkd,1114139.57,45
1541,1541.HK,IMMUNEONCO-B,Equity,Equity Securities (Main Board),avg_turnover_30d_below_15m_hkd,1819423.9,45
1542,1542.HK,TAIZHOU WATER,Equity,Equity Securities (Main Board),avg_turnover_30d_below_15m_hkd,53255.0,45
1543,1543.HK,JOIN-SHARE,Equity,Equity Securities (Main Board),avg_turnover_30d_below_15m_hkd,5265.2,45
1545,1545.HK,DESIGN CAPITAL,Equity,Equity Securities (Main Board),avg_turnover_30d_below_15m_hkd,56454.33,45
1546,1546.HK,THELLOY DEV,Equity,Equity Securities (Main Board),avg_turnover_30d_below_15m_hkd,71777.6,45
1547,1547.HK,IBI GROUP HLDGS,Equity,Equity Securities (Main Board),avg_turnover_30d_below_15m_hkd,2998.67,45
1549,1549.HK,EVER HARVEST GP,Equity,Equity Securities (Main Board),avg_turnover_30d_below_15m_hkd,28552.0,45
1551,1551.HK,GRCB,Equity,Equity Securities (Main Board),avg_turnover_30d_below_15m_hkd,7897.0,45
1552,1552.HK,BHCC HOLDING,Equity,Equity Securities (Main Board),avg_turnover_30d_below_15m_hkd,28653.33,45
1553,1553.HK,MAIKE TUBE,Equity,Equity Securities (Main Board),avg_turnover_30d_below_15m_hkd,16780.0,45
1555,1555.HK,MIE HOLDINGS,Equity,Equity Securities (Main Board),avg_turnover_30d_below_15m_hkd,295858.74,45
1556,1556.HK,CHINNEY KW,Equity,Equity Securities (Main Board),avg_turnover_30d_below_15m_hkd,64276.5,45
1557,1557.HK,K.H. GP HLDGS,Equity,Equity Securities (Main Board),avg_turnover_30d_below_15m_hkd,10487.33,45
1559,1559.HK,KWAN ON HLDGS,Equity,Equity Securities (Main Board),avg_turnover_30d_below_15m_hkd,4632.33,45
1560,1560.HK,STAR GROUP ASIA,Equity,Equity Securities (Main Board),avg_turnover_30d_below_15m_hkd,879142.66,45
1561,1561.HK,PAN ASIA DATA H,Equity,Equity Securities (Main Board),avg_turnover_30d_below_15m_hkd,3525.33,45
1563,1563.HK,ALLI INTL ED LE,Equity,Equity Securities (Main Board),avg_turnover_30d_below_15m_hkd,44041.3,45
1565,1565.HK,VIRSCEND EDU,Equity,Equity Securities (Main Board),avg_turnover_30d_below_15m_hkd,49175.17,45
1568,1568.HK,SUNDART HLDGS,Equity,Equity Securities (Main Board),avg_turnover_30d_below_15m_hkd,144516.67,45
1569,1569.HK,MINSHENG EDU,Equity,Equity Securities (Main Board),avg_turnover_30d_below_15m_hkd,18418.4,45
1570,1570.HK,WEIYE HOLDINGS,Equity,Equity Securities (Main Board),avg_turnover_30d_below_15m_hkd,2847093.36,45
1571,1571.HK,XIN POINT HOLD,Equity,Equity Securities (Main Board),avg_turnover_30d_below_15m_hkd,2461609.66,45
1572,1572.HK,CHINA ART FIN,Equity,Equity Securities (Main Board),avg_turnover_30d_below_15m_hkd,35131.33,45
1575,1575.HK,REGAL PARTNERS,Equity,Equity Securities (Main Board),avg_turnover_30d_below_15m_hkd,53255.13,45
1576,1576.HK,QILU EXPRESSWAY,Equity,Equity Securities (Main Board),avg_turnover_30d_below_15m_hkd,23969.67,45
1577,1577.HK,HUIXIN CREDIT,Equity,Equity Securities (Main Board),avg_turnover_30d_below_15m_hkd,5908.0,45
1578,1578.HK,BANK OF TIANJIN,Equity,Equity Securities (Main Board),avg_turnover_30d_below_15m_hkd,139997.5,45
1580,1580.HK,DA SEN HLDGS,Equity,Equity Securities (Main Board),avg_turnover_30d_below_15m_hkd,1785531.82,45
1581,1581.HK,PROGRESSIVE P,Equity,Equity Securities (Main Board),avg_turnover_30d_below_15m_hkd,42445.33,45
1582,1582.HK,CR CONSTRUCTION,Equity,Equity Securities (Main Board),avg_turnover_30d_below_15m_hkd,452533.33,45
1583,1583.HK,QINQIN FOODS,Equity,Equity Securities (Main Board),avg_turnover_30d_below_15m_hkd,29265.4,45
1586,1586.HK,LEON INSPECTION,Equity,Equity Securities (Main Board),avg_turnover_30d_below_15m_hkd,32266.28,45
1587,1587.HK,SHINEROAD INTL,Equity,Equity Securities (Main Board),avg_turnover_30d_below_15m_hkd,235034.67,45
1588,1588.HK,CHANJET,Equity,Equity Securities (Main Board),avg_turnover_30d_below_15m_hkd,359895.73,45
1591,1591.HK,SHUN WO GROUP,Equity,Equity Securities (Main Board),avg_turnover_30d_below_15m_hkd,11204.87,45
1592,1592.HK,ANCHORSTONE,Equity,Equity Securities (Main Board),avg_turnover_30d_below_15m_hkd,124040.25,45
1593,1593.HK,CHEN LIN EDU,Equity,Equity Securities (Main Board),avg_turnover_30d_below_15m_hkd,468630.01,45
1596,1596.HK,YICHEN IND,Equity,Equity Securities (Main Board),avg_turnover_30d_below_15m_hkd,104494.4,45
1597,1597.HK,NATURE ENERGY T,Equity,Equity Securities (Main Board),avg_turnover_30d_below_15m_hkd,265034.5,45
1598,1598.HK,21CENTURY EDU,Equity,Equity Securities (Main Board),avg_turnover_30d_below_15m_hkd,0.0,45
1599,1599.HK,UCD,Equity,Equity Securities (Main Board),avg_turnover_30d_below_15m_hkd,125275.0,45
1600,1600.HK,TIAN LUN GAS,Equity,Equity Securities (Main Board),avg_turnover_30d_below_15m_hkd,1790635.93,45
1601,1601.HK,ZGC TEC LEASING,Equity,Equity Securities (Main Board),avg_turnover_30d_below_15m_hkd,126195.66,45
1606,1606.HK,CDB LEASING,Equity,Equity Securities (Main Board),avg_turnover_30d_below_15m_hkd,3462214.3,45
1608,1608.HK,VPOWER GROUP,Equity,Equity Securities (Main Board),avg_turnover_30d_below_15m_hkd,89911.57,45
1611,1611.HK,BITFIRE GROUP,Equity,Equity Securities (Main Board),avg_turnover_30d_below_15m_hkd,661319.78,45
1612,1612.HK,VINCENT MED,Equity,Equity Securities (Main Board),avg_turnover_30d_below_15m_hkd,145050.33,45
1613,1613.HK,SYNERTONE,Equity,Equity Securities (Main Board),avg_turnover_30d_below_15m_hkd,2885241.03,45
1615,1615.HK,AB BUILDERS,Equity,Equity Securities (Main Board),avg_turnover_30d_below_15m_hkd,277742.5,45
1616,1616.HK,A METAVERSE,Equity,Equity Securities (Main Board),avg_turnover_30d_below_15m_hkd,0.0,45
1617,1617.HK,NANFANG COMM,Equity,Equity Securities (Main Board),avg_turnover_30d_below_15m_hkd,1593193.35,45
1618,1618.HK,MCC,Equity,Equity Securities (Main Board),avg_turnover_30d_below_15m_hkd,12586521.78,45
1620,1620.HK,CINESE INTL,Equity,Equity Securities (Main Board),avg_turnover_30d_below_15m_hkd,104851.33,45
1621,1621.HK,VICO INTL HLDGS,Equity,Equity Securities (Main Board),avg_turnover_30d_below_15m_hkd,163663.73,45
1622,1622.HK,REDCO GROUP,Equity,Equity Securities (Main Board),avg_turnover_30d_below_15m_hkd,41509.47,45
1623,1623.HK,HILONG,Equity,Equity Securities (Main Board),avg_turnover_30d_below_15m_hkd,114420.93,45
1626,1626.HK,JIA YAO HLDGS,Equity,Equity Securities (Main Board),avg_turnover_30d_below_15m_hkd,14979490.45,45
1627,1627.HK,ABLE ENG HLDGS,Equity,Equity Securities (Main Board),avg_turnover_30d_below_15m_hkd,90142.67,45
1628,1628.HK,YUZHOU GROUP,Equity,Equity Securities (Main Board),avg_turnover_30d_below_15m_hkd,93145.47,45
1629,1629.HK,CHAMP ALLI INTL,Equity,Equity Securities (Main Board),avg_turnover_30d_below_15m_hkd,11297.2,45
1630,1630.HK,KIN SHING HLDGS,Equity,Equity Securities (Main Board),avg_turnover_30d_below_15m_hkd,437724.8,45
1631,1631.HK,REF HOLDINGS,Equity,Equity Securities (Main Board),avg_turnover_30d_below_15m_hkd,55633.33,45
1632,1632.HK,MSCTECH,Equity,Equity Securities (Main Board),avg_turnover_30d_below_15m_hkd,0.0,45
1633,1633.HK,SHEUNG YUE GP,Equity,Equity Securities (Main Board),avg_turnover_30d_below_15m_hkd,680022.5,45
1635,1635.HK,DZUG,Equity,Equity Securities (Main Board),avg_turnover_30d_below_15m_hkd,10172597.19,45
1636,1636.HK,CMRU,Equity,Equity Securities (Main Board),avg_turnover_30d_below_15m_hkd,0.0,45
1637,1637.HK,SH GROUP HLDG,Equity,Equity Securities (Main Board),avg_turnover_30d_below_15m_hkd,150346.67,45
1638,1638.HK,KAISA GROUP,Equity,Equity Securities (Main Board),avg_turnover_30d_below_15m_hkd,830543.83,45
1640,1640.HK,QIAN XUN TECH,Equity,Equity Securities (Main Board),avg_turnover_30d_below_15m_hkd,54314.33,45
1641,1641.HK,HX COLDCHAIN,Equity,Equity Securities (Main Board),avg_turnover_30d_below_15m_hkd,30649.42,45
1643,1643.HK,MODERN CHI MED,Equity,Equity Securities (Main Board),avg_turnover_30d_below_15m_hkd,184710.0,45
1645,1645.HK,HAINA INTEL,Equity,Equity Securities (Main Board),avg_turnover_30d_below_15m_hkd,7729984.64,45
1647,1647.HK,GRANDSHORES,Equity,Equity Securities (Main Board),avg_turnover_30d_below_15m_hkd,40535.33,45
1650,1650.HK,HYGIEIA GROUP,Equity,Equity Securities (Main Board),avg_turnover_30d_below_15m_hkd,329739.34,45
1652,1652.HK,FUSEN PHARM,Equity,Equity Securities (Main Board),avg_turnover_30d_below_15m_hkd,96254.67,45
1653,1653.HK,MOS HOUSE,Equity,Equity Securities (Main Board),avg_turnover_30d_below_15m_hkd,377961.33,45
1655,1655.HK,OKURA HOLDINGS,Equity,Equity Securities (Main Board),avg_turnover_30d_below_15m_hkd,184800.84,45
1656,1656.HK,ISDN HOLDINGS,Equity,Equity Securities (Main Board),avg_turnover_30d_below_15m_hkd,0.0,45
1657,1657.HK,SG GROUP HLDGS,Equity,Equity Securities (Main Board),avg_turnover_30d_below_15m_hkd,388966.17,45
1660,1660.HK,SEVEN ELEMENTS,Equity,Equity Securities (Main Board),avg_turnover_30d_below_15m_hkd,846297.07,45
1661,1661.HK,CH FRONTIER TEC,Equity,Equity Securities (Main Board),avg_turnover_30d_below_15m_hkd,789412.51,45
1662,1662.HK,YEE HOP HLDGS,Equity,Equity Securities (Main Board),avg_turnover_30d_below_15m_hkd,85233.0,45
1663,1663.HK,S HARBOURHOLD,Equity,Equity Securities (Main Board),avg_turnover_30d_below_15m_hkd,127955.31,45
1666,1666.HK,TONG REN TANG,Equity,Equity Securities (Main Board),avg_turnover_30d_below_15m_hkd,6271932.57,45
1667,1667.HK,DIMMI LIFE HLDG,Equity,Equity Securities (Main Board),avg_turnover_30d_below_15m_hkd,5183.33,45
1668,1668.HK,CHINASOUTHCITY,Equity,Equity Securities (Main Board),avg_turnover_30d_below_15m_hkd,0.0,45
1669,1669.HK,GIC GROUP,Equity,Equity Securities (Main Board),avg_turnover_30d_below_15m_hkd,186565.34,45
1671,1671.HK,TIANBAO ENERGY,Equity,Equity Securities (Main Board),avg_turnover_30d_below_15m_hkd,16880.33,45
1673,1673.HK,HUAZHANG TECH,Equity,Equity Securities (Main Board),avg_turnover_30d_below_15m_hkd,34756.13,45
1676,1676.HK,GAODI HOLDINGS,Equity,Equity Securities (Main Board),avg_turnover_30d_below_15m_hkd,2518182.6,45
1679,1679.HK,RISECOMM GP,Equity,Equity Securities (Main Board),avg_turnover_30d_below_15m_hkd,65515.0,45
1680,1680.HK,MACAU LEGEND,Equity,Equity Securities (Main Board),avg_turnover_30d_below_15m_hkd,12692.06,45
1682,1682.HK,HP LIVING TECH,Equity,Equity Securities (Main Board),avg_turnover_30d_below_15m_hkd,122792.0,45
1683,1683.HK,HOPE LIFE INT,Equity,Equity Securities (Main Board),avg_turnover_30d_below_15m_hkd,369141.61,45
1685,1685.HK,BOER POWER,Equity,Equity Securities (Main Board),avg_turnover_30d_below_15m_hkd,191751.67,45
1689,1689.HK,HUAXIHOLDINGS,Equity,Equity Securities (Main Board),avg_turnover_30d_below_15m_hkd,87143.67,45
1690,1690.HK,LAP KEI ENGRG,Equity,Equity Securities (Main Board),avg_turnover_30d_below_15m_hkd,55861.67,45
1691,1691.HK,JS GLOBAL LIFE,Equity,Equity Securities (Main Board),avg_turnover_30d_below_15m_hkd,14239888.75,45
1692,1692.HK,TOWNRAY HLDGS,Equity,Equity Securities (Main Board),avg_turnover_30d_below_15m_hkd,33740.33,45
1693,1693.HK,BGMC,Equity,Equity Securities (Main Board),avg_turnover_30d_below_15m_hkd,22748.33,45
1695,1695.HK,S&P INTL HLDG,Equity,Equity Securities (Main Board),avg_turnover_30d_below_15m_hkd,16339.83,45
1696,1696.HK,SISRAM MED,Equity,Equity Securities (Main Board),avg_turnover_30d_below_15m_hkd,456959.67,45
1697,1697.HK,SDITC,Equity,Equity Securities (Main Board),avg_turnover_30d_below_15m_hkd,29676.78,45
1701,1701.HK,TU YI HLDG,Equity,Equity Securities (Main Board),avg_turnover_30d_below_15m_hkd,3199.73,45
1702,1702.HK,DONGGUANG CHEM,Equity,Equity Securities (Main Board),avg_turnover_30d_below_15m_hkd,7630.0,45
1703,1703.HK,EASYHOLD GROUP,Equity,Equity Securities (Main Board),avg_turnover_30d_below_15m_hkd,210190.17,45
1705,1705.HK,B & S INTL HLDG,Equity,Equity Securities (Main Board),avg_turnover_30d_below_15m_hkd,333962.0,45
1707,1707.HK,GEOTECH HLDGS,Equity,Equity Securities (Main Board),avg_turnover_30d_below_15m_hkd,0.0,45
1708,1708.HK,SAMPLE TECH,Equity,Equity Securities (Main Board),avg_turnover_30d_below_15m_hkd,1554.85,45
1709,1709.HK,DL HOLDINGS GP,Equity,Equity Securities (Main Board),avg_turnover_30d_below_15m_hkd,3553269.17,45
1710,1710.HK,TRIO IND ELEC,Equity,Equity Securities (Main Board),avg_turnover_30d_below_15m_hkd,9144416.14,45
1711,1711.HK,ULFERTS,Equity,Equity Securities (Main Board),avg_turnover_30d_below_15m_hkd,3459.67,45
1712,1712.HK,DRAGON MINING,Equity,Equity Securities (Main Board),avg_turnover_30d_below_15m_hkd,7047425.22,45
1713,1713.HK,SICHUAN EN INV,Equity,Equity Securities (Main Board),avg_turnover_30d_below_15m_hkd,167005.33,45
1715,1715.HK,AI HEALTH TECH,Equity,Equity Securities (Main Board),avg_turnover_30d_below_15m_hkd,175299.2,45
1716,1716.HK,MOST KWAI CHUNG,Equity,Equity Securities (Main Board),avg_turnover_30d_below_15m_hkd,2277263.18,45
1717,1717.HK,AUSNUTRIA,Equity,Equity Securities (Main Board),avg_turnover_30d_below_15m_hkd,235660.16,45
1718,1718.HK,WAN KEI GROUP,Equity,Equity Securities (Main Board),avg_turnover_30d_below_15m_hkd,215308.83,45
1719,1719.HK,CIL GROUP,Equity,Equity Securities (Main Board),avg_turnover_30d_below_15m_hkd,3398.93,45
1720,1720.HK,PUTIAN COMM,Equity,Equity Securities (Main Board),avg_turnover_30d_below_15m_hkd,901713.0,45
1721,1721.HK,FSM HOLDINGS,Equity,Equity Securities (Main Board),avg_turnover_30d_below_15m_hkd,0.0,45
1722,1722.HK,KIN PANG HLDGS,Equity,Equity Securities (Main Board),avg_turnover_30d_below_15m_hkd,145409.67,45
1723,1723.HK,MOON INC,Equity,Equity Securities (Main Board),avg_turnover_30d_below_15m_hkd,917828.62,45
1725,1725.HK,C STRATEGIC TEC,Equity,Equity Securities (Main Board),avg_turnover_30d_below_15m_hkd,951921.69,45
1726,1726.HK,HKE HOLDINGS,Equity,Equity Securities (Main Board),avg_turnover_30d_below_15m_hkd,266195.0,45
1727,1727.HK,HEBEI CONS,Equity,Equity Securities (Main Board),avg_turnover_30d_below_15m_hkd,15774.43,45
1728,1728.HK,ZHENGTONGAUTO,Equity,Equity Securities (Main Board),avg_turnover_30d_below_15m_hkd,0.0,45
1731,1731.HK,PROSPEROUS IND,Equity,Equity Securities (Main Board),avg_turnover_30d_below_15m_hkd,142430.67,45
1732,1732.HK,XIANGXING TECH,Equity,Equity Securities (Main Board),avg_turnover_30d_below_15m_hkd,53735.33,45
1733,1733.HK,E-COMMODITIES,Equity,Equity Securities (Main Board),avg_turnover_30d_below_15m_hkd,946943.96,45
1736,1736.HK,PARENTING NET,Equity,Equity Securities (Main Board),avg_turnover_30d_below_15m_hkd,16676.3,45
1737,1737.HK,A & S GROUP,Equity,Equity Securities (Main Board),avg_turnover_30d_below_15m_hkd,80396.33,45
1738,1738.HK,FS ANTHRACITE,Equity,Equity Securities (Main Board),avg_turnover_30d_below_15m_hkd,5959.5,45
1739,1739.HK,QEEKA HOME,Equity,Equity Securities (Main Board),avg_turnover_30d_below_15m_hkd,98340.48,45
1740,1740.HK,VALUES CULTURAL,Equity,Equity Securities (Main Board),avg_turnover_30d_below_15m_hkd,210199.34,45
1741,1741.HK,SHING CHI HLDGS,Equity,Equity Securities (Main Board),avg_turnover_30d_below_15m_hkd,27122.13,45
1742,1742.HK,HPC HOLDINGS,Equity,Equity Securities (Main Board),avg_turnover_30d_below_15m_hkd,25087.83,45
1745,1745.HK,LVJI TECH,Equity,Equity Securities (Main Board),avg_turnover_30d_below_15m_hkd,112142.01,45
1746,1746.HK,MAN SHUN GP,Equity,Equity Securities (Main Board),avg_turnover_30d_below_15m_hkd,527292.01,45
1747,1747.HK,HOME CONTROL,Equity,Equity Securities (Main Board),avg_turnover_30d_below_15m_hkd,27265.67,45
1748,1748.HK,XIN YUAN ENT,Equity,Equity Securities (Main Board),avg_turnover_30d_below_15m_hkd,0.0,45
1749,1749.HK,SHANSHAN,Equity,Equity Securities (Main Board),avg_turnover_30d_below_15m_hkd,1163.33,45
1750,1750.HK,REM GROUP HLDGS,Equity,Equity Securities (Main Board),avg_turnover_30d_below_15m_hkd,424645.66,45
1751,1751.HK,AI ENERGY ENG,Equity,Equity Securities (Main Board),avg_turnover_30d_below_15m_hkd,369878.13,45
1752,1752.HK,TOP EDUCATION,Equity,Equity Securities (Main Board),avg_turnover_30d_below_15m_hkd,66582.33,45
1753,1753.HK,DUIBA,Equity,Equity Securities (Main Board),avg_turnover_30d_below_15m_hkd,7996414.95,45
1755,1755.HK,S-ENJOY SERVICE,Equity,Equity Securities (Main Board),avg_turnover_30d_below_15m_hkd,0.0,45
1756,1756.HK,CHI SCI&EDU IND,Equity,Equity Securities (Main Board),avg_turnover_30d_below_15m_hkd,4914.67,45
1757,1757.HK,GLOBAL CHI BC,Equity,Equity Securities (Main Board),avg_turnover_30d_below_15m_hkd,207984.0,45
1758,1758.HK,BOJUN EDU,Equity,Equity Securities (Main Board),avg_turnover_30d_below_15m_hkd,3150.0,45
1759,1759.HK,SINO GAS HLDGS,Equity,Equity Securities (Main Board),avg_turnover_30d_below_15m_hkd,48417.17,45
1760,1760.HK,INTRON TECH,Equity,Equity Securities (Main Board),avg_turnover_30d_below_15m_hkd,1020513.16,45
1762,1762.HK,WANKA ONLINE,Equity,Equity Securities (Main Board),avg_turnover_30d_below_15m_hkd,4245524.96,45
1763,1763.HK,CIRC,Equity,Equity Securities (Main Board),avg_turnover_30d_below_15m_hkd,1467038.39,45
1765,1765.HK,XJ INTL HLDGS,Equity,Equity Securities (Main Board),avg_turnover_30d_below_15m_hkd,417688.02,45
1767,1767.HK,TS WONDERS,Equity,Equity Securities (Main Board),avg_turnover_30d_below_15m_hkd,229853.33,45
1769,1769.HK,SCHOLAR EDU,Equity,Equity Securities (Main Board),avg_turnover_30d_below_15m_hkd,493489.83,45
1770,1770.HK,DKE,Equity,Equity Securities (Main Board),avg_turnover_30d_below_15m_hkd,2769878.25,45
1771,1771.HK,SUNFONDA GP,Equity,Equity Securities (Main Board),avg_turnover_30d_below_15m_hkd,4210.13,45
1773,1773.HK,TIANLI INT HLDG,Equity,Equity Securities (Main Board),avg_turnover_30d_below_15m_hkd,12154727.0,45
1775,1775.HK,BEXCELLENT GP,Equity,Equity Securities (Main Board),avg_turnover_30d_below_15m_hkd,15094.0,45
1777,1777.HK,FANTASIA,Equity,Equity Securities (Main Board),avg_turnover_30d_below_15m_hkd,143368.95,45
1778,1778.HK,COLOUR LIFE,Equity,Equity Securities (Main Board),avg_turnover_30d_below_15m_hkd,118164.33,45
1782,1782.HK,IB DIGITAL TECH,Equity,Equity Securities (Main Board),avg_turnover_30d_below_15m_hkd,22391.67,45
1785,1785.HK,CHENGDU EXPWAY,Equity,Equity Securities (Main Board),avg_turnover_30d_below_15m_hkd,28968.5,45
1786,1786.HK,CRCCE,Equity,Equity Securities (Main Board),avg_turnover_30d_below_15m_hkd,155250.16,45
1790,1790.HK,TIL ENVIRO,Equity,Equity Securities (Main Board),avg_turnover_30d_below_15m_hkd,1413.33,45
1792,1792.HK,CMON,Equity,Equity Securities (Main Board),avg_turnover_30d_below_15m_hkd,1146362.39,45
1793,1793.HK,WECON HOLDINGS,Equity,Equity Securities (Main Board),avg_turnover_30d_below_15m_hkd,5948422.02,45
1795,1795.HK,YADONG GROUP,Equity,Equity Securities (Main Board),avg_turnover_30d_below_15m_hkd,6959.5,45
1796,1796.HK,METASPACEX,Equity,Equity Securities (Main Board),avg_turnover_30d_below_15m_hkd,2442967.43,45
1798,1798.HK,DATANG RENEW,Equity,Equity Securities (Main Board),avg_turnover_30d_below_15m_hkd,9579343.4,45
1799,1799.HK,XINTE ENERGY,Equity,Equity Securities (Main Board),avg_turnover_30d_below_15m_hkd,6697745.45,45
1802,1802.HK,WENYE GROUP,Equity,Equity Securities (Main Board),avg_turnover_30d_below_15m_hkd,0.0,45
1803,1803.HK,BJ SPORTS & ENT,Equity,Equity Securities (Main Board),avg_turnover_30d_below_15m_hkd,5316.21,45
1808,1808.HK,ENTERPRISE DEV,Equity,Equity Securities (Main Board),avg_turnover_30d_below_15m_hkd,75992.79,45
1809,1809.HK,PRINX CHENGSHAN,Equity,Equity Securities (Main Board),avg_turnover_30d_below_15m_hkd,399709.08,45
1811,1811.HK,CGN NEW ENERGY,Equity,Equity Securities (Main Board),avg_turnover_30d_below_15m_hkd,9011525.86,45
1812,1812.HK,CHENMING PAPER,Equity,Equity Securities (Main Board),avg_turnover_30d_below_15m_hkd,316425.3,45
1813,1813.HK,KWG GROUP,Equity,Equity Securities (Main Board),avg_turnover_30d_below_15m_hkd,81862.75,45
1817,1817.HK,MULSANNE GROUP,Equity,Equity Securities (Main Board),avg_turnover_30d_below_15m_hkd,11858.92,45
1820,1820.HK,PM PACKAGING,Equity,Equity Securities (Main Board),avg_turnover_30d_below_15m_hkd,2138.33,45
1822,1822.HK,CHINA WOOD INT,Equity,Equity Securities (Main Board),avg_turnover_30d_below_15m_hkd,102451.8,45
1823,1823.HK,HUAYUEXPRESSWAY,Equity,Equity Securities (Main Board),avg_turnover_30d_below_15m_hkd,70757.0,45
1825,1825.HK,STERLING GP,Equity,Equity Securities (Main Board),avg_turnover_30d_below_15m_hkd,0.0,45
1826,1826.HK,FDB HOLDINGS,Equity,Equity Securities (Main Board),avg_turnover_30d_below_15m_hkd,2437807.09,45
1827,1827.HK,MIRICOR,Equity,Equity Securities (Main Board),avg_turnover_30d_below_15m_hkd,19772.5,45
1830,1830.HK,PERFECT MEDICAL,Equity,Equity Securities (Main Board),avg_turnover_30d_below_15m_hkd,360320.39,45
1831,1831.HK,SHIFANG HLDG,Equity,Equity Securities (Main Board),avg_turnover_30d_below_15m_hkd,149443.33,45
1832,1832.HK,SAI LEISURE,Equity,Equity Securities (Main Board),avg_turnover_30d_below_15m_hkd,8423.5,45
1835,1835.HK,REALWAY CAPITAL,Equity,Equity Securities (Main Board),avg_turnover_30d_below_15m_hkd,209209.0,45
1837,1837.HK,NATURAL FOOD IH,Equity,Equity Securities (Main Board),avg_turnover_30d_below_15m_hkd,2716843.71,45
1841,1841.HK,A.PLUS GROUP,Equity,Equity Securities (Main Board),avg_turnover_30d_below_15m_hkd,204141.67,45
1842,1842.HK,GROWN UP GROUP,Equity,Equity Securities (Main Board),avg_turnover_30d_below_15m_hkd,177603.87,45
1843,1843.HK,SNACK EMPIRE,Equity,Equity Securities (Main Board),avg_turnover_30d_below_15m_hkd,230813.5,45
1845,1845.HK,WG ENV TECH,Equity,Equity Securities (Main Board),avg_turnover_30d_below_15m_hkd,26990.3,45
1846,1846.HK,EUROEYES,Equity,Equity Securities (Main Board),avg_turnover_30d_below_15m_hkd,23717.83,45
1847,1847.HK,GHPC,Equity,Equity Securities (Main Board),avg_turnover_30d_below_15m_hkd,8671.67,45
1848,1848.HK,CALC,Equity,Equity Securities (Main Board),avg_turnover_30d_below_15m_hkd,929030.66,45
1849,1849.HK,AM GROUP,Equity,Equity Securities (Main Board),avg_turnover_30d_below_15m_hkd,0.0,45
1850,1850.HK,BEAUTIFULLIFEGP,Equity,Equity Securities (Main Board),avg_turnover_30d_below_15m_hkd,2379982.97,45
1851,1851.HK,GINGKO EDU,Equity,Equity Securities (Main Board),avg_turnover_30d_below_15m_hkd,7850514.74,45
1853,1853.HK,CHUNCHENG HEAT,Equity,Equity Securities (Main Board),avg_turnover_30d_below_15m_hkd,5183.75,45
1854,1854.HK,CHINA WANTIAN,Equity,Equity Securities (Main Board),avg_turnover_30d_below_15m_hkd,1394929.97,45
1855,1855.HK,ZONQING LTD,Equity,Equity Securities (Main Board),avg_turnover_30d_below_15m_hkd,38386.07,45
1856,1856.HK,ERNEST BOREL,Equity,Equity Securities (Main Board),avg_turnover_30d_below_15m_hkd,254120.0,45
1857,1857.HK,CEB WATER,Equity,Equity Securities (Main Board),avg_turnover_30d_below_15m_hkd,243709.16,45
1858,1858.HK,CHUNLI MEDICAL,Equity,Equity Securities (Main Board),avg_turnover_30d_below_15m_hkd,6486996.44,45
1861,1861.HK,PRECIOUS DRAGON,Equity,Equity Securities (Main Board),avg_turnover_30d_below_15m_hkd,83645.33,45
1862,1862.HK,JINGRUI HLDGS,Equity,Equity Securities (Main Board),avg_turnover_30d_below_15m_hkd,0.0,45
1865,1865.HK,PENGO HLDG GP,Equity,Equity Securities (Main Board),avg_turnover_30d_below_15m_hkd,4064412.76,45
1867,1867.HK,STD DEV GROUP,Equity,Equity Securities (Main Board),avg_turnover_30d_below_15m_hkd,3679.0,45
1868,1868.HK,NEO-NEON,Equity,Equity Securities (Main Board),avg_turnover_30d_below_15m_hkd,6504.55,45
1869,1869.HK,KAFELAKU COFFEE,Equity,Equity Securities (Main Board),avg_turnover_30d_below_15m_hkd,240393.01,45
1870,1870.HK,GREEN POWER GP,Equity,Equity Securities (Main Board),avg_turnover_30d_below_15m_hkd,553838.53,45
1871,1871.HK,CHINA ORIENTED,Equity,Equity Securities (Main Board),avg_turnover_30d_below_15m_hkd,503532.56,45
1872,1872.HK,GUAN CHAO HLDGS,Equity,Equity Securities (Main Board),avg_turnover_30d_below_15m_hkd,3024769.1,45
1873,1873.HK,VIVA BIOTECH,Equity,Equity Securities (Main Board),avg_turnover_30d_below_15m_hkd,7049335.24,45
1875,1875.HK,BIODLINK-B,Equity,Equity Securities (Main Board),avg_turnover_30d_below_15m_hkd,2282824.68,45
1878,1878.HK,SOUTHGOBI,Equity,Equity Securities (Main Board),avg_turnover_30d_below_15m_hkd,438844.71,45
1881,1881.HK,REGAL REIT,Real Estate Investment Trusts,,avg_turnover_30d_below_15m_hkd,338139.48,45
1883,1883.HK,CITIC TELECOM,Equity,Equity Securities (Main Board),avg_turnover_30d_below_15m_hkd,8611089.93,45
1884,1884.HK,EPRINT GROUP,Equity,Equity Securities (Main Board),avg_turnover_30d_below_15m_hkd,7017.07,45
1889,1889.HK,SANAI HEALTH GP,Equity,Equity Securities (Main Board),avg_turnover_30d_below_15m_hkd,3084.18,45
1890,1890.HK,CHINA KEPEI,Equity,Equity Securities (Main Board),avg_turnover_30d_below_15m_hkd,326237.0,45
1891,1891.HK,HENG HUP,Equity,Equity Securities (Main Board),avg_turnover_30d_below_15m_hkd,125818.0,45
1894,1894.HK,HANG YICK HLDGS,Equity,Equity Securities (Main Board),avg_turnover_30d_below_15m_hkd,1226452.8,45
1895,1895.HK,XINYUAN PM,Equity,Equity Securities (Main Board),avg_turnover_30d_below_15m_hkd,0.0,45
1897,1897.HK,MILLIONHOPE IND,Equity,Equity Securities (Main Board),avg_turnover_30d_below_15m_hkd,11497.48,45
1899,1899.HK,XINGDA INT'L,Equity,Equity Securities (Main Board),avg_turnover_30d_below_15m_hkd,211080.37,45
1900,1900.HK,CHINA ITS,Equity,Equity Securities (Main Board),avg_turnover_30d_below_15m_hkd,20653.62,45
1901,1901.HK,FEIYANG GROUP,Equity,Equity Securities (Main Board),avg_turnover_30d_below_15m_hkd,76093.4,45
1903,1903.HK,JBB BUILDERS,Equity,Equity Securities (Main Board),avg_turnover_30d_below_15m_hkd,137951.0,45
1905,1905.HK,HAITONG UT,Equity,Equity Securities (Main Board),avg_turnover_30d_below_15m_hkd,5176917.51,45
1906,1906.HK,BONNY HLDG,Equity,Equity Securities (Main Board),avg_turnover_30d_below_15m_hkd,7643553.14,45
1909,1909.HK,FIRE ROCK,Equity,Equity Securities (Main Board),avg_turnover_30d_below_15m_hkd,75242.28,45
1911,1911.HK,CR HOLDINGS,Equity,Equity Securities (Main Board),avg_turnover_30d_below_15m_hkd,2258310.03,45
1912,1912.HK,CONTEL,Equity,Equity Securities (Main Board),avg_turnover_30d_below_15m_hkd,2562734.82,45
1915,1915.HK,TAIHE M-FIN,Equity,Equity Securities (Main Board),avg_turnover_30d_below_15m_hkd,0.0,45
1916,1916.HK,JIANGXI BANK,Equity,Equity Securities (Main Board),avg_turnover_30d_below_15m_hkd,306334.0,45
1917,1917.HK,DOUMOB,Equity,Equity Securities (Main Board),avg_turnover_30d_below_15m_hkd,8085.67,45
1920,1920.HK,JUNWEA GROUP,Equity,Equity Securities (Main Board),avg_turnover_30d_below_15m_hkd,170959.17,45
1921,1921.HK,DALIPAL HLDG,Equity,Equity Securities (Main Board),avg_turnover_30d_below_15m_hkd,3888731.21,45
1925,1925.HK,KWUNGS AROMA,Equity,Equity Securities (Main Board),avg_turnover_30d_below_15m_hkd,23688.0,45
1927,1927.HK,JIUJIUWANG,Equity,Equity Securities (Main Board),avg_turnover_30d_below_15m_hkd,169634.17,45
1930,1930.HK,SHINELONG,Equity,Equity Securities (Main Board),avg_turnover_30d_below_15m_hkd,46900.67,45
1931,1931.HK,ETHK LABS INC.,Equity,Equity Securities (Main Board),avg_turnover_30d_below_15m_hkd,117879.83,45
1932,1932.HK,CPM GROUP,Equity,Equity Securities (Main Board),avg_turnover_30d_below_15m_hkd,15318.4,45
1933,1933.HK,ONEFORCE HLDGS,Equity,Equity Securities (Main Board),avg_turnover_30d_below_15m_hkd,73959.6,45
1935,1935.HK,JH EDUCATION,Equity,Equity Securities (Main Board),avg_turnover_30d_below_15m_hkd,8404.0,45
1936,1936.HK,RITAMIX,Equity,Equity Securities (Main Board),avg_turnover_30d_below_15m_hkd,2141757.99,45
1937,1937.HK,JIACHEN HOLDING,Equity,Equity Securities (Main Board),avg_turnover_30d_below_15m_hkd,20346.33,45
1938,1938.HK,CHU KONG PIPE,Equity,Equity Securities (Main Board),avg_turnover_30d_below_15m_hkd,65759.1,45
1939,1939.HK,SHANGSHAN GOLD,Equity,Equity Securities (Main Board),avg_turnover_30d_below_15m_hkd,1260913.58,45
1940,1940.HK,CGII HLDGS,Equity,Equity Securities (Main Board),avg_turnover_30d_below_15m_hkd,238311.0,45
1941,1941.HK,YE XING GROUP,Equity,Equity Securities (Main Board),avg_turnover_30d_below_15m_hkd,95282.33,45
1942,1942.HK,MOG DIGITECH,Equity,Equity Securities (Main Board),avg_turnover_30d_below_15m_hkd,189462.65,45
1943,1943.HK,KING'S STONE,Equity,Equity Securities (Main Board),avg_turnover_30d_below_15m_hkd,4425242.13,45
1945,1945.HK,ZERO2IPO,Equity,Equity Securities (Main Board),avg_turnover_30d_below_15m_hkd,29204.4,45
1947,1947.HK,MEIHAO GROUP,Equity,Equity Securities (Main Board),avg_turnover_30d_below_15m_hkd,48476.67,45
1948,1948.HK,UJU HOLDING,Equity,Equity Securities (Main Board),avg_turnover_30d_below_15m_hkd,33753.67,45
1949,1949.HK,PLATT NERA,Equity,Equity Securities (Main Board),avg_turnover_30d_below_15m_hkd,376749.46,45
1950,1950.HK,DIWANG IND H,Equity,Equity Securities (Main Board),avg_turnover_30d_below_15m_hkd,17421.31,45
1953,1953.HK,SFQ GLOBAL,Equity,Equity Securities (Main Board),avg_turnover_30d_below_15m_hkd,2433758.38,45
1955,1955.HK,JOHNSON HLDGS,Equity,Equity Securities (Main Board),avg_turnover_30d_below_15m_hkd,69860.0,45
1957,1957.HK,MBV INTL,Equity,Equity Securities (Main Board),avg_turnover_30d_below_15m_hkd,83008.33,45
1958,1958.HK,BAIC MOTOR,Equity,Equity Securities (Main Board),avg_turnover_30d_below_15m_hkd,5823284.92,45
1959,1959.HK,ZHONG JU INVEST,Equity,Equity Securities (Main Board),avg_turnover_30d_below_15m_hkd,1358485.61,45
1960,1960.HK,TBKS HLDGS,Equity,Equity Securities (Main Board),avg_turnover_30d_below_15m_hkd,142107.33,45
1961,1961.HK,INFINITIES TECH,Equity,Equity Securities (Main Board),avg_turnover_30d_below_15m_hkd,0.0,45
1962,1962.HK,EVERGREEN PG,Equity,Equity Securities (Main Board),avg_turnover_30d_below_15m_hkd,208822.67,45
1963,1963.HK,BCQ,Equity,Equity Securities (Main Board),avg_turnover_30d_below_15m_hkd,12223592.12,45
1965,1965.HK,LANDSEA LIFE,Equity,Equity Securities (Main Board),avg_turnover_30d_below_15m_hkd,5882.77,45
1966,1966.HK,CHINA SCE GROUP,Equity,Equity Securities (Main Board),avg_turnover_30d_below_15m_hkd,15745.49,45
1967,1967.HK,CONFIDENCE IN,Equity,Equity Securities (Main Board),avg_turnover_30d_below_15m_hkd,12471.6,45
1968,1968.HK,HINGTEX HLDGS,Equity,Equity Securities (Main Board),avg_turnover_30d_below_15m_hkd,12741.2,45
1969,1969.HK,CHINA CHUNLAI,Equity,Equity Securities (Main Board),avg_turnover_30d_below_15m_hkd,81106.33,45
1970,1970.HK,IMAX CHINA,Equity,Equity Securities (Main Board),avg_turnover_30d_below_15m_hkd,1057124.33,45
1971,1971.HK,RSUN SER,Equity,Equity Securities (Main Board),avg_turnover_30d_below_15m_hkd,10011.33,45
1973,1973.HK,TIAN TU CAPITAL,Equity,Equity Securities (Main Board),avg_turnover_30d_below_15m_hkd,36788.87,45
1975,1975.HK,SUN HING PRINT,Equity,Equity Securities (Main Board),avg_turnover_30d_below_15m_hkd,134500.0,45
1977,1977.HK,ANALOGUE HLDGS,Equity,Equity Securities (Main Board),avg_turnover_30d_below_15m_hkd,131964.33,45
1978,1978.HK,LH GROUP,Equity,Equity Securities (Main Board),avg_turnover_30d_below_15m_hkd,40085.73,45
1979,1979.HK,TEN PAO GROUP,Equity,Equity Securities (Main Board),avg_turnover_30d_below_15m_hkd,636267.26,45
1980,1980.HK,TIANGE,Equity,Equity Securities (Main Board),avg_turnover_30d_below_15m_hkd,74744.83,45
1981,1981.HK,CATHAY GP HLDGS,Equity,Equity Securities (Main Board),avg_turnover_30d_below_15m_hkd,273398.17,45
1982,1982.HK,NAMESON HLDGS,Equity,Equity Securities (Main Board),avg_turnover_30d_below_15m_hkd,301608.67,45
1983,1983.HK,LUZHOU BANK,Equity,Equity Securities (Main Board),avg_turnover_30d_below_15m_hkd,20974.0,45
1985,1985.HK,MICROWARE,Equity,Equity Securities (Main Board),avg_turnover_30d_below_15m_hkd,281973.0,45
1986,1986.HK,TSAKER NE,Equity,Equity Securities (Main Board),avg_turnover_30d_below_15m_hkd,772102.75,45
1987,1987.HK,BENG SOON MACH,Equity,Equity Securities (Main Board),avg_turnover_30d_below_15m_hkd,37834.4,45
1991,1991.HK,TA YANG GROUP,Equity,Equity Securities (Main Board),avg_turnover_30d_below_15m_hkd,169517.07,45
1993,1993.HK,ASIARAY,Equity,Equity Securities (Main Board),avg_turnover_30d_below_15m_hkd,8048.42,45
1995,1995.HK,ES SERVICES,Equity,Equity Securities (Main Board),avg_turnover_30d_below_15m_hkd,3904425.54,45
1996,1996.HK,RSUN PPT,Equity,Equity Securities (Main Board),avg_turnover_30d_below_15m_hkd,83686.63,45
2000,2000.HK,SIM TECH,Equity,Equity Securities (Main Board),avg_turnover_30d_below_15m_hkd,62770.18,45
2001,2001.HK,NEW HIGHER EDU,Equity,Equity Securities (Main Board),avg_turnover_30d_below_15m_hkd,528036.8,45
2002,2002.HK,SUNSHINE PAPER,Equity,Equity Securities (Main Board),avg_turnover_30d_below_15m_hkd,328360.88,45
2003,2003.HK,VCREDIT,Equity,Equity Securities (Main Board),avg_turnover_30d_below_15m_hkd,42960.17,45
2005,2005.HK,SSY GROUP,Equity,Equity Securities (Main Board),avg_turnover_30d_below_15m_hkd,14741147.57,45
2008,2008.HK,PHOENIX TV,Equity,Equity Securities (Main Board),avg_turnover_30d_below_15m_hkd,36937.57,45
2009,2009.HK,BBMG,Equity,Equity Securities (Main Board),avg_turnover_30d_below_15m_hkd,6496984.26,45
2011,2011.HK,GILSTON GROUP,Equity,Equity Securities (Main Board),avg_turnover_30d_below_15m_hkd,19196.67,45
2012,2012.HK,SUNSHINE OIL,Equity,Equity Securities (Main Board),avg_turnover_30d_below_15m_hkd,331472.35,45
2017,2017.HK,CHANHIGH,Equity,Equity Securities (Main Board),avg_turnover_30d_below_15m_hkd,647625.0,45
2022,2022.HK,DIGIT HOLLYWOOD,Equity,Equity Securities (Main Board),avg_turnover_30d_below_15m_hkd,9842.67,45
2023,2023.HK,CHINA LUDAO,Equity,Equity Securities (Main Board),avg_turnover_30d_below_15m_hkd,15423.33,45
2025,2025.HK,RUIFENG POWER,Equity,Equity Securities (Main Board),avg_turnover_30d_below_15m_hkd,5528515.32,45
2030,2030.HK,CABBEEN,Equity,Equity Securities (Main Board),avg_turnover_30d_below_15m_hkd,39563.5,45
2031,2031.HK,AUSUPREME,Equity,Equity Securities (Main Board),avg_turnover_30d_below_15m_hkd,64322.5,45
2033,2033.HK,TIME WATCH,Equity,Equity Securities (Main Board),avg_turnover_30d_below_15m_hkd,14475.93,45
2038,2038.HK,FIH,Equity,Equity Securities (Main Board),avg_turnover_30d_below_15m_hkd,10708442.27,45
2041,2041.HK,MEDCAPTAIN,Equity,Equity Securities (Main Board),avg_turnover_30d_below_15m_hkd,4964141.95,17
2048,2048.HK,E-HOUSE ENT,Equity,Equity Securities (Main Board),avg_turnover_30d_below_15m_hkd,4048815.29,45
2051,2051.HK,VALA,Equity,Equity Securities (Main Board),avg_turnover_30d_below_15m_hkd,813844.58,45
2068,2068.HK,CHALIECO,Equity,Equity Securities (Main Board),avg_turnover_30d_below_15m_hkd,3084478.19,45
2078,2078.HK,PANASIALUM,Equity,Equity Securities (Main Board),avg_turnover_30d_below_15m_hkd,2166.8,45
2080,2080.HK,AUX INTL,Equity,Equity Securities (Main Board),avg_turnover_30d_below_15m_hkd,40600.67,45
2086,2086.HK,LEADWAY TECH,Equity,Equity Securities (Main Board),avg_turnover_30d_below_15m_hkd,5680.17,45
2088,2088.HK,XIWANG PROPERTY,Equity,Equity Securities (Main Board),avg_turnover_30d_below_15m_hkd,0.0,45
2098,2098.HK,ZALL SMARTCOM,Equity,Equity Securities (Main Board),avg_turnover_30d_below_15m_hkd,86450.37,45
2100,2100.HK,BAIOO,Equity,Equity Securities (Main Board),avg_turnover_30d_below_15m_hkd,56619.0,45
2101,2101.HK,FULU HOLDINGS,Equity,Equity Securities (Main Board),avg_turnover_30d_below_15m_hkd,138439.58,45
2102,2102.HK,TAK LEE MACH,Equity,Equity Securities (Main Board),avg_turnover_30d_below_15m_hkd,49411.67,45
2105,2105.HK,LAEKNA-B,Equity,Equity Securities (Main Board),avg_turnover_30d_below_15m_hkd,13590396.98,45
2107,2107.HK,FIRST SERVICE,Equity,Equity Securities (Main Board),avg_turnover_30d_below_15m_hkd,188961.66,45
2108,2108.HK,K2 F&B,Equity,Equity Securities (Main Board),avg_turnover_30d_below_15m_hkd,56376.33,45
2110,2110.HK,TIAN CHENG-NEW,Equity,Equity Securities (Main Board),avg_turnover_30d_below_15m_hkd,17415.43,45
2111,2111.HK,BEST PACIFIC,Equity,Equity Securities (Main Board),avg_turnover_30d_below_15m_hkd,2760089.1,45
2112,2112.HK,GRACE LIFE-TECH,Equity,Equity Securities (Main Board),avg_turnover_30d_below_15m_hkd,17943.07,45
2116,2116.HK,JS INNOV,Equity,Equity Securities (Main Board),avg_turnover_30d_below_15m_hkd,58599.67,45
2119,2119.HK,TSIT WING INTL,Equity,Equity Securities (Main Board),avg_turnover_30d_below_15m_hkd,25182.54,45
2120,2120.HK,KN HOSPITAL,Equity,Equity Securities (Main Board),avg_turnover_30d_below_15m_hkd,299889.57,45
2121,2121.HK,AINNOVATION,Equity,Equity Securities (Main Board),avg_turnover_30d_below_15m_hkd,7150564.52,45
2122,2122.HK,KIDSLAND INTL,Equity,Equity Securities (Main Board),avg_turnover_30d_below_15m_hkd,71667.53,45
2125,2125.HK,STRAWBEAR ENT,Equity,Equity Securities (Main Board),avg_turnover_30d_below_15m_hkd,3241.83,45
2126,2126.HK,JW THERAP-B,Equity,Equity Securities (Main Board),avg_turnover_30d_below_15m_hkd,4878068.33,45
2127,2127.HK,HUISEN SHARES,Equity,Equity Securities (Main Board),avg_turnover_30d_below_15m_hkd,0.0,45
2129,2129.HK,LEGION CONSO,Equity,Equity Securities (Main Board),avg_turnover_30d_below_15m_hkd,353206.5,45
2130,2130.HK,CN LOGISTICS,Equity,Equity Securities (Main Board),avg_turnover_30d_below_15m_hkd,35119.17,45
2131,2131.HK,NETJOY,Equity,Equity Securities (Main Board),avg_turnover_30d_below_15m_hkd,0.0,45
2132,2132.HK,LANDRICH HLDG,Equity,Equity Securities (Main Board),avg_turnover_30d_below_15m_hkd,28666.93,45
2135,2135.HK,RAILY AESMED,Equity,Equity Securities (Main Board),avg_turnover_30d_below_15m_hkd,4102.88,45
2136,2136.HK,LIFESTYLE CHI,Equity,Equity Securities (Main Board),avg_turnover_30d_below_15m_hkd,82691.67,45
2137,2137.HK,BRII-B,Equity,Equity Securities (Main Board),avg_turnover_30d_below_15m_hkd,695365.33,45
2138,2138.HK,EC HEALTHCARE,Equity,Equity Securities (Main Board),avg_turnover_30d_below_15m_hkd,420676.19,45
2139,2139.HK,BANK OF GANSU,Equity,Equity Securities (Main Board),avg_turnover_30d_below_15m_hkd,189198.06,45
2146,2146.HK,ROISERV,Equity,Equity Securities (Main Board),avg_turnover_30d_below_15m_hkd,30200.42,45
2147,2147.HK,ZHENGWEI GROUP,Equity,Equity Securities (Main Board),avg_turnover_30d_below_15m_hkd,470513.26,45
2149,2149.HK,BATELAB,Equity,Equity Securities (Main Board),avg_turnover_30d_below_15m_hkd,1517307.46,45
2150,2150.HK,NAYUKI,Equity,Equity Securities (Main Board),avg_turnover_30d_below_15m_hkd,1501619.08,45
2152,2152.HK,SUXIN SERVICES,Equity,Equity Securities (Main Board),avg_turnover_30d_below_15m_hkd,238.17,45
2153,2153.HK,TAT HONG EQUIP,Equity,Equity Securities (Main Board),avg_turnover_30d_below_15m_hkd,93781.67,45
2156,2156.HK,C&D PROPERTY,Equity,Equity Securities (Main Board),avg_turnover_30d_below_15m_hkd,2725953.77,45
2159,2159.HK,MEDIWELCOME,Equity,Equity Securities (Main Board),avg_turnover_30d_below_15m_hkd,208936.13,45
2160,2160.HK,MP CARDIOFLOW-B,Equity,Equity Securities (Main Board),avg_turnover_30d_below_15m_hkd,393584.77,45
2161,2161.HK,JBM HEALTHCARE,Equity,Equity Securities (Main Board),avg_turnover_30d_below_15m_hkd,368779.76,45
2163,2163.HK,BROAD HOMES,Equity,Equity Securities (Main Board),avg_turnover_30d_below_15m_hkd,0.0,45
2165,2165.HK,LING YUE SER GP,Equity,Equity Securities (Main Board),avg_turnover_30d_below_15m_hkd,57330.83,45
2166,2166.HK,SMART-CORE,Equity,Equity Securities (Main Board),avg_turnover_30d_below_15m_hkd,2791384.23,45
2167,2167.HK,TI CLOUD,Equity,Equity Securities (Main Board),avg_turnover_30d_below_15m_hkd,497042.16,45
2168,2168.HK,KAISA PROSPER,Equity,Equity Securities (Main Board),avg_turnover_30d_below_15m_hkd,9193.8,45
2169,2169.HK,CANGGANGRAILWAY,Equity,Equity Securities (Main Board),avg_turnover_30d_below_15m_hkd,145340.34,45
2170,2170.HK,BASECARE-B,Equity,Equity Securities (Main Board),avg_turnover_30d_below_15m_hkd,101405.92,45
2172,2172.HK,MICROPORT NEURO,Equity,Equity Securities (Main Board),avg_turnover_30d_below_15m_hkd,2760987.94,45
2175,2175.HK,CH GENERAL EDU,Equity,Equity Securities (Main Board),avg_turnover_30d_below_15m_hkd,136908.17,45
2176,2176.HK,CCID CONSULTING,Equity,Equity Securities (Main Board),avg_turnover_30d_below_15m_hkd,24766.67,45
2177,2177.HK,UNQ HOLDINGS,Equity,Equity Securities (Main Board),avg_turnover_30d_below_15m_hkd,10182.63,45
2178,2178.HK,PETRO-KING,Equity,Equity Securities (Main Board),avg_turnover_30d_below_15m_hkd,979667.82,45
2179,2179.HK,RECBIO-B,Equity,Equity Securities (Main Board),avg_turnover_30d_below_15m_hkd,3095.25,45
2180,2180.HK,MANPOWER GRC,Equity,Equity Securities (Main Board),avg_turnover_30d_below_15m_hkd,170689.04,45
2181,2181.HK,MABPHARM-B,Equity,Equity Securities (Main Board),avg_turnover_30d_below_15m_hkd,13952.33,45
2182,2182.HK,TIAN CHANG GP,Equity,Equity Securities (Main Board),avg_turnover_30d_below_15m_hkd,8883.33,45
2185,2185.HK,BIOHEART-B,Equity,Equity Securities (Main Board),avg_turnover_30d_below_15m_hkd,149076.55,45
2187,2187.HK,ZHIXIN GP HLDG,Equity,Equity Securities (Main Board),avg_turnover_30d_below_15m_hkd,224221.33,45
2188,2188.HK,TITANS ENERGY,Equity,Equity Securities (Main Board),avg_turnover_30d_below_15m_hkd,4871.67,45
2189,2189.HK,KATO (HK) HLDGS,Equity,Equity Securities (Main Board),avg_turnover_30d_below_15m_hkd,16231.25,45
2191,2191.HK,SF REIT,Real Estate Investment Trusts,,avg_turnover_30d_below_15m_hkd,1722315.61,45
2192,2192.HK,MEDLIVE,Equity,Equity Securities (Main Board),avg_turnover_30d_below_15m_hkd,8673952.07,45
2193,2193.HK,MAN KING HOLD,Equity,Equity Securities (Main Board),avg_turnover_30d_below_15m_hkd,21778.67,45
2195,2195.HK,UNITY ENT,Equity,Equity Securities (Main Board),avg_turnover_30d_below_15m_hkd,9808.08,45
2197,2197.HK,CLOVER BIO-B,Equity,Equity Securities (Main Board),avg_turnover_30d_below_15m_hkd,6931823.79,45
2198,2198.HK,CHINA SANJIANG,Equity,Equity Securities (Main Board),avg_turnover_30d_below_15m_hkd,10780526.67,45
2199,2199.HK,REGINA MIRACLE,Equity,Equity Securities (Main Board),avg_turnover_30d_below_15m_hkd,701683.52,45
2203,2203.HK,BRAINHOLE TECH,Equity,Equity Securities (Main Board),avg_turnover_30d_below_15m_hkd,35259.07,45
2205,2205.HK,KANGQIAO SER,Equity,Equity Securities (Main Board),avg_turnover_30d_below_15m_hkd,423.33,45
2209,2209.HK,YESASIA HLDGS,Equity,Equity Securities (Main Board),avg_turnover_30d_below_15m_hkd,1477466.5,45
2210,2210.HK,BEIJING JIAYE,Equity,Equity Securities (Main Board),avg_turnover_30d_below_15m_hkd,62901.07,45
2211,2211.HK,UNI HEALTH,Equity,Equity Securities (Main Board),avg_turnover_30d_below_15m_hkd,2753228.92,45
2212,2212.HK,FB MINING,Equity,Equity Securities (Main Board),avg_turnover_30d_below_15m_hkd,3482.67,45
2215,2215.HK,DEXIN SER GROUP,Equity,Equity Securities (Main Board),avg_turnover_30d_below_15m_hkd,147682.76,45
2216,2216.HK,BRONCUS-B,Equity,Equity Securities (Main Board),avg_turnover_30d_below_15m_hkd,549236.75,45
2219,2219.HK,CHAOJU EYE CARE,Equity,Equity Securities (Main Board),avg_turnover_30d_below_15m_hkd,734307.49,45
2221,2221.HK,NEW CONCEPTS,Equity,Equity Securities (Main Board),avg_turnover_30d_below_15m_hkd,48259.6,45
2222,2222.HK,NVC INTL,Equity,Equity Securities (Main Board),avg_turnover_30d_below_15m_hkd,6077.4,45
2223,2223.HK,CASABLANCA,Equity,Equity Securities (Main Board),avg_turnover_30d_below_15m_hkd,11471.33,45
2226,2226.HK,HONWORLD GP,Equity,Equity Securities (Main Board),avg_turnover_30d_below_15m_hkd,126094.17,45
2227,2227.HK,SOLIS HOLDINGS,Equity,Equity Securities (Main Board),avg_turnover_30d_below_15m_hkd,77544.67,45
2230,2230.HK,MEDIALINK GROUP,Equity,Equity Securities (Main Board),avg_turnover_30d_below_15m_hkd,44780.5,45
2231,2231.HK,JY GRANDMARK,Equity,Equity Securities (Main Board),avg_turnover_30d_below_15m_hkd,807017.67,45
2235,2235.HK,MICROTECH MED-B,Equity,Equity Securities (Main Board),avg_turnover_30d_below_15m_hkd,842927.76,45
2236,2236.HK,WISON ENGRG,Equity,Equity Securities (Main Board),avg_turnover_30d_below_15m_hkd,217443.78,45
2237,2237.HK,CHINA GRAPHITE,Equity,Equity Securities (Main Board),avg_turnover_30d_below_15m_hkd,46110.33,45
2239,2239.HK,SMIT,Equity,Equity Securities (Main Board),avg_turnover_30d_below_15m_hkd,17132.0,45
2246,2246.HK,GOGOX,Equity,Equity Securities (Main Board),avg_turnover_30d_below_15m_hkd,75351.3,45
2250,2250.HK,B.DUCK SEMK,Equity,Equity Securities (Main Board),avg_turnover_30d_below_15m_hkd,16153.63,45
2251,2251.HK,AIRDOC-B,Equity,Equity Securities (Main Board),avg_turnover_30d_below_15m_hkd,660531.48,45
2256,2256.HK,ABBISKO-B,Equity,Equity Securities (Main Board),avg_turnover_30d_below_15m_hkd,10544523.68,45
2257,2257.HK,SIRNAOMICS-B,Equity,Equity Securities (Main Board),avg_turnover_30d_below_15m_hkd,196537.44,45
2258,2258.HK,WATTS INT'L,Equity,Equity Securities (Main Board),avg_turnover_30d_below_15m_hkd,41858.67,45
2260,2260.HK,VANOV HOLDINGS,Equity,Equity Securities (Main Board),avg_turnover_30d_below_15m_hkd,1213.67,45
2261,2261.HK,NASN TECH,Equity,Equity Securities (Main Board),avg_turnover_30d_below_15m_hkd,5484206.85,39
2262,2262.HK,SLD GROUP,Equity,Equity Securities (Main Board),avg_turnover_30d_below_15m_hkd,5708.0,45
2263,2263.HK,FU SHEK FIN,Equity,Equity Securities (Main Board),avg_turnover_30d_below_15m_hkd,63796.67,45
2265,2265.HK,HC ENV TECH,Equity,Equity Securities (Main Board),avg_turnover_30d_below_15m_hkd,842436.66,45
2266,2266.HK,LAI SI ENT,Equity,Equity Securities (Main Board),avg_turnover_30d_below_15m_hkd,30442.33,45
2270,2270.HK,DESUN SERVICES,Equity,Equity Securities (Main Board),avg_turnover_30d_below_15m_hkd,6153.33,45
2271,2271.HK,ZHONGAN SERVICE,Equity,Equity Securities (Main Board),avg_turnover_30d_below_15m_hkd,2786420.79,45
2272,2272.HK,KEYTOP PARKING,Equity,Equity Securities (Main Board),avg_turnover_30d_below_15m_hkd,13873162.91,45
2279,2279.HK,YONGHE MEDICAL,Equity,Equity Securities (Main Board),avg_turnover_30d_below_15m_hkd,366689.34,45
2280,2280.HK,HC GROUP,Equity,Equity Securities (Main Board),avg_turnover_30d_below_15m_hkd,0.0,45
2281,2281.HK,XINGLU WATER,Equity,Equity Securities (Main Board),avg_turnover_30d_below_15m_hkd,36647.17,45
2283,2283.HK,TK GROUP HLDG,Equity,Equity Securities (Main Board),avg_turnover_30d_below_15m_hkd,700329.67,45
2286,2286.HK,CHEN XING,Equity,Equity Securities (Main Board),avg_turnover_30d_below_15m_hkd,58194.0,45
2288,2288.HK,RYKADAN CAPITAL,Equity,Equity Securities (Main Board),avg_turnover_30d_below_15m_hkd,6200.44,45
2289,2289.HK,CHARMACY PHAR,Equity,Equity Securities (Main Board),avg_turnover_30d_below_15m_hkd,91.58,45
2290,2290.HK,LUNG FUNG GROUP,Equity,Equity Securities (Main Board),avg_turnover_30d_below_15m_hkd,9100948.86,45
2291,2291.HK,SCIENTECH,Equity,Equity Securities (Main Board),avg_turnover_30d_below_15m_hkd,14181039.85,45
2293,2293.HK,BAMBOOSHEALTH,Equity,Equity Securities (Main Board),avg_turnover_30d_below_15m_hkd,4763.33,45
2295,2295.HK,MAXICITY,Equity,Equity Securities (Main Board),avg_turnover_30d_below_15m_hkd,857920.0,45
2297,2297.HK,RAINMED-B,Equity,Equity Securities (Main Board),avg_turnover_30d_below_15m_hkd,30747.13,45
2298,2298.HK,COSMO LADY,Equity,Equity Securities (Main Board),avg_turnover_30d_below_15m_hkd,143932.5,45
2299,2299.HK,BILLION IND,Equity,Equity Securities (Main Board),avg_turnover_30d_below_15m_hkd,3424.67,45
2302,2302.HK,CNNC INT'L,Equity,Equity Securities (Main Board),avg_turnover_30d_below_15m_hkd,1405070.62,45
2306,2306.HK,YH ENT,Equity,Equity Securities (Main Board),avg_turnover_30d_below_15m_hkd,141400.5,45
2307,2307.HK,KAM HING INT'L,Equity,Equity Securities (Main Board),avg_turnover_30d_below_15m_hkd,14994.53,45
2309,2309.HK,ZO FUTURE GROUP,Equity,Equity Securities (Main Board),avg_turnover_30d_below_15m_hkd,7688261.38,45
2310,2310.HK,TIMES UNI GP,Equity,Equity Securities (Main Board),avg_turnover_30d_below_15m_hkd,18465.8,45
2312,2312.HK,LONG INV CORP,Equity,Investment Companies,avg_turnover_30d_below_15m_hkd,84541.77,45
2314,2314.HK,LEE & MAN PAPER,Equity,Equity Securities (Main Board),avg_turnover_30d_below_15m_hkd,13469098.93,45
2317,2317.HK,VEDAN INT'L,Equity,Equity Securities (Main Board),avg_turnover_30d_below_15m_hkd,12737.47,45
2320,2320.HK,HOP FUNG GROUP,Equity,Equity Securities (Main Board),avg_turnover_30d_below_15m_hkd,848743.32,45
2321,2321.HK,SWANGCHAICHUAN,Equity,Equity Securities (Main Board),avg_turnover_30d_below_15m_hkd,13421.67,45
2322,2322.HK,MODERN INNO DT,Equity,Equity Securities (Main Board),avg_turnover_30d_below_15m_hkd,313366.2,45
2324,2324.HK,CAPITAL VC,Equity,Investment Companies,avg_turnover_30d_below_15m_hkd,14337.04,45
2325,2325.HK,YUNKANG GROUP,Equity,Equity Securities (Main Board),avg_turnover_30d_below_15m_hkd,154477.5,45
2326,2326.HK,NPE HOLDINGS,Equity,Equity Securities (Main Board),avg_turnover_30d_below_15m_hkd,101688.73,45
2327,2327.HK,MEILLEUREHEALTH,Equity,Equity Securities (Main Board),avg_turnover_30d_below_15m_hkd,42150.4,45
2329,2329.HK,GLORY HEALTH,Equity,Equity Securities (Main Board),avg_turnover_30d_below_15m_hkd,14285.07,45
2330,2330.HK,CHINA UPTOWN,Equity,Equity Securities (Main Board),avg_turnover_30d_below_15m_hkd,37414.47,45
2335,2335.HK,MICOT PHARMA-B,Equity,Equity Securities (Main Board),avg_turnover_30d_below_15m_hkd,11719323.52,45
2336,2336.HK,SHUOAO INTL,Equity,Equity Securities (Main Board),avg_turnover_30d_below_15m_hkd,31658.5,45
2337,2337.HK,UNITED STRENGTH,Equity,Equity Securities (Main Board),avg_turnover_30d_below_15m_hkd,306748.0,45
2339,2339.HK,BWI INT'L,Equity,Equity Securities (Main Board),avg_turnover_30d_below_15m_hkd,10402356.26,45
2340,2340.HK,ISP HOLDINGS,Equity,Equity Securities (Main Board),avg_turnover_30d_below_15m_hkd,1436.61,45
2347,2347.HK,YOHO GROUP,Equity,Equity Securities (Main Board),avg_turnover_30d_below_15m_hkd,155680.46,45
2348,2348.HK,DAWNRAYS PHARMA,Equity,Equity Securities (Main Board),avg_turnover_30d_below_15m_hkd,146439.17,45
2349,2349.HK,CHINA AI INFRA,Equity,Equity Securities (Main Board),avg_turnover_30d_below_15m_hkd,12728.04,45
2350,2350.HK,MTT GROUP,Equity,Equity Securities (Main Board),avg_turnover_30d_below_15m_hkd,310385.5,45
2352,2352.HK,DOWELL SERVICE,Equity,Equity Securities (Main Board),avg_turnover_30d_below_15m_hkd,5496.67,45
2355,2355.HK,BAOYE GROUP,Equity,Equity Securities (Main Board),avg_turnover_30d_below_15m_hkd,150783.33,45
2358,2358.HK,JIU RONG HOLD,Equity,Equity Securities (Main Board),avg_turnover_30d_below_15m_hkd,240429.33,45
2360,2360.HK,BEST MART 360,Equity,Equity Securities (Main Board),avg_turnover_30d_below_15m_hkd,660717.49,45
2361,2361.HK,SINOHEALTH TECH,Equity,Equity Securities (Main Board),avg_turnover_30d_below_15m_hkd,144579.58,45
2362,2362.HK,JINCHUAN INTL,Equity,Equity Securities (Main Board),avg_turnover_30d_below_15m_hkd,14558480.29,45
2363,2363.HK,TONGDA HONG TAI,Equity,Equity Securities (Main Board),avg_turnover_30d_below_15m_hkd,18350.71,45
2368,2368.HK,EAGLE NICE,Equity,Equity Securities (Main Board),avg_turnover_30d_below_15m_hkd,50718.0,45
2369,2369.HK,COOLPAD GROUP,Equity,Equity Securities (Main Board),avg_turnover_30d_below_15m_hkd,580868.9,45
2370,2370.HK,REDCO HEALTHY,Equity,Equity Securities (Main Board),avg_turnover_30d_below_15m_hkd,303419.17,45
2371,2371.HK,CHUANGLIAN HOLD,Equity,Equity Securities (Main Board),avg_turnover_30d_below_15m_hkd,9086.96,45
2372,2372.HK,WEILI HOLDINGS,Equity,Equity Securities (Main Board),avg_turnover_30d_below_15m_hkd,56931.33,45
2373,2373.HK,BEAUTYFARM MED,Equity,Equity Securities (Main Board),avg_turnover_30d_below_15m_hkd,4874175.1,45
2376,2376.HK,LUSHANGSERVICES,Equity,Equity Securities (Main Board),avg_turnover_30d_below_15m_hkd,15735.33,45
2377,2377.HK,BOQI ENV,Equity,Equity Securities (Main Board),avg_turnover_30d_below_15m_hkd,95913.21,45
2378,2378.HK,PRU,Equity,Equity Securities (Main Board),avg_turnover_30d_below_15m_hkd,10498467.16,45
2381,2381.HK,SMC ELECTRIC,Equity,Equity Securities (Main Board),avg_turnover_30d_below_15m_hkd,2605905.0,45
2383,2383.HK,TOM GROUP,Equity,Equity Securities (Main Board),avg_turnover_30d_below_15m_hkd,17148.73,45
2385,2385.HK,READBOY,Equity,Equity Securities (Main Board),avg_turnover_30d_below_15m_hkd,1238914.87,45
2389,2389.HK,BJ HEALTH,Equity,Equity Securities (Main Board),avg_turnover_30d_below_15m_hkd,38257.0,45
2390,2390.HK,ZHIHU-W,Equity,Equity Securities (Main Board),avg_turnover_30d_below_15m_hkd,467235.31,45
2391,2391.HK,TUYA-W,Equity,Equity Securities (Main Board),avg_turnover_30d_below_15m_hkd,122943.93,45
2392,2392.HK,XUANWU CLOUD,Equity,Equity Securities (Main Board),avg_turnover_30d_below_15m_hkd,272483.07,45
2393,2393.HK,YESTAR HEALTH,Equity,Equity Securities (Main Board),avg_turnover_30d_below_15m_hkd,6051.46,45
2396,2396.HK,B&K CORP-B,Equity,Equity Securities (Main Board),avg_turnover_30d_below_15m_hkd,216668.27,45
2399,2399.HK,CN ANCHU ENERGY,Equity,Equity Securities (Main Board),avg_turnover_30d_below_15m_hkd,1426180.98,45
2405,2405.HK,POWERWIN TECH,Equity,Equity Securities (Main Board),avg_turnover_30d_below_15m_hkd,16086.67,45
2407,2407.HK,GAUSH MEDITECH,Equity,Equity Securities (Main Board),avg_turnover_30d_below_15m_hkd,77958.07,45
2408,2408.HK,XIAO NOODLES,Equity,Equity Securities (Main Board),avg_turnover_30d_below_15m_hkd,718407.97,45
2409,2409.HK,SEACON,Equity,Equity Securities (Main Board),avg_turnover_30d_below_15m_hkd,503858.34,45
2411,2411.HK,PAGODA GP,Equity,Equity Securities (Main Board),avg_turnover_30d_below_15m_hkd,4258251.41,45
2415,2415.HK,MEDSCI,Equity,Equity Securities (Main Board),avg_turnover_30d_below_15m_hkd,75529.46,45
2416,2416.HK,EDIANYUN,Equity,Equity Securities (Main Board),avg_turnover_30d_below_15m_hkd,2003593.15,45
2418,2418.HK,DEEWIN,Equity,Equity Securities (Main Board),avg_turnover_30d_below_15m_hkd,138068.25,45
2420,2420.HK,ZIBUYU,Equity,Equity Securities (Main Board),avg_turnover_30d_below_15m_hkd,1454882.52,45
2421,2421.HK,KRP DEVELOPMENT,Equity,Equity Securities (Main Board),avg_turnover_30d_below_15m_hkd,88128.07,45
2422,2422.HK,REGO INTERACT,Equity,Equity Securities (Main Board),avg_turnover_30d_below_15m_hkd,3607049.35,45
2425,2425.HK,AUSTASIA GROUP,Equity,Equity Securities (Main Board),avg_turnover_30d_below_15m_hkd,60193.62,45
2427,2427.HK,GUANZE MEDICAL,Equity,Equity Securities (Main Board),avg_turnover_30d_below_15m_hkd,495220.16,45
2429,2429.HK,UBOX ONLINE,Equity,Equity Securities (Main Board),avg_turnover_30d_below_15m_hkd,207996.5,45
2433,2433.HK,ZT HN GROUP,Equity,Equity Securities (Main Board),avg_turnover_30d_below_15m_hkd,19074.93,45
2436,2436.HK,LX TECHNOLOGY,Equity,Equity Securities (Main Board),avg_turnover_30d_below_15m_hkd,12285159.97,45
2438,2438.HK,MOBVOI,Equity,Equity Securities (Main Board),avg_turnover_30d_below_15m_hkd,199149.5,45
2439,2439.HK,CH TREASURES NM,Equity,Equity Securities (Main Board),avg_turnover_30d_below_15m_hkd,6342683.32,45
2440,2440.HK,MEMESTRATEGY,Equity,Equity Securities (Main Board),avg_turnover_30d_below_15m_hkd,74459.99,45
2443,2443.HK,AUTOSTREETS,Equity,Equity Securities (Main Board),avg_turnover_30d_below_15m_hkd,402433.97,45
2450,2450.HK,HUAIBEI GD CO,Equity,Equity Securities (Main Board),avg_turnover_30d_below_15m_hkd,4764703.12,45
2453,2453.HK,CONCORD HC GP,Equity,Equity Securities (Main Board),avg_turnover_30d_below_15m_hkd,91553.27,45
2455,2455.HK,RUNHUA SERVICE,Equity,Equity Securities (Main Board),avg_turnover_30d_below_15m_hkd,129011.33,45
2457,2457.HK,BUYANG INTL,Equity,Equity Securities (Main Board),avg_turnover_30d_below_15m_hkd,239395.0,45
2458,2458.HK,GALA TECH HOLD,Equity,Equity Securities (Main Board),avg_turnover_30d_below_15m_hkd,676914.26,45
2459,2459.HK,SANERGY GROUP,Equity,Equity Securities (Main Board),avg_turnover_30d_below_15m_hkd,458381.84,45
2460,2460.HK,CR BEVERAGE,Equity,Equity Securities (Main Board),avg_turnover_30d_below_15m_hkd,7081992.48,45
2469,2469.HK,FENBI,Equity,Equity Securities (Main Board),avg_turnover_30d_below_15m_hkd,1012721.91,45
2479,2479.HK,TIANJUDIHE,Equity,Equity Securities (Main Board),avg_turnover_30d_below_15m_hkd,0.0,45
2480,2480.HK,LUZHU BIOTECH-B,Equity,Equity Securities (Main Board),avg_turnover_30d_below_15m_hkd,4029.67,45
2481,2481.HK,SL GEMINI,Equity,Equity Securities (Main Board),avg_turnover_30d_below_15m_hkd,10320.0,45
2482,2482.HK,LOGORY,Equity,Equity Securities (Main Board),avg_turnover_30d_below_15m_hkd,16201.83,45
2483,2483.HK,K CASH,Equity,Equity Securities (Main Board),avg_turnover_30d_below_15m_hkd,12231.33,45
2486,2486.HK,PLUS GP HOLDING,Equity,Equity Securities (Main Board),avg_turnover_30d_below_15m_hkd,99131.3,45
2487,2487.HK,CUTIA-B,Equity,Equity Securities (Main Board),avg_turnover_30d_below_15m_hkd,531404.37,45
2488,2488.HK,LAUNCH TECH,Equity,Equity Securities (Main Board),avg_turnover_30d_below_15m_hkd,2526165.55,45
2489,2489.HK,PERSISTENCEGOLD,Equity,Equity Securities (Main Board),avg_turnover_30d_below_15m_hkd,1123410.18,45
2490,2490.HK,LC HOLDING,Equity,Equity Securities (Main Board),avg_turnover_30d_below_15m_hkd,7521240.98,45
2493,2493.HK,MABWELL-B,Equity,Equity Securities (Main Board),avg_turnover_30d_below_15m_hkd,5109128.34,45
2495,2495.HK,VOICECOMM,Equity,Equity Securities (Main Board),avg_turnover_30d_below_15m_hkd,893003.4,45
2496,2496.HK,YZYBIO-B,Equity,Equity Securities (Main Board),avg_turnover_30d_below_15m_hkd,21.33,45
2497,2497.HK,FUJING HOLDINGS,Equity,Equity Securities (Main Board),avg_turnover_30d_below_15m_hkd,509573.34,45
2499,2499.HK,FOLANGSI,Equity,Equity Securities (Main Board),avg_turnover_30d_below_15m_hkd,22062.57,45
2500,2500.HK,VENUS MEDTECH-B,Equity,Equity Securities (Main Board),avg_turnover_30d_below_15m_hkd,989393.71,45
2501,2501.HK,MAIYUE TECH,Equity,Equity Securities (Main Board),avg_turnover_30d_below_15m_hkd,4687430.74,45
2502,2502.HK,JINYUAN HCHEM,Equity,Equity Securities (Main Board),avg_turnover_30d_below_15m_hkd,40114.67,45
2503,2503.HK,ZHONGSHENJIANYE,Equity,Equity Securities (Main Board),avg_turnover_30d_below_15m_hkd,2025180.94,45
2505,2505.HK,EDA GROUP HLDGS,Equity,Equity Securities (Main Board),avg_turnover_30d_below_15m_hkd,29694.33,45
2506,2506.HK,XUNFEIHEALTH,Equity,Equity Securities (Main Board),avg_turnover_30d_below_15m_hkd,7385060.59,45
2508,2508.HK,SAINT BELLA GP,Equity,Equity Securities (Main Board),avg_turnover_30d_below_15m_hkd,1104527.67,45
2509,2509.HK,QYUNS-B,Equity,Equity Securities (Main Board),avg_turnover_30d_below_15m_hkd,1629153.25,45
2511,2511.HK,HIGHTIDE-B,Equity,Equity Securities (Main Board),avg_turnover_30d_below_15m_hkd,1981139.25,45
2512,2512.HK,CLOUD FACTORY,Equity,Equity Securities (Main Board),avg_turnover_30d_below_15m_hkd,14896.83,45
2515,2515.HK,TJCD,Equity,Equity Securities (Main Board),avg_turnover_30d_below_15m_hkd,1512820.54,45
2516,2516.HK,FAR INTL,Equity,Equity Securities (Main Board),avg_turnover_30d_below_15m_hkd,1320888.67,45
2517,2517.HK,GUOQUAN,Equity,Equity Securities (Main Board),avg_turnover_30d_below_15m_hkd,14730498.25,45
2518,2518.HK,AUTOHOME-S,Equity,Equity Securities (Main Board),avg_turnover_30d_below_15m_hkd,217961.96,45
2519,2519.HK,AUGROUP,Equity,Equity Securities (Main Board),avg_turnover_30d_below_15m_hkd,18994.3,45
2520,2520.HK,SHANXI INSTALL,Equity,Equity Securities (Main Board),avg_turnover_30d_below_15m_hkd,118758.0,45
2521,2521.HK,SHENGHUI CLEAN,Equity,Equity Securities (Main Board),avg_turnover_30d_below_15m_hkd,711572.5,45
2522,2522.HK,RIMAG GROUP,Equity,Equity Securities (Main Board),avg_turnover_30d_below_15m_hkd,2608132.36,45
2528,2528.HK,FW FASHION INT,Equity,Equity Securities (Main Board),avg_turnover_30d_below_15m_hkd,47085.33,45
2529,2529.HK,HOLLWIN URBAN,Equity,Equity Securities (Main Board),avg_turnover_30d_below_15m_hkd,6730.5,45
2530,2530.HK,NUMANS,Equity,Equity Securities (Main Board),avg_turnover_30d_below_15m_hkd,289441.34,45
2531,2531.HK,CARLINK TECH,Equity,Equity Securities (Main Board),avg_turnover_30d_below_15m_hkd,12744.17,45
2535,2535.HK,WK GROUP,Equity,Equity Securities (Main Board),avg_turnover_30d_below_15m_hkd,6235948.29,45
2536,2536.HK,PALASINO,Equity,Equity Securities (Main Board),avg_turnover_30d_below_15m_hkd,466822.67,45
2539,2539.HK,LEMO SERVICES,Equity,Equity Securities (Main Board),avg_turnover_30d_below_15m_hkd,51096.7,45
2540,2540.HK,LESI GROUP,Equity,Equity Securities (Main Board),avg_turnover_30d_below_15m_hkd,26353.9,45
2543,2543.HK,DAHON TECH,Equity,Equity Securities (Main Board),avg_turnover_30d_below_15m_hkd,1548893.24,45
2545,2545.HK,ZHONGGAN COMM,Equity,Equity Securities (Main Board),avg_turnover_30d_below_15m_hkd,50048.0,45
2546,2546.HK,ZHIHUI MINING,Equity,Equity Securities (Main Board),avg_turnover_30d_below_15m_hkd,12489456.61,45
2549,2549.HK,CAROTE LTD,Equity,Equity Securities (Main Board),avg_turnover_30d_below_15m_hkd,414329.17,45
2550,2550.HK,EASOU TECH,Equity,Equity Securities (Main Board),avg_turnover_30d_below_15m_hkd,1659496.25,45
2551,2551.HK,APT ELECTRONICS,Equity,Equity Securities (Main Board),avg_turnover_30d_below_15m_hkd,36357.83,45
2552,2552.HK,HUA MEDICINE-B,Equity,Equity Securities (Main Board),avg_turnover_30d_below_15m_hkd,3710026.58,45
2553,2553.HK,SHOUGANG LANZA,Equity,Equity Securities (Main Board),avg_turnover_30d_below_15m_hkd,12639434.78,45
2555,2555.HK,CHABAIDAO,Equity,Equity Securities (Main Board),avg_turnover_30d_below_15m_hkd,3872791.43,45
2558,2558.HK,JINSHANG BANK,Equity,Equity Securities (Main Board),avg_turnover_30d_below_15m_hkd,5075.67,45
2559,2559.HK,DIDA INC-PF,Equity,Equity Securities (Main Board),avg_turnover_30d_below_15m_hkd,1316532.39,45
2560,2560.HK,CONCH MAT TECH,Equity,Equity Securities (Main Board),avg_turnover_30d_below_15m_hkd,79548.5,45
2561,2561.HK,VISEN PHARMA-B,Equity,Equity Securities (Main Board),avg_turnover_30d_below_15m_hkd,202663.13,45
2562,2562.HK,SYNAGISTICS,Equity,Equity Securities (Main Board),avg_turnover_30d_below_15m_hkd,7213249.12,45
2563,2563.HK,BIOSTAR PHARM-B,Equity,Equity Securities (Main Board),avg_turnover_30d_below_15m_hkd,167224.6,45
2566,2566.HK,JIUYUAN GENE,Equity,Equity Securities (Main Board),avg_turnover_30d_below_15m_hkd,474997.38,45
2567,2567.HK,QINIU,Equity,Equity Securities (Main Board),avg_turnover_30d_below_15m_hkd,198683.17,45
2569,2569.HK,SOFT INTL,Equity,Equity Securities (Main Board),avg_turnover_30d_below_15m_hkd,540485.83,45
2570,2570.HK,REFIRE,Equity,Equity Securities (Main Board),avg_turnover_30d_below_15m_hkd,6191323.18,45
2571,2571.HK,SAIMO,Equity,Equity Securities (Main Board),avg_turnover_30d_below_15m_hkd,781086.25,45
2573,2573.HK,NEWTREND GROUP,Equity,Equity Securities (Main Board),avg_turnover_30d_below_15m_hkd,55182.57,45
2576,2576.HK,TAIMEI TECH,Equity,Equity Securities (Main Board),avg_turnover_30d_below_15m_hkd,2843705.63,45
2580,2580.HK,AUX ELECTRIC,Equity,Equity Securities (Main Board),avg_turnover_30d_below_15m_hkd,10507684.13,45
2581,2581.HK,BENQ HOLDING,Equity,Equity Securities (Main Board),avg_turnover_30d_below_15m_hkd,49035.0,45
2582,2582.HK,GUOFUHEE,Equity,Equity Securities (Main Board),avg_turnover_30d_below_15m_hkd,9083123.03,45
2585,2585.HK,MOKINGRAN,Equity,Equity Securities (Main Board),avg_turnover_30d_below_15m_hkd,14934533.31,45
2587,2587.HK,HEALTHYWAY INC,Equity,Equity Securities (Main Board),avg_turnover_30d_below_15m_hkd,9831670.26,45
2592,2592.HK,CLOUDBREAK-B,Equity,Equity Securities (Main Board),avg_turnover_30d_below_15m_hkd,39005.17,45
2593,2593.HK,HERBS GROUP,Equity,Equity Securities (Main Board),avg_turnover_30d_below_15m_hkd,84091.2,45
2596,2596.HK,YIBIN BANK,Equity,Equity Securities (Main Board),avg_turnover_30d_below_15m_hkd,27563.67,45
2597,2597.HK,XUNZHONG,Equity,Equity Securities (Main Board),avg_turnover_30d_below_15m_hkd,491132.0,45
2598,2598.HK,LIANLIAN,Equity,Equity Securities (Main Board),avg_turnover_30d_below_15m_hkd,3436303.56,45
2605,2605.HK,METALIGHT,Equity,Equity Securities (Main Board),avg_turnover_30d_below_15m_hkd,99453.86,45
2608,2608.HK,SUNSHINE 100,Equity,Equity Securities (Main Board),avg_turnover_30d_below_15m_hkd,296576.66,45
2613,2613.HK,CONTIOCEAN,Equity,Equity Securities (Main Board),avg_turnover_30d_below_15m_hkd,6725.73,45
2619,2619.HK,XJ ELECTRICS,Equity,Equity Securities (Main Board),avg_turnover_30d_below_15m_hkd,52372.67,45
2621,2621.HK,SHOUHUI GROUP,Equity,Equity Securities (Main Board),avg_turnover_30d_below_15m_hkd,38668.4,45
2623,2623.HK,HK GOLD IND GP,Equity,Equity Securities (Main Board),avg_turnover_30d_below_15m_hkd,4469307.69,45
2625,2625.HK,JIANGSU HORIZON,Equity,Equity Securities (Main Board),avg_turnover_30d_below_15m_hkd,813515.84,45
2627,2627.HK,AB&B BIO-TECH-B,Equity,Equity Securities (Main Board),avg_turnover_30d_below_15m_hkd,0.0,45
2629,2629.HK,MIRXES-B,Equity,Equity Securities (Main Board),avg_turnover_30d_below_15m_hkd,0.0,45
2630,2630.HK,VIGONVITA-B,Equity,Equity Securities (Main Board),avg_turnover_30d_below_15m_hkd,7898046.03,45
2632,2632.HK,NEW VISION CO,Equity,Equity Securities (Main Board),avg_turnover_30d_below_15m_hkd,7787342.35,45
2633,2633.HK,JACOBSON PHARMA,Equity,Equity Securities (Main Board),avg_turnover_30d_below_15m_hkd,341435.79,45
2649,2649.HK,ALSCO POOLING,Equity,Equity Securities (Main Board),avg_turnover_30d_below_15m_hkd,0.0,45
2651,2651.HK,DAZHONG DENTAL,Equity,Equity Securities (Main Board),avg_turnover_30d_below_15m_hkd,2204968.44,45
2657,2657.HK,FOREST CABIN,Equity,Equity Securities (Main Board),avg_turnover_30d_below_15m_hkd,3798340.22,45
2658,2658.HK,TIANYU SEMI,Equity,Equity Securities (Main Board),avg_turnover_30d_below_15m_hkd,6720085.63,45
2659,2659.HK,BAO PHARMA-B,Equity,Equity Securities (Main Board),avg_turnover_30d_below_15m_hkd,6820344.38,45
2660,2660.HK,ZENGAME,Equity,Equity Securities (Main Board),avg_turnover_30d_below_15m_hkd,822329.61,45
2663,2663.HK,KPA-BM HLDGS,Equity,Equity Securities (Main Board),avg_turnover_30d_below_15m_hkd,275610.0,45
2665,2665.HK,SEYOND,Equity,Equity Securities (Main Board),avg_turnover_30d_below_15m_hkd,8469427.79,45
2667,2667.HK,TONGRENTANGCARE,Equity,Equity Securities (Main Board),avg_turnover_30d_below_15m_hkd,292600.05,45
2668,2668.HK,PAK TAK INT'L,Equity,Equity Securities (Main Board),avg_turnover_30d_below_15m_hkd,14389518.29,45
2671,2671.HK,USAS BUILDING,Equity,Equity Securities (Main Board),avg_turnover_30d_below_15m_hkd,35079.55,45
2675,2675.HK,EDGE MEDICAL-B,Equity,Equity Securities (Main Board),avg_turnover_30d_below_15m_hkd,14965179.42,45
2677,2677.HK,DISTINCT HEALTH,Equity,Equity Securities (Main Board),avg_turnover_30d_below_15m_hkd,109331.0,45
2678,2678.HK,TEXHONG INTL GP,Equity,Equity Securities (Main Board),avg_turnover_30d_below_15m_hkd,1226431.46,45
2680,2680.HK,AUSTRAX HLDGS,Equity,Equity Securities (Main Board),avg_turnover_30d_below_15m_hkd,106407.33,45
2682,2682.HK,YUN LEE MARINE,Equity,Equity Securities (Main Board),avg_turnover_30d_below_15m_hkd,59018.4,45
2683,2683.HK,WAHSUN HANDBAGS,Equity,Equity Securities (Main Board),avg_turnover_30d_below_15m_hkd,94615.67,45
2691,2691.HK,NANHUA FUTURES,Equity,Equity Securities (Main Board),avg_turnover_30d_below_15m_hkd,13653640.67,45
2692,2692.HK,ZHAOWEI,Equity,Equity Securities (Main Board),avg_turnover_30d_below_15m_hkd,12405336.94,45
2693,2693.HK,JINYAN KAOLIN,Equity,Equity Securities (Main Board),avg_turnover_30d_below_15m_hkd,47406.0,45
2695,2695.HK,IMPRESSION DHP,Equity,Equity Securities (Main Board),avg_turnover_30d_below_15m_hkd,146487.83,45
2699,2699.HK,XINMING CHINA,Equity,Equity Securities (Main Board),avg_turnover_30d_below_15m_hkd,2256469.05,45
2700,2700.HK,GREEN INTL HLDG,Equity,Equity Securities (Main Board),avg_turnover_30d_below_15m_hkd,29852.24,45
2720,2720.HK,RIDGE OUTDOOR,Equity,Equity Securities (Main Board),avg_turnover_30d_below_15m_hkd,1032955.34,45
2722,2722.HK,CHONGQING M&E,Equity,Equity Securities (Main Board),avg_turnover_30d_below_15m_hkd,9493278.08,45
2728,2728.HK,JINTAI ENGY-NEW,Equity,Equity Securities (Main Board),avg_turnover_30d_below_15m_hkd,120704.1,45
2738,2738.HK,HUAJIN INTL,Equity,Equity Securities (Main Board),avg_turnover_30d_below_15m_hkd,1004110.97,45
2772,2772.HK,ZHONGLIANG HLDG,Equity,Equity Securities (Main Board),avg_turnover_30d_below_15m_hkd,217615.91,45
2777,2777.HK,R&F PROPERTIES,Equity,Equity Securities (Main Board),avg_turnover_30d_below_15m_hkd,655176.19,45
2778,2778.HK,CHAMPION REIT,Real Estate Investment Trusts,,avg_turnover_30d_below_15m_hkd,3462589.26,45
2779,2779.HK,CH XINHUA EDU,Equity,Equity Securities (Main Board),avg_turnover_30d_below_15m_hkd,130196.17,45
2789,2789.HK,YUANDA CHINA,Equity,Equity Securities (Main Board),avg_turnover_30d_below_15m_hkd,103018.6,45
2797,2797.HK,QIYUNSHAN FOOD,Equity,Equity Securities (Main Board),avg_turnover_30d_below_15m_hkd,3911407.83,45
2798,2798.HK,PER ENERGY,Equity,Equity Securities (Main Board),avg_turnover_30d_below_15m_hkd,360945.84,45
2801,2801.HK,ISHARES CHINA,Exchange Traded Products,Exchange Traded Funds,avg_turnover_30d_below_15m_hkd,5160238.44,44
2803,2803.HK,PP BEDROCK,Exchange Traded Products,Exchange Traded Funds,avg_turnover_30d_below_15m_hkd,2395.0,44
2804,2804.HK,PREMIA VIET,Exchange Traded Products,Exchange Traded Funds,avg_turnover_30d_below_15m_hkd,58702.5,44
2805,2805.HK,CG BS CNASEAN,Exchange Traded Products,Exchange Traded Funds,avg_turnover_30d_below_15m_hkd,16280.0,27
2806,2806.HK,GX CN CONSUME,Exchange Traded Products,Exchange Traded Funds,avg_turnover_30d_below_15m_hkd,91989.94,44
2807,2807.HK,GX CN ROBO&AI,Exchange Traded Products,Exchange Traded Funds,avg_turnover_30d_below_15m_hkd,2280854.08,44
2809,2809.HK,GX CN CLN EN,Exchange Traded Products,Exchange Traded Funds,avg_turnover_30d_below_15m_hkd,279965.23,44
2810,2810.HK,PREMIAEMASEAN,Exchange Traded Products,Exchange Traded Funds,avg_turnover_30d_below_15m_hkd,498303.23,44
2811,2811.HK,A VP OPTICAL,Exchange Traded Products,Exchange Traded Funds,avg_turnover_30d_below_15m_hkd,1160287.97,1
2812,2812.HK,SAMSUNGCDGN,Exchange Traded Products,Exchange Traded Funds,avg_turnover_30d_below_15m_hkd,97770.85,44
2814,2814.HK,SAMSUNG FANG,Exchange Traded Products,Exchange Traded Funds,avg_turnover_30d_below_15m_hkd,110514.4,44
2815,2815.HK,GX CN LIL GIANT,Exchange Traded Products,Exchange Traded Funds,avg_turnover_30d_below_15m_hkd,207276.63,44
2817,2817.HK,PP CGBOND,Exchange Traded Products,Exchange Traded Funds,avg_turnover_30d_below_15m_hkd,109744.4,44
2818,2818.HK,PANDO BITCOIN,Exchange Traded Products,Exchange Traded Funds,avg_turnover_30d_below_15m_hkd,511897.35,44
2819,2819.HK,ABF HK IDX ETF,Exchange Traded Products,Exchange Traded Funds,avg_turnover_30d_below_15m_hkd,865857.44,44
2820,2820.HK,GX CN BIOTECH,Exchange Traded Products,Exchange Traded Funds,avg_turnover_30d_below_15m_hkd,1151759.53,44
2824,2824.HK,EFUND GOLD MI,Exchange Traded Products,Exchange Traded Funds,avg_turnover_30d_below_15m_hkd,2999197.3,44
2825,2825.HK,WISECSIHK100ETF,Exchange Traded Products,Exchange Traded Funds,avg_turnover_30d_below_15m_hkd,195857.47,44
2826,2826.HK,GX CN CLOUD,Exchange Traded Products,Exchange Traded Funds,avg_turnover_30d_below_15m_hkd,143678.89,44
2827,2827.HK,WISE CSI300 ETF,Exchange Traded Products,Exchange Traded Funds,avg_turnover_30d_below_15m_hkd,463085.17,44
2829,2829.HK,ISHARESCGB,Exchange Traded Products,Exchange Traded Funds,avg_turnover_30d_below_15m_hkd,6249464.39,44
2830,2830.HK,CSOP SAUDI,Exchange Traded Products,Exchange Traded Funds,avg_turnover_30d_below_15m_hkd,25456.15,44
2832,2832.HK,BOSERA STAR50,Exchange Traded Products,Exchange Traded Funds,avg_turnover_30d_below_15m_hkd,273828.73,44
2834,2834.HK,ISHARESND100,Exchange Traded Products,Exchange Traded Funds,avg_turnover_30d_below_15m_hkd,9275909.04,44
2835,2835.HK,PHILLIP HKNEWEQ,Exchange Traded Products,Exchange Traded Funds,avg_turnover_30d_below_15m_hkd,13595.28,44
2836,2836.HK,ISHARES INDIA,Exchange Traded Products,Exchange Traded Funds,avg_turnover_30d_below_15m_hkd,1269678.93,44
2837,2837.HK,GX HS TECH,Exchange Traded Products,Exchange Traded Funds,avg_turnover_30d_below_15m_hkd,5772300.57,44
2838,2838.HK,HS FCI50 ETF,Exchange Traded Products,Exchange Traded Funds,avg_turnover_30d_below_15m_hkd,13466.17,44
2839,2839.HK,CAM MSCI A50,Exchange Traded Products,Exchange Traded Funds,avg_turnover_30d_below_15m_hkd,739081.72,44
2841,2841.HK,GX CN MEDTECH,Exchange Traded Products,Exchange Traded Funds,avg_turnover_30d_below_15m_hkd,1604.5,44
2843,2843.HK,AMUNDI A50,Exchange Traded Products,Exchange Traded Funds,avg_turnover_30d_below_15m_hkd,7198.67,44
2845,2845.HK,GX CN EV BATT,Exchange Traded Products,Exchange Traded Funds,avg_turnover_30d_below_15m_hkd,1317003.74,44
2846,2846.HK,ISHARESCSI300,Exchange Traded Products,Exchange Traded Funds,avg_turnover_30d_below_15m_hkd,4570066.86,44
2848,2848.HK,TRMSCIKOREA,Exchange Traded Products,Exchange Traded Funds,avg_turnover_30d_below_15m_hkd,1117502.9,44
2863,2863.HK,GOLDEN FAITH GP,Equity,Equity Securities (Main Board),avg_turnover_30d_below_15m_hkd,3309704.25,45
2866,2866.HK,COSCO SHIP DEV,Equity,Equity Securities (Main Board),avg_turnover_30d_below_15m_hkd,7841363.3,45
2869,2869.HK,GREENTOWN SER,Equity,Equity Securities (Main Board),avg_turnover_30d_below_15m_hkd,14078351.67,45
2878,2878.HK,SOLOMON SYSTECH,Equity,Equity Securities (Main Board),avg_turnover_30d_below_15m_hkd,214604.07,45
2880,2880.HK,LIAONING PORT,Equity,Equity Securities (Main Board),avg_turnover_30d_below_15m_hkd,1909521.68,45
2881,2881.HK,WUHAN YOUJI,Equity,Equity Securities (Main Board),avg_turnover_30d_below_15m_hkd,64281.25,45
2882,2882.HK,3DG HOLDINGS,Equity,Equity Securities (Main Board),avg_turnover_30d_below_15m_hkd,5409.64,45
2885,2885.HK,PEIPORT HOLD,Equity,Equity Securities (Main Board),avg_turnover_30d_below_15m_hkd,276880.0,45
2886,2886.HK,BINHAI INV,Equity,Equity Securities (Main Board),avg_turnover_30d_below_15m_hkd,167793.66,45
2892,2892.HK,MILLION CITIES,Equity,Equity Securities (Main Board),avg_turnover_30d_below_15m_hkd,9672.33,45
2898,2898.HK,SUNHO BIO-B,Equity,Equity Securities (Main Board),avg_turnover_30d_below_15m_hkd,0.0,45
2913,2913.HK,TIAN CHENG-OLD,Equity,Equity Securities (Main Board),avg_turnover_30d_below_15m_hkd,9423.8,20
2920,2920.HK,BONJOUR H-OLD,Equity,Equity Securities (Main Board),avg_turnover_30d_below_15m_hkd,442116.12,12
2921,2921.HK,CAPITAL IND-OLD,Equity,Equity Securities (Main Board),avg_turnover_30d_below_15m_hkd,95046.75,15
2925,2925.HK,JINTAI ENGY-OLD,Equity,Equity Securities (Main Board),avg_turnover_30d_below_15m_hkd,14173.92,12
2933,2933.HK,YUK WING GP RTS,Equity,Equity Securities (Main Board),avg_turnover_30d_below_15m_hkd,8649864.0,1
2938,2938.HK,KING INTL INV,Equity,Equity Securities (Main Board),avg_turnover_30d_below_15m_hkd,1244135.24,1
3001,3001.HK,PP CNUSDPROP,Exchange Traded Products,Exchange Traded Funds,avg_turnover_30d_below_15m_hkd,16317.36,44
3002,3002.HK,A MBC BTCGOLD,Exchange Traded Products,Exchange Traded Funds,avg_turnover_30d_below_15m_hkd,244.37,16
3003,3003.HK,CSOP MSCI A 50,Exchange Traded Products,Exchange Traded Funds,avg_turnover_30d_below_15m_hkd,1786804.08,44
3004,3004.HK,CSOP VIETNAM30,Exchange Traded Products,Exchange Traded Funds,avg_turnover_30d_below_15m_hkd,89585.71,44
3005,3005.HK,X CSOPCSI500,Exchange Traded Products,Exchange Traded Funds,avg_turnover_30d_below_15m_hkd,72506.27,44
3006,3006.HK,A GX AI TECH,Exchange Traded Products,Exchange Traded Funds,avg_turnover_30d_below_15m_hkd,68437.42,44
3007,3007.HK,TR MSCI CHINA A,Exchange Traded Products,Exchange Traded Funds,avg_turnover_30d_below_15m_hkd,0.0,44
3008,3008.HK,BOS HSK BTC,Exchange Traded Products,Exchange Traded Funds,avg_turnover_30d_below_15m_hkd,2144265.31,44
3009,3009.HK,BOS HSK ETH,Exchange Traded Products,Exchange Traded Funds,avg_turnover_30d_below_15m_hkd,620015.44,44
3012,3012.HK,AMUNDI HK35,Exchange Traded Products,Exchange Traded Funds,avg_turnover_30d_below_15m_hkd,747.33,44
3014,3014.HK,GXCOPPERMINER,Exchange Traded Products,Exchange Traded Funds,avg_turnover_30d_below_15m_hkd,85052.46,12
3015,3015.HK,X TRNIFTY50,Exchange Traded Products,Exchange Traded Funds,avg_turnover_30d_below_15m_hkd,935.25,44
3020,3020.HK,X TRMSCIUSA,Exchange Traded Products,Exchange Traded Funds,avg_turnover_30d_below_15m_hkd,815661.0,44
3024,3024.HK,WISE SSE50ETF,Exchange Traded Products,Exchange Traded Funds,avg_turnover_30d_below_15m_hkd,32955.0,44
3029,3029.HK,GX HS ESG,Exchange Traded Products,Exchange Traded Funds,avg_turnover_30d_below_15m_hkd,5046.41,44
3030,3030.HK,CSOP GOLD,Exchange Traded Products,Exchange Traded Funds,avg_turnover_30d_below_15m_hkd,1021980.77,44
3031,3031.HK,FG HS HIGHDIV,Exchange Traded Products,Exchange Traded Funds,avg_turnover_30d_below_15m_hkd,4306290.98,44
3034,3034.HK,CSOP NASDAQ100,Exchange Traded Products,Exchange Traded Funds,avg_turnover_30d_below_15m_hkd,143373.84,44
3036,3036.HK,TRMSCITAIWAN,Exchange Traded Products,Exchange Traded Funds,avg_turnover_30d_below_15m_hkd,46220.45,44
3037,3037.HK,CSOP HSI ETF,Exchange Traded Products,Exchange Traded Funds,avg_turnover_30d_below_15m_hkd,1073248.96,44
3039,3039.HK,EFUNDHSIESG,Exchange Traded Products,Exchange Traded Funds,avg_turnover_30d_below_15m_hkd,650690.8,44
3040,3040.HK,GX MSCI CHINA,Exchange Traded Products,Exchange Traded Funds,avg_turnover_30d_below_15m_hkd,478369.55,44
3041,3041.HK,GX CN PB BOND,Exchange Traded Products,Exchange Traded Funds,avg_turnover_30d_below_15m_hkd,0.0,44
3042,3042.HK,CAM BTC,Exchange Traded Products,Exchange Traded Funds,avg_turnover_30d_below_15m_hkd,8840411.29,44
3046,3046.HK,CAM ETH,Exchange Traded Products,Exchange Traded Funds,avg_turnover_30d_below_15m_hkd,2310203.08,44
3047,3047.HK,F SSIFIRONORE,Exchange Traded Products,Exchange Traded Funds,avg_turnover_30d_below_15m_hkd,274711.46,44
3050,3050.HK,GX CN GL LEADER,Exchange Traded Products,Exchange Traded Funds,avg_turnover_30d_below_15m_hkd,101271.3,44
3053,3053.HK,A CSOP HKD MM,Exchange Traded Products,Exchange Traded Funds,avg_turnover_30d_below_15m_hkd,4821068.93,44
3056,3056.HK,A PANDO INNO,Exchange Traded Products,Exchange Traded Funds,avg_turnover_30d_below_15m_hkd,209751.93,44
3059,3059.HK,GX AGREENBOND,Exchange Traded Products,Exchange Traded Funds,avg_turnover_30d_below_15m_hkd,21281.67,44
3064,3064.HK,GX APAC,Exchange Traded Products,Exchange Traded Funds,avg_turnover_30d_below_15m_hkd,138764.46,44
3066,3066.HK,FA CSOP BTC,Exchange Traded Products,Exchange Traded Funds,avg_turnover_30d_below_15m_hkd,2045258.7,44
3068,3068.HK,FA CSOP ETH,Exchange Traded Products,Exchange Traded Funds,avg_turnover_30d_below_15m_hkd,402679.51,44
3070,3070.HK,PING AN HKDIV,Exchange Traded Products,Exchange Traded Funds,avg_turnover_30d_below_15m_hkd,5145864.62,44
3071,3071.HK,A CICC HKD,Exchange Traded Products,Exchange Traded Funds,avg_turnover_30d_below_15m_hkd,215379.66,44
3074,3074.HK,ISHARESMSCITW,Exchange Traded Products,Exchange Traded Funds,avg_turnover_30d_below_15m_hkd,4554883.83,44
3075,3075.HK,GX ASUSD BOND,Exchange Traded Products,Exchange Traded Funds,avg_turnover_30d_below_15m_hkd,198510.8,44
3076,3076.HK,FB TW SEMICON,Exchange Traded Products,Exchange Traded Funds,avg_turnover_30d_below_15m_hkd,954465.48,44
3077,3077.HK,PREMIA UST,Exchange Traded Products,Exchange Traded Funds,avg_turnover_30d_below_15m_hkd,43473.69,44
3084,3084.HK,A GX INDIA,Exchange Traded Products,Exchange Traded Funds,avg_turnover_30d_below_15m_hkd,1574.13,44
3085,3085.HK,PANDO ETH,Exchange Traded Products,Exchange Traded Funds,avg_turnover_30d_below_15m_hkd,5511.85,44
3086,3086.HK,CAM NASDAQ100,Exchange Traded Products,Exchange Traded Funds,avg_turnover_30d_below_15m_hkd,6297434.09,44
3087,3087.HK,X TRVIET,Exchange Traded Products,Exchange Traded Funds,avg_turnover_30d_below_15m_hkd,410974.54,44
3093,3093.HK,FG ROBOTICS,Exchange Traded Products,Exchange Traded Funds,avg_turnover_30d_below_15m_hkd,28047.75,2
3096,3096.HK,A CSOP USD MM,Exchange Traded Products,Exchange Traded Funds,avg_turnover_30d_below_15m_hkd,3535103.09,44
3097,3097.HK,F GX OIL,Exchange Traded Products,Exchange Traded Funds,avg_turnover_30d_below_15m_hkd,2414554.97,44
3101,3101.HK,CSOP A500,Exchange Traded Products,Exchange Traded Funds,avg_turnover_30d_below_15m_hkd,10723.43,44
3102,3102.HK,ICBCU KS KWEB,Exchange Traded Products,Exchange Traded Funds,avg_turnover_30d_below_15m_hkd,15985.33,44
3104,3104.HK,A GX EM ASIA,Exchange Traded Products,Exchange Traded Funds,avg_turnover_30d_below_15m_hkd,329.7,44
3108,3108.HK,HGI ESGLEADER,Exchange Traded Products,Exchange Traded Funds,avg_turnover_30d_below_15m_hkd,185534.87,44
3109,3109.HK,CSOP STAR 50,Exchange Traded Products,Exchange Traded Funds,avg_turnover_30d_below_15m_hkd,7102481.26,44
3111,3111.HK,EFUNDMSCIA50,Exchange Traded Products,Exchange Traded Funds,avg_turnover_30d_below_15m_hkd,439062.61,44
3112,3112.HK,A PANDO BLKC,Exchange Traded Products,Exchange Traded Funds,avg_turnover_30d_below_15m_hkd,172439.53,44
3115,3115.HK,ISHARESHSI,Exchange Traded Products,Exchange Traded Funds,avg_turnover_30d_below_15m_hkd,2938193.63,44
3116,3116.HK,GX AP HIGH DIV,Exchange Traded Products,Exchange Traded Funds,avg_turnover_30d_below_15m_hkd,372167.24,44
3118,3118.HK,HGI MSCI CN A,Exchange Traded Products,Exchange Traded Funds,avg_turnover_30d_below_15m_hkd,0.0,44
3122,3122.HK,A CSOP RMB MM,Exchange Traded Products,Exchange Traded Funds,avg_turnover_30d_below_15m_hkd,18769.42,44
3128,3128.HK,HS AINDTOPETF,Exchange Traded Products,Exchange Traded Funds,avg_turnover_30d_below_15m_hkd,8734.11,44
3129,3129.HK,BOCGBACLIMATE,Exchange Traded Products,Exchange Traded Funds,avg_turnover_30d_below_15m_hkd,379.0,44
3132,3132.HK,SAMSUNG SEMICON,Exchange Traded Products,Exchange Traded Funds,avg_turnover_30d_below_15m_hkd,1237136.09,44
3133,3133.HK,CSOP CSI300,Exchange Traded Products,Exchange Traded Funds,avg_turnover_30d_below_15m_hkd,432356.96,44
3134,3134.HK,CSOP CSI PV,Exchange Traded Products,Exchange Traded Funds,avg_turnover_30d_below_15m_hkd,55455.08,44
3135,3135.HK,FA SAMSUNG BTC,Exchange Traded Products,Exchange Traded Funds,avg_turnover_30d_below_15m_hkd,179327.87,44
3136,3136.HK,HSI ESG ETF,Exchange Traded Products,Exchange Traded Funds,avg_turnover_30d_below_15m_hkd,51388.67,44
3137,3137.HK,A GX USD MM,Exchange Traded Products,Exchange Traded Funds,avg_turnover_30d_below_15m_hkd,769512.51,45
3139,3139.HK,A GX EV ROBOT,Exchange Traded Products,Exchange Traded Funds,avg_turnover_30d_below_15m_hkd,15666.97,44
3140,3140.HK,CAM HKUS AI,Exchange Traded Products,Exchange Traded Funds,avg_turnover_30d_below_15m_hkd,86693.2,44
3141,3141.HK,CAM ASIA IGB,Exchange Traded Products,Exchange Traded Funds,avg_turnover_30d_below_15m_hkd,206621.46,44
3143,3143.HK,DC CG HKEXBURSA,Exchange Traded Products,Exchange Traded Funds,avg_turnover_30d_below_15m_hkd,495.5,2
3146,3146.HK,CAM 20 UST,Exchange Traded Products,Exchange Traded Funds,avg_turnover_30d_below_15m_hkd,68629.78,44
3147,3147.HK,X CSOPCHINEXT,Exchange Traded Products,Exchange Traded Funds,avg_turnover_30d_below_15m_hkd,3631260.49,44
3149,3149.HK,CSOP PIONR TECH,Exchange Traded Products,Exchange Traded Funds,avg_turnover_30d_below_15m_hkd,787085.83,3
3150,3150.HK,GX JP GL LEADER,Exchange Traded Products,Exchange Traded Funds,avg_turnover_30d_below_15m_hkd,83969.43,44
3151,3151.HK,PREMIA STAR50,Exchange Traded Products,Exchange Traded Funds,avg_turnover_30d_below_15m_hkd,6235582.68,44
3152,3152.HK,A BOS HKD MM,Exchange Traded Products,Exchange Traded Funds,avg_turnover_30d_below_15m_hkd,6485824.01,45
3153,3153.HK,CSOP NIKKEI225,Exchange Traded Products,Exchange Traded Funds,avg_turnover_30d_below_15m_hkd,2742543.0,44
3156,3156.HK,BOS 20 UST,Exchange Traded Products,Exchange Traded Funds,avg_turnover_30d_below_15m_hkd,8257.47,44
3158,3158.HK,GX KPOP CULTURE,Exchange Traded Products,Exchange Traded Funds,avg_turnover_30d_below_15m_hkd,13522.77,44
3160,3160.HK,CAM JAPAN HDG,Exchange Traded Products,Exchange Traded Funds,avg_turnover_30d_below_15m_hkd,9136047.12,44
3161,3161.HK,A CAM RMB MM,Exchange Traded Products,Exchange Traded Funds,avg_turnover_30d_below_15m_hkd,18532.27,45
3165,3165.HK,CAM EU QLTY HDG,Exchange Traded Products,Exchange Traded Funds,avg_turnover_30d_below_15m_hkd,638896.47,44
3167,3167.HK,ICBCCSOPCHINA,Exchange Traded Products,Exchange Traded Funds,avg_turnover_30d_below_15m_hkd,26299.13,44
3169,3169.HK,HGI TECH 50,Exchange Traded Products,Exchange Traded Funds,avg_turnover_30d_below_15m_hkd,4083164.45,44
3171,3171.HK,A SS BLOCKCHAIN,Exchange Traded Products,Exchange Traded Funds,avg_turnover_30d_below_15m_hkd,116261.1,44
3173,3173.HK,PP CN NEWECON,Exchange Traded Products,Exchange Traded Funds,avg_turnover_30d_below_15m_hkd,68468.25,44
3174,3174.HK,CSOP HSBIOTECH,Exchange Traded Products,Exchange Traded Funds,avg_turnover_30d_below_15m_hkd,6092257.89,44
3175,3175.HK,F SAMSUNG OIL,Exchange Traded Products,Exchange Traded Funds,avg_turnover_30d_below_15m_hkd,5623838.44,44
3176,3176.HK,A TK USD MM,Exchange Traded Products,Exchange Traded Funds,avg_turnover_30d_below_15m_hkd,4543.6,44
3179,3179.HK,HGI ETH,Exchange Traded Products,Exchange Traded Funds,avg_turnover_30d_below_15m_hkd,236876.37,44
3181,3181.HK,PREMIAASIATEC,Exchange Traded Products,Exchange Traded Funds,avg_turnover_30d_below_15m_hkd,0.0,44
3182,3182.HK,WISE NEWECONESG,Exchange Traded Products,Exchange Traded Funds,avg_turnover_30d_below_15m_hkd,8684.98,44
3184,3184.HK,GX INDIA TOP 10,Exchange Traded Products,Exchange Traded Funds,avg_turnover_30d_below_15m_hkd,6629.47,44
3185,3185.HK,GX INNOVAFIN,Exchange Traded Products,Exchange Traded Funds,avg_turnover_30d_below_15m_hkd,11584.47,44
3186,3186.HK,EFUND BIOPHAR,Exchange Traded Products,Exchange Traded Funds,avg_turnover_30d_below_15m_hkd,637920.1,44
3187,3187.HK,SAMSUNG REITS,Exchange Traded Products,Exchange Traded Funds,avg_turnover_30d_below_15m_hkd,357066.42,44
3189,3189.HK,EFUND LIQUOR,Exchange Traded Products,Exchange Traded Funds,avg_turnover_30d_below_15m_hkd,327836.74,44
3190,3190.HK,FB SSH HIGH DIV,Exchange Traded Products,Exchange Traded Funds,avg_turnover_30d_below_15m_hkd,5769770.9,44
3192,3192.HK,A BOS RMB MM,Exchange Traded Products,Exchange Traded Funds,avg_turnover_30d_below_15m_hkd,670.52,44
3193,3193.HK,CSOP CSI 5G,Exchange Traded Products,Exchange Traded Funds,avg_turnover_30d_below_15m_hkd,124417.1,44
3195,3195.HK,HS S&P500,Exchange Traded Products,Exchange Traded Funds,avg_turnover_30d_below_15m_hkd,5933690.31,44
3196,3196.HK,A BOS USD MM,Exchange Traded Products,Exchange Traded Funds,avg_turnover_30d_below_15m_hkd,179824.69,44
3197,3197.HK,GTHT GLSR ETF,Exchange Traded Products,Exchange Traded Funds,avg_turnover_30d_below_15m_hkd,820812.02,2
3199,3199.HK,ICBCCSOP CGPB,Exchange Traded Products,Exchange Traded Funds,avg_turnover_30d_below_15m_hkd,11188079.82,44
3300,3300.HK,CHINA GLASS,Equity,Equity Securities (Main Board),avg_turnover_30d_below_15m_hkd,426769.85,45
3301,3301.HK,RONSHINECHINA,Equity,Equity Securities (Main Board),avg_turnover_30d_below_15m_hkd,151741.32,45
3302,3302.HK,KINERGY,Equity,Equity Securities (Main Board),avg_turnover_30d_below_15m_hkd,102460.34,45
3303,3303.HK,JUTAL OIL SER,Equity,Equity Securities (Main Board),avg_turnover_30d_below_15m_hkd,48564.71,45
3309,3309.HK,C-MER MEDICAL,Equity,Equity Securities (Main Board),avg_turnover_30d_below_15m_hkd,358321.58,45
3313,3313.HK,ARTGO HOLDINGS,Equity,Equity Securities (Main Board),avg_turnover_30d_below_15m_hkd,188764.53,45
3315,3315.HK,GOLDPAC GROUP,Equity,Equity Securities (Main Board),avg_turnover_30d_below_15m_hkd,117437.83,45
3316,3316.HK,BINJIANG SER,Equity,Equity Securities (Main Board),avg_turnover_30d_below_15m_hkd,6323762.89,45
3318,3318.HK,CHINA BOTON,Equity,Equity Securities (Main Board),avg_turnover_30d_below_15m_hkd,1909401.46,45
3319,3319.HK,A-LIVING,Equity,Equity Securities (Main Board),avg_turnover_30d_below_15m_hkd,4261130.43,45
3321,3321.HK,ZHONGKE GROUP,Equity,Equity Securities (Main Board),avg_turnover_30d_below_15m_hkd,935019.51,45
3322,3322.HK,WIN HANVERKY,Equity,Equity Securities (Main Board),avg_turnover_30d_below_15m_hkd,24397.2,45
3329,3329.HK,BOCOM INTL,Equity,Equity Securities (Main Board),avg_turnover_30d_below_15m_hkd,1299764.8,45
3332,3332.HK,SINOLIFE UTD,Equity,Equity Securities (Main Board),avg_turnover_30d_below_15m_hkd,19747.6,45
3336,3336.HK,JU TENG INTL,Equity,Equity Securities (Main Board),avg_turnover_30d_below_15m_hkd,5164532.12,45
3337,3337.HK,ANTON OILFIELD,Equity,Equity Securities (Main Board),avg_turnover_30d_below_15m_hkd,4517834.46,45
3348,3348.HK,CHINA PENGFEI,Equity,Equity Securities (Main Board),avg_turnover_30d_below_15m_hkd,14033.67,45
3363,3363.HK,ZHENGYE INT'L,Equity,Equity Securities (Main Board),avg_turnover_30d_below_15m_hkd,186.67,45
3366,3366.HK,OCT (ASIA),Equity,Equity Securities (Main Board),avg_turnover_30d_below_15m_hkd,4332.33,45
3368,3368.HK,PARKSON GROUP,Equity,Equity Securities (Main Board),avg_turnover_30d_below_15m_hkd,30434.95,45
3369,3369.HK,QHD PORT,Equity,Equity Securities (Main Board),avg_turnover_30d_below_15m_hkd,1168989.17,45
3377,3377.HK,SINO-OCEAN GP,Equity,Equity Securities (Main Board),avg_turnover_30d_below_15m_hkd,977267.29,45
3378,3378.HK,HANXBIO-B,Equity,Equity Securities (Main Board),avg_turnover_30d_below_15m_hkd,321094.2,45
3380,3380.HK,LOGAN GROUP,Equity,Equity Securities (Main Board),avg_turnover_30d_below_15m_hkd,5715659.38,45
3382,3382.HK,TIANJINPORT DEV,Equity,Equity Securities (Main Board),avg_turnover_30d_below_15m_hkd,727259.25,45
3383,3383.HK,AGILE GROUP,Equity,Equity Securities (Main Board),avg_turnover_30d_below_15m_hkd,245763.28,45
3389,3389.HK,HENGDELI,Equity,Equity Securities (Main Board),avg_turnover_30d_below_15m_hkd,2049705.77,45
3390,3390.HK,TYCOON GROUP,Equity,Equity Securities (Main Board),avg_turnover_30d_below_15m_hkd,6437.07,45
3395,3395.HK,JX ENERGY,Equity,Equity Securities (Main Board),avg_turnover_30d_below_15m_hkd,8594.22,45
3398,3398.HK,CHINA TING,Equity,Equity Securities (Main Board),avg_turnover_30d_below_15m_hkd,17939.93,45
3399,3399.HK,YUEYUN TRANS,Equity,Equity Securities (Main Board),avg_turnover_30d_below_15m_hkd,150462.66,45
3401,3401.HK,GX AI INFRA,Exchange Traded Products,Exchange Traded Funds,avg_turnover_30d_below_15m_hkd,77294.93,44
3402,3402.HK,GX G2TECH,Exchange Traded Products,Exchange Traded Funds,avg_turnover_30d_below_15m_hkd,2060.97,44
3403,3403.HK,CAM HSI ESG,Exchange Traded Products,Exchange Traded Funds,avg_turnover_30d_below_15m_hkd,9943157.63,44
3404,3404.HK,CAM MSCIINDIA,Exchange Traded Products,Exchange Traded Funds,avg_turnover_30d_below_15m_hkd,1156000.01,44
3406,3406.HK,PA TECHSELECT,Exchange Traded Products,Exchange Traded Funds,avg_turnover_30d_below_15m_hkd,6024367.04,44
3408,3408.HK,GX KOSPI 200,Exchange Traded Products,Exchange Traded Funds,avg_turnover_30d_below_15m_hkd,111123.67,12
3410,3410.HK,HS JAPAN TPX100,Exchange Traded Products,Exchange Traded Funds,avg_turnover_30d_below_15m_hkd,373323.01,44
3411,3411.HK,PP ASIA IGUSD,Exchange Traded Products,Exchange Traded Funds,avg_turnover_30d_below_15m_hkd,44667.07,44
3412,3412.HK,A DOO PAYMENTS,Exchange Traded Products,Exchange Traded Funds,avg_turnover_30d_below_15m_hkd,331.67,44
3413,3413.HK,A DOO AI,Exchange Traded Products,Exchange Traded Funds,avg_turnover_30d_below_15m_hkd,192.73,44
3415,3415.HK,A GXS&P500CC,Exchange Traded Products,Exchange Traded Funds,avg_turnover_30d_below_15m_hkd,3497171.27,44
3418,3418.HK,CAM DIGI GOLD,Exchange Traded Products,Exchange Traded Funds,avg_turnover_30d_below_15m_hkd,194021.78,21
3420,3420.HK,A VP RMB MM,Exchange Traded Products,Exchange Traded Funds,avg_turnover_30d_below_15m_hkd,118.69,40
3421,3421.HK,A VP HKD MM,Exchange Traded Products,Exchange Traded Funds,avg_turnover_30d_below_15m_hkd,234126.44,44
3422,3422.HK,GX INNO TOP 10,Exchange Traded Products,Exchange Traded Funds,avg_turnover_30d_below_15m_hkd,4719.0,44
3423,3423.HK,CMS HS TECH,Exchange Traded Products,Exchange Traded Funds,avg_turnover_30d_below_15m_hkd,406134.99,44
3425,3425.HK,MBC ETH,Exchange Traded Products,Exchange Traded Funds,avg_turnover_30d_below_15m_hkd,27533.16,44
3426,3426.HK,A DOO WEB3,Exchange Traded Products,Exchange Traded Funds,avg_turnover_30d_below_15m_hkd,0.0,44
3428,3428.HK,GX CL HK-US,Exchange Traded Products,Exchange Traded Funds,avg_turnover_30d_below_15m_hkd,47029.53,44
3430,3430.HK,MBC BTC,Exchange Traded Products,Exchange Traded Funds,avg_turnover_30d_below_15m_hkd,80887.59,44
3432,3432.HK,CSOP HKCNCON,Exchange Traded Products,Exchange Traded Funds,avg_turnover_30d_below_15m_hkd,198593.44,44
3433,3433.HK,CSOP UST20,Exchange Traded Products,Exchange Traded Funds,avg_turnover_30d_below_15m_hkd,9925589.36,44
3434,3434.HK,EFUND DIGITAL,Exchange Traded Products,Exchange Traded Funds,avg_turnover_30d_below_15m_hkd,5548.73,44
3435,3435.HK,HSCMS 7-10Y UST,Exchange Traded Products,Exchange Traded Funds,avg_turnover_30d_below_15m_hkd,666490.8,44
3436,3436.HK,HSCMS 1-3Y UST,Exchange Traded Products,Exchange Traded Funds,avg_turnover_30d_below_15m_hkd,856658.02,44
3437,3437.HK,BOS CSOE HIDV,Exchange Traded Products,Exchange Traded Funds,avg_turnover_30d_below_15m_hkd,4192704.34,44
3438,3438.HK,HSAI ETF,Exchange Traded Products,Exchange Traded Funds,avg_turnover_30d_below_15m_hkd,767836.28,2
3439,3439.HK,HGI BTC,Exchange Traded Products,Exchange Traded Funds,avg_turnover_30d_below_15m_hkd,784674.26,44
3440,3440.HK,GX 0-3M UST,Exchange Traded Products,Exchange Traded Funds,avg_turnover_30d_below_15m_hkd,3612331.21,44
3442,3442.HK,CSOP HKUSTECH,Exchange Traded Products,Exchange Traded Funds,avg_turnover_30d_below_15m_hkd,3457708.22,44
3443,3443.HK,CSOP HK EQUITY,Exchange Traded Products,Exchange Traded Funds,avg_turnover_30d_below_15m_hkd,378947.31,44
3444,3444.HK,HS HK EQUITY,Exchange Traded Products,Exchange Traded Funds,avg_turnover_30d_below_15m_hkd,69229.28,44
3447,3447.HK,CSOP AP REITS,Exchange Traded Products,Exchange Traded Funds,avg_turnover_30d_below_15m_hkd,955.07,44
3448,3448.HK,GX CHINA TECH,Exchange Traded Products,Exchange Traded Funds,avg_turnover_30d_below_15m_hkd,1514684.51,44
3450,3450.HK,GX 3-5Y UST,Exchange Traded Products,Exchange Traded Funds,avg_turnover_30d_below_15m_hkd,385932.57,45
3451,3451.HK,A GXNASDAQCC,Exchange Traded Products,Exchange Traded Funds,avg_turnover_30d_below_15m_hkd,4470127.08,44
3453,3453.HK,PREMIA TW50,Exchange Traded Products,Exchange Traded Funds,avg_turnover_30d_below_15m_hkd,1920630.81,44
3454,3454.HK,CSOP MAG7,Exchange Traded Products,Exchange Traded Funds,avg_turnover_30d_below_15m_hkd,721995.13,44
3455,3455.HK,INVESCO QQQ,Exchange Traded Products,Exchange Traded Funds,avg_turnover_30d_below_15m_hkd,3326640.3,44
3456,3456.HK,EFUND HKEX TECH,Exchange Traded Products,Exchange Traded Funds,avg_turnover_30d_below_15m_hkd,1462771.31,45
3457,3457.HK,A TK HKD MM,Exchange Traded Products,Exchange Traded Funds,avg_turnover_30d_below_15m_hkd,112393.43,44
3459,3459.HK,CAM HKGROWTH,Exchange Traded Products,Exchange Traded Funds,avg_turnover_30d_below_15m_hkd,271620.01,1
3460,3460.HK,CAM SOL,Exchange Traded Products,Exchange Traded Funds,avg_turnover_30d_below_15m_hkd,195108.82,44
3461,3461.HK,A CAM RMBTMMF,Exchange Traded Products,Exchange Traded Funds,avg_turnover_30d_below_15m_hkd,0.0,44
3469,3469.HK,CSOP SCHIGHDIV,Exchange Traded Products,Exchange Traded Funds,avg_turnover_30d_below_15m_hkd,6384.08,44
3470,3470.HK,GX GREATERCHINA,Exchange Traded Products,Exchange Traded Funds,avg_turnover_30d_below_15m_hkd,402410.87,44
3471,3471.HK,A CAM HKDTMMF,Exchange Traded Products,Exchange Traded Funds,avg_turnover_30d_below_15m_hkd,245948.88,45
3472,3472.HK,A CAM USDTMMF,Exchange Traded Products,Exchange Traded Funds,avg_turnover_30d_below_15m_hkd,148292.94,44
3473,3473.HK,CSOP A TEC&DIV,Exchange Traded Products,Exchange Traded Funds,avg_turnover_30d_below_15m_hkd,4874.35,44
3476,3476.HK,A HSJPUSINCOME,Exchange Traded Products,Exchange Traded Funds,avg_turnover_30d_below_15m_hkd,1012501.6,44
3477,3477.HK,PA EW SELECT,Exchange Traded Products,Exchange Traded Funds,avg_turnover_30d_below_15m_hkd,5482524.78,44
3478,3478.HK,PPKSA G SUKUK,Exchange Traded Products,Exchange Traded Funds,avg_turnover_30d_below_15m_hkd,5081.43,44
3479,3479.HK,CAM HKUS HALO,Exchange Traded Products,Exchange Traded Funds,avg_turnover_30d_below_15m_hkd,11964.0,1
3480,3480.HK,A VP USD MM,Exchange Traded Products,Exchange Traded Funds,avg_turnover_30d_below_15m_hkd,9462.89,44
3483,3483.HK,EFUND APAC HD,Exchange Traded Products,Exchange Traded Funds,avg_turnover_30d_below_15m_hkd,6205937.96,44
3486,3486.HK,EFUND A SEMICON,Exchange Traded Products,Exchange Traded Funds,avg_turnover_30d_below_15m_hkd,3540609.72,44
3488,3488.HK,VP DIV LO VOL,Exchange Traded Products,Exchange Traded Funds,avg_turnover_30d_below_15m_hkd,12030980.22,44
3489,3489.HK,EFUND AI,Exchange Traded Products,Exchange Traded Funds,avg_turnover_30d_below_15m_hkd,6462028.32,44
3499,3499.HK,CSOP AI BOTTLNK,Exchange Traded Products,Exchange Traded Funds,avg_turnover_30d_below_15m_hkd,4080262.85,6
3500,3500.HK,PA HEALTHCARE,Exchange Traded Products,Exchange Traded Funds,avg_turnover_30d_below_15m_hkd,2355643.12,1
3509,3509.HK,EFUND MPF CN A,Exchange Traded Products,Exchange Traded Funds,avg_turnover_30d_below_15m_hkd,23690.47,45
3510,3510.HK,PA AI SELECT,Exchange Traded Products,Exchange Traded Funds,avg_turnover_30d_below_15m_hkd,494647.98,1
3516,3516.HK,BOS HKKRSEMI,Exchange Traded Products,Exchange Traded Funds,avg_turnover_30d_below_15m_hkd,0.0,2
3519,3519.HK,A HSCEICC,Exchange Traded Products,Exchange Traded Funds,avg_turnover_30d_below_15m_hkd,1091268.33,44
3525,3525.HK,CAM INNODRUGS,Exchange Traded Products,Exchange Traded Funds,avg_turnover_30d_below_15m_hkd,1004756.02,1
3533,3533.HK,XA GX GOLD CC,Exchange Traded Products,Exchange Traded Funds,avg_turnover_30d_below_15m_hkd,1226278.1,44
3535,3535.HK,CSOP HKJPCF,Exchange Traded Products,Exchange Traded Funds,avg_turnover_30d_below_15m_hkd,0.0,44
3537,3537.HK,A CSOP KOSPICC,Exchange Traded Products,Exchange Traded Funds,avg_turnover_30d_below_15m_hkd,9588163.17,41
3555,3555.HK,AGX HSDIV ENH,Exchange Traded Products,Exchange Traded Funds,avg_turnover_30d_below_15m_hkd,4317406.36,27
3566,3566.HK,GF GL METAL,Exchange Traded Products,Exchange Traded Funds,avg_turnover_30d_below_15m_hkd,712800.0,2
3569,3569.HK,HTPCG HKKRSEMI,Exchange Traded Products,Exchange Traded Funds,avg_turnover_30d_below_15m_hkd,1101913.01,2
3579,3579.HK,EFUND MPF HK,Exchange Traded Products,Exchange Traded Funds,avg_turnover_30d_below_15m_hkd,2247.37,45
3585,3585.HK,GTHT FTEC ETF,Exchange Traded Products,Exchange Traded Funds,avg_turnover_30d_below_15m_hkd,1328640.03,2
3589,3589.HK,A HSTECHCC,Exchange Traded Products,Exchange Traded Funds,avg_turnover_30d_below_15m_hkd,1065310.55,44
3590,3590.HK,CAM HKHIDIV,Exchange Traded Products,Exchange Traded Funds,avg_turnover_30d_below_15m_hkd,2618000.0,1
3599,3599.HK,GF HKUS TECH,Exchange Traded Products,Exchange Traded Funds,avg_turnover_30d_below_15m_hkd,581826.99,2
3600,3600.HK,MODERN DENTAL,Equity,Equity Securities (Main Board),avg_turnover_30d_below_15m_hkd,4514160.82,45
3601,3601.HK,LUDASHI,Equity,Equity Securities (Main Board),avg_turnover_30d_below_15m_hkd,38065.5,45
3603,3603.HK,XINJI SHAXI,Equity,Equity Securities (Main Board),avg_turnover_30d_below_15m_hkd,14176.5,45
3613,3613.HK,TONGRENTANGCM,Equity,Equity Securities (Main Board),avg_turnover_30d_below_15m_hkd,8874041.05,45
3616,3616.HK,EVER REACH GP,Equity,Equity Securities (Main Board),avg_turnover_30d_below_15m_hkd,45265.87,45
3623,3623.HK,C SUCCESS FIN,Equity,Equity Securities (Main Board),avg_turnover_30d_below_15m_hkd,8038.0,45
3626,3626.HK,EAST NOVA HLDGS,Equity,Equity Securities (Main Board),avg_turnover_30d_below_15m_hkd,432069.67,45
3628,3628.HK,RENHENG ENT,Equity,Equity Securities (Main Board),avg_turnover_30d_below_15m_hkd,22393.6,45
3633,3633.HK,ZHONGYU ENERGY,Equity,Equity Securities (Main Board),avg_turnover_30d_below_15m_hkd,4575803.34,45
3636,3636.HK,JINXUN RESOURCE,Equity,Equity Securities (Main Board),avg_turnover_30d_below_15m_hkd,3927424.93,45
3638,3638.HK,HUNLICAR GROUP,Equity,Equity Securities (Main Board),avg_turnover_30d_below_15m_hkd,279581.37,45
3639,3639.HK,YIDA CHINA,Equity,Equity Securities (Main Board),avg_turnover_30d_below_15m_hkd,526324.14,45
3650,3650.HK,KEEP,Equity,Equity Securities (Main Board),avg_turnover_30d_below_15m_hkd,722686.42,45
3658,3658.HK,NEW HOPE SERV,Equity,Equity Securities (Main Board),avg_turnover_30d_below_15m_hkd,254753.17,45
3660,3660.HK,QFIN-S,Equity,Equity Securities (Main Board),avg_turnover_30d_below_15m_hkd,1538209.73,45
3662,3662.HK,STARJOY W&T,Equity,Equity Securities (Main Board),avg_turnover_30d_below_15m_hkd,341927.67,45
3666,3666.HK,SHANGHAI XNG,Equity,Equity Securities (Main Board),avg_turnover_30d_below_15m_hkd,0.0,45
3669,3669.HK,YONGDA AUTO,Equity,Equity Securities (Main Board),avg_turnover_30d_below_15m_hkd,2971219.14,45
3677,3677.HK,ZENERGY,Equity,Equity Securities (Main Board),avg_turnover_30d_below_15m_hkd,7659425.13,45
3678,3678.HK,HOLLY FUTURES,Equity,Equity Securities (Main Board),avg_turnover_30d_below_15m_hkd,9021705.2,45
3680,3680.HK,RUIHE DATA,Equity,Equity Securities (Main Board),avg_turnover_30d_below_15m_hkd,3177686.44,45
3681,3681.HK,SINOMAB BIO-B,Equity,Equity Securities (Main Board),avg_turnover_30d_below_15m_hkd,876034.76,45
3683,3683.HK,GREAT HARVEST,Equity,Equity Securities (Main Board),avg_turnover_30d_below_15m_hkd,73069.75,45
3686,3686.HK,CLIFFORDML,Equity,Equity Securities (Main Board),avg_turnover_30d_below_15m_hkd,209733.34,45
3688,3688.HK,TOP SPRING,Equity,Equity Securities (Main Board),avg_turnover_30d_below_15m_hkd,8084.3,45
3689,3689.HK,KANGHUA HEALTH,Equity,Equity Securities (Main Board),avg_turnover_30d_below_15m_hkd,1374.43,45
3699,3699.HK,EB GRAND CHINA,Equity,Equity Securities (Main Board),avg_turnover_30d_below_15m_hkd,53341.33,45
3700,3700.HK,INKEVERSE,Equity,Equity Securities (Main Board),avg_turnover_30d_below_15m_hkd,445543.67,45
3708,3708.HK,WORLD DIGI ECON,Equity,Equity Securities (Main Board),avg_turnover_30d_below_15m_hkd,285798.98,45
3709,3709.HK,EEKA FASHION,Equity,Equity Securities (Main Board),avg_turnover_30d_below_15m_hkd,2021029.95,45
3718,3718.HK,BJ ENT URBAN,Equity,Equity Securities (Main Board),avg_turnover_30d_below_15m_hkd,261345.33,45
3728,3728.HK,CHING LEE,Equity,Equity Securities (Main Board),avg_turnover_30d_below_15m_hkd,7571.33,45
3737,3737.HK,ZHONGZHIPHARM,Equity,Equity Securities (Main Board),avg_turnover_30d_below_15m_hkd,291270.9,45
3752,3752.HK,ROKAE ROBOTICS,Equity,Equity Securities (Main Board),avg_turnover_30d_below_15m_hkd,9694308.39,45
3768,3768.HK,DCWT,Equity,Equity Securities (Main Board),avg_turnover_30d_below_15m_hkd,8764.5,45
3773,3773.HK,YS DIGIFAVOR,Equity,Equity Securities (Main Board),avg_turnover_30d_below_15m_hkd,322248.0,45
3778,3778.HK,CHINA WEAVING,Equity,Equity Securities (Main Board),avg_turnover_30d_below_15m_hkd,6846.0,45
3788,3788.HK,HANKING GOLD,Equity,Equity Securities (Main Board),avg_turnover_30d_below_15m_hkd,11112056.27,45
3789,3789.HK,ROYAL DELUXE,Equity,Equity Securities (Main Board),avg_turnover_30d_below_15m_hkd,101176.53,45
3798,3798.HK,HOMELAND ITL,Equity,Equity Securities (Main Board),avg_turnover_30d_below_15m_hkd,52856.67,45
3813,3813.HK,POU SHENG INT'L,Equity,Equity Securities (Main Board),avg_turnover_30d_below_15m_hkd,1249638.06,45
3816,3816.HK,KFM KINGDOM,Equity,Equity Securities (Main Board),avg_turnover_30d_below_15m_hkd,5400071.97,45
3818,3818.HK,CHINA DONGXIANG,Equity,Equity Securities (Main Board),avg_turnover_30d_below_15m_hkd,744804.51,45
3822,3822.HK,SAM WOO CONS,Equity,Equity Securities (Main Board),avg_turnover_30d_below_15m_hkd,22979.93,45
3828,3828.HK,MING FAI INT'L,Equity,Equity Securities (Main Board),avg_turnover_30d_below_15m_hkd,106989.2,45
3830,3830.HK,KIDDIELAND,Equity,Equity Securities (Main Board),avg_turnover_30d_below_15m_hkd,65201.17,45
3833,3833.HK,XINXIN MINING,Equity,Equity Securities (Main Board),avg_turnover_30d_below_15m_hkd,5558028.2,45
3836,3836.HK,HARMONY AUTO,Equity,Equity Securities (Main Board),avg_turnover_30d_below_15m_hkd,193024.78,45
3838,3838.HK,CHINA STARCH,Equity,Equity Securities (Main Board),avg_turnover_30d_below_15m_hkd,1256926.74,45
3839,3839.HK,CPBIO,Equity,Equity Securities (Main Board),avg_turnover_30d_below_15m_hkd,394296.12,45
3848,3848.HK,HAOSEN FINTECH,Equity,Equity Securities (Main Board),avg_turnover_30d_below_15m_hkd,857140.64,45
3860,3860.HK,EPS HEALTH TECH,Equity,Equity Securities (Main Board),avg_turnover_30d_below_15m_hkd,130533.34,45
3868,3868.HK,XINYI ENERGY,Equity,Equity Securities (Main Board),avg_turnover_30d_below_15m_hkd,6495980.56,45
3869,3869.HK,HOSPITAL CORP,Equity,Equity Securities (Main Board),avg_turnover_30d_below_15m_hkd,0.0,45
3878,3878.HK,VICON HOLDINGS,Equity,Equity Securities (Main Board),avg_turnover_30d_below_15m_hkd,30931.4,45
3880,3880.HK,MEDTIDE,Equity,Equity Securities (Main Board),avg_turnover_30d_below_15m_hkd,2061627.31,45
3882,3882.HK,SKYLIGHT HLDG,Equity,Equity Securities (Main Board),avg_turnover_30d_below_15m_hkd,21234.5,45
3883,3883.HK,CHINA AOYUAN,Equity,Equity Securities (Main Board),avg_turnover_30d_below_15m_hkd,138203.52,45
3886,3886.HK,TOWN HEALTH,Equity,Equity Securities (Main Board),avg_turnover_30d_below_15m_hkd,93827.77,45
3887,3887.HK,HASHKEY HLDGS,Equity,Equity Securities (Main Board),avg_turnover_30d_below_15m_hkd,8737632.96,45
3889,3889.HK,GLOBAL CORN GP,Equity,Equity Securities (Main Board),avg_turnover_30d_below_15m_hkd,84448.59,45
3893,3893.HK,CROSSTEC,Equity,Equity Securities (Main Board),avg_turnover_30d_below_15m_hkd,293024.02,45
3903,3903.HK,HANHUA HOLDING,Equity,Equity Securities (Main Board),avg_turnover_30d_below_15m_hkd,0.0,45
3913,3913.HK,KWG LIVING,Equity,Equity Securities (Main Board),avg_turnover_30d_below_15m_hkd,86875.63,45
3918,3918.HK,NAGACORP,Equity,Equity Securities (Main Board),avg_turnover_30d_below_15m_hkd,9851221.72,45
3919,3919.HK,GOLDENPOWER,Equity,Equity Securities (Main Board),avg_turnover_30d_below_15m_hkd,743149.42,45
3928,3928.HK,CHINA NEXT-GEN,Equity,Equity Securities (Main Board),avg_turnover_30d_below_15m_hkd,9874053.14,45
3938,3938.HK,LFG INV HLDGS,Equity,Equity Securities (Main Board),avg_turnover_30d_below_15m_hkd,439811.43,45
3952,3952.HK,LAIFUAL,Equity,Equity Securities (Main Board),avg_turnover_30d_below_15m_hkd,4709356.96,45
3963,3963.HK,RONGZHONG FIN,Equity,Equity Securities (Main Board),avg_turnover_30d_below_15m_hkd,274.67,45
3969,3969.HK,CHINA CRSC,Equity,Equity Securities (Main Board),avg_turnover_30d_below_15m_hkd,7256509.25,45
3978,3978.HK,BESTSTUDY EDU,Equity,Equity Securities (Main Board),avg_turnover_30d_below_15m_hkd,2878272.59,45
3983,3983.HK,CHINA BLUECHEM,Equity,Equity Securities (Main Board),avg_turnover_30d_below_15m_hkd,8869449.34,45
3989,3989.HK,CAPITAL ENV,Equity,Equity Securities (Main Board),avg_turnover_30d_below_15m_hkd,236655.11,45
3990,3990.HK,MIDEA REAL EST,Equity,Equity Securities (Main Board),avg_turnover_30d_below_15m_hkd,1179879.29,45
3991,3991.HK,CHANGHONG JH,Equity,Equity Securities (Main Board),avg_turnover_30d_below_15m_hkd,613713.35,45
3996,3996.HK,CH ENERGY ENG,Equity,Equity Securities (Main Board),avg_turnover_30d_below_15m_hkd,13214013.58,45
3997,3997.HK,TSO,Equity,Equity Securities (Main Board),avg_turnover_30d_below_15m_hkd,233485.66,45
3999,3999.HK,DACHAN FOOD,Equity,Equity Securities (Main Board),avg_turnover_30d_below_15m_hkd,7757.0,45
6033,6033.HK,TELECOM DIGIT,Equity,Equity Securities (Main Board),avg_turnover_30d_below_15m_hkd,6731.67,45
6036,6036.HK,APEX ACE HLDG,Equity,Equity Securities (Main Board),avg_turnover_30d_below_15m_hkd,820152.5,45
6038,6038.HK,G & M HLDGS,Equity,Equity Securities (Main Board),avg_turnover_30d_below_15m_hkd,295060.0,45
6051,6051.HK,YOUZAN,Equity,Equity Securities (Main Board),avg_turnover_30d_below_15m_hkd,5391644.79,45
6058,6058.HK,CISI FIN,Equity,Equity Securities (Main Board),avg_turnover_30d_below_15m_hkd,263394.33,45
6063,6063.HK,LOTUS HORIZON,Equity,Equity Securities (Main Board),avg_turnover_30d_below_15m_hkd,8230596.32,45
6067,6067.HK,SENIOR MATERIAL,Equity,Equity Securities (Main Board),avg_turnover_30d_below_15m_hkd,14787629.66,45
6068,6068.HK,WISDOM EDU INTL,Equity,Equity Securities (Main Board),avg_turnover_30d_below_15m_hkd,8584.27,45
6080,6080.HK,WING CHI HLDGS,Equity,Equity Securities (Main Board),avg_turnover_30d_below_15m_hkd,41126.6,45
6083,6083.HK,WORLD-LINK LOG,Equity,Equity Securities (Main Board),avg_turnover_30d_below_15m_hkd,727664.0,45
6086,6086.HK,FANGZHOU JIANKE,Equity,Equity Securities (Main Board),avg_turnover_30d_below_15m_hkd,235182.58,45
6093,6093.HK,HEVOL SERVICES,Equity,Equity Securities (Main Board),avg_turnover_30d_below_15m_hkd,11951.0,45
6100,6100.HK,TONGDAO LIEPIN,Equity,Equity Securities (Main Board),avg_turnover_30d_below_15m_hkd,996583.19,45
6108,6108.HK,NEW RAY MEDIC,Equity,Equity Securities (Main Board),avg_turnover_30d_below_15m_hkd,27819.16,45
6113,6113.HK,BITSTRAT HLDGS,Equity,Equity Securities (Main Board),avg_turnover_30d_below_15m_hkd,24182.0,45
6117,6117.HK,RIZHAO PORT JR,Equity,Equity Securities (Main Board),avg_turnover_30d_below_15m_hkd,3927.33,45
6118,6118.HK,AUSTAR,Equity,Equity Securities (Main Board),avg_turnover_30d_below_15m_hkd,29860.33,45
6119,6119.HK,TIAN YUAN GP,Equity,Equity Securities (Main Board),avg_turnover_30d_below_15m_hkd,0.0,45
6123,6123.HK,YTO INTL EXP,Equity,Equity Securities (Main Board),avg_turnover_30d_below_15m_hkd,117565.67,45
6128,6128.HK,GRAPHEX GROUP,Equity,Equity Securities (Main Board),avg_turnover_30d_below_15m_hkd,64789.33,45
6132,6132.HK,HJ SCIENCE-B,Equity,Equity Securities (Main Board),avg_turnover_30d_below_15m_hkd,3411583.26,45
6133,6133.HK,VITAL INNO,Equity,Equity Securities (Main Board),avg_turnover_30d_below_15m_hkd,0.0,45
6136,6136.HK,KANGDA ENV,Equity,Equity Securities (Main Board),avg_turnover_30d_below_15m_hkd,464671.33,45
6138,6138.HK,HARBIN BANK,Equity,Equity Securities (Main Board),avg_turnover_30d_below_15m_hkd,327685.5,45
6158,6158.HK,ZHENRO PPT,Equity,Equity Securities (Main Board),avg_turnover_30d_below_15m_hkd,1247610.77,45
6162,6162.HK,TR INTERIORS,Equity,Equity Securities (Main Board),avg_turnover_30d_below_15m_hkd,1148849.61,45
6163,6163.HK,GEMILANG INTL,Equity,Equity Securities (Main Board),avg_turnover_30d_below_15m_hkd,27477.77,45
6168,6168.HK,ZHOU LIU FU,Equity,Equity Securities (Main Board),avg_turnover_30d_below_15m_hkd,8946954.09,45
6169,6169.HK,YUHUA EDU,Equity,Equity Securities (Main Board),avg_turnover_30d_below_15m_hkd,1128226.14,45
6178,6178.HK,EB SECURITIES,Equity,Equity Securities (Main Board),avg_turnover_30d_below_15m_hkd,10936084.57,45
6188,6188.HK,BJ DIGITAL,Equity,Equity Securities (Main Board),avg_turnover_30d_below_15m_hkd,3745.08,45
6189,6189.HK,ADWAY,Equity,Equity Securities (Main Board),avg_turnover_30d_below_15m_hkd,0.0,45
6190,6190.HK,BANKOFJIUJIANG,Equity,Equity Securities (Main Board),avg_turnover_30d_below_15m_hkd,1566.33,45
6193,6193.HK,TAILAM TECHCON,Equity,Equity Securities (Main Board),avg_turnover_30d_below_15m_hkd,7993.33,45
6196,6196.HK,BANKOFZHENGZHOU,Equity,Equity Securities (Main Board),avg_turnover_30d_below_15m_hkd,5234073.61,45
6199,6199.HK,BANK OF GUIZHOU,Equity,Equity Securities (Main Board),avg_turnover_30d_below_15m_hkd,52430.5,45
6601,6601.HK,CHEERWIN GP,Equity,Equity Securities (Main Board),avg_turnover_30d_below_15m_hkd,2474613.86,45
6603,6603.HK,IFBH,Equity,Equity Securities (Main Board),avg_turnover_30d_below_15m_hkd,9427052.25,45
6608,6608.HK,BAIRONG AI-W,Equity,Equity Securities (Main Board),avg_turnover_30d_below_15m_hkd,6340624.03,45
6609,6609.HK,HEARTCARE-B,Equity,Equity Securities (Main Board),avg_turnover_30d_below_15m_hkd,1505305.49,45
6610,6610.HK,FLOWING CLOUD,Equity,Equity Securities (Main Board),avg_turnover_30d_below_15m_hkd,172745.37,45
6611,6611.HK,SANXUN GROUP,Equity,Equity Securities (Main Board),avg_turnover_30d_below_15m_hkd,0.0,45
6622,6622.HK,ZHAOKE OPHTH-B,Equity,Equity Securities (Main Board),avg_turnover_30d_below_15m_hkd,420266.82,45
6623,6623.HK,LUFAX,Equity,Equity Securities (Main Board),avg_turnover_30d_below_15m_hkd,369361.03,45
6626,6626.HK,YUEXIU SERVICES,Equity,Equity Securities (Main Board),avg_turnover_30d_below_15m_hkd,1312709.37,45
6628,6628.HK,TRANSCENTA-B,Equity,Equity Securities (Main Board),avg_turnover_30d_below_15m_hkd,847200.91,45
6633,6633.HK,QINGCI GAMES,Equity,Equity Securities (Main Board),avg_turnover_30d_below_15m_hkd,3312.33,45
6639,6639.HK,ARRAIL GROUP,Equity,Equity Securities (Main Board),avg_turnover_30d_below_15m_hkd,0.0,45
6657,6657.HK,BAIWANG CO,Equity,Equity Securities (Main Board),avg_turnover_30d_below_15m_hkd,3909707.63,45
6660,6660.HK,AIM VACCINE,Equity,Equity Securities (Main Board),avg_turnover_30d_below_15m_hkd,660854.97,45
6661,6661.HK,HUZHOU GAS,Equity,Equity Securities (Main Board),avg_turnover_30d_below_15m_hkd,0.0,45
6663,6663.HK,IWS GROUP,Equity,Equity Securities (Main Board),avg_turnover_30d_below_15m_hkd,54281.67,45
6667,6667.HK,MEGA GENOMICS,Equity,Equity Securities (Main Board),avg_turnover_30d_below_15m_hkd,429269.33,45
6668,6668.HK,E-STAR CM,Equity,Equity Securities (Main Board),avg_turnover_30d_below_15m_hkd,337512.66,45
6669,6669.HK,ACOTEC-B,Equity,Equity Securities (Main Board),avg_turnover_30d_below_15m_hkd,2929119.41,45
6675,6675.HK,SENASIC,Equity,Equity Securities (Main Board),avg_turnover_30d_below_15m_hkd,13128343.36,45
6676,6676.HK,ZG GROUP-W,Equity,Equity Securities (Main Board),avg_turnover_30d_below_15m_hkd,172236.42,45
6677,6677.HK,SINO-OCEAN SERV,Equity,Equity Securities (Main Board),avg_turnover_30d_below_15m_hkd,46963.61,45
6681,6681.HK,BRAINAURORA-B,Equity,Equity Securities (Main Board),avg_turnover_30d_below_15m_hkd,11793898.82,45
6686,6686.HK,NOAH HOLDINGS,Equity,Equity Securities (Main Board),avg_turnover_30d_below_15m_hkd,110560.44,45
6687,6687.HK,JST GROUP,Equity,Equity Securities (Main Board),avg_turnover_30d_below_15m_hkd,9129878.96,45
6696,6696.HK,MANY IDEA CLOUD,Equity,Equity Securities (Main Board),avg_turnover_30d_below_15m_hkd,0.0,45
6698,6698.HK,STAR CM,Equity,Equity Securities (Main Board),avg_turnover_30d_below_15m_hkd,21304.32,45
6745,6745.HK,BEFAR GROUP,Equity,Equity Securities (Main Board),avg_turnover_30d_below_15m_hkd,13093269.17,45
6805,6805.HK,KIMOU ENVIRON,Equity,Equity Securities (Main Board),avg_turnover_30d_below_15m_hkd,221629.67,45
6808,6808.HK,SUNART RETAIL,Equity,Equity Securities (Main Board),avg_turnover_30d_below_15m_hkd,10176451.89,45
6811,6811.HK,TAI HING GROUP,Equity,Equity Securities (Main Board),avg_turnover_30d_below_15m_hkd,3948471.02,45
6812,6812.HK,WINSON HLDGS HK,Equity,Equity Securities (Main Board),avg_turnover_30d_below_15m_hkd,42193.67,45
6816,6816.HK,PROSPER CONS,Equity,Equity Securities (Main Board),avg_turnover_30d_below_15m_hkd,459.87,45
6820,6820.HK,FRIENDTIMES,Equity,Equity Securities (Main Board),avg_turnover_30d_below_15m_hkd,203569.67,45
6822,6822.HK,KING'S FLAIR,Equity,Equity Securities (Main Board),avg_turnover_30d_below_15m_hkd,5545.33,45
6826,6826.HK,HAOHAI BIOTEC,Equity,Equity Securities (Main Board),avg_turnover_30d_below_15m_hkd,1980647.84,45
6828,6828.HK,BG BLUE SKY,Equity,Equity Securities (Main Board),avg_turnover_30d_below_15m_hkd,108684.0,45
6829,6829.HK,DRAGON RISE GP,Equity,Equity Securities (Main Board),avg_turnover_30d_below_15m_hkd,1429481.08,45
6830,6830.HK,HUAZHONG IN-V,Equity,Equity Securities (Main Board),avg_turnover_30d_below_15m_hkd,10551.67,45
6833,6833.HK,SINCO PHARMA,Equity,Equity Securities (Main Board),avg_turnover_30d_below_15m_hkd,18029.47,45
6838,6838.HK,WINOX,Equity,Equity Securities (Main Board),avg_turnover_30d_below_15m_hkd,137387.67,45
6839,6839.HK,YUNNAN WATER,Equity,Equity Securities (Main Board),avg_turnover_30d_below_15m_hkd,9514.66,45
6858,6858.HK,HONMAGOLF,Equity,Equity Securities (Main Board),avg_turnover_30d_below_15m_hkd,30577.67,45
6860,6860.HK,FINGERTANGO,Equity,Equity Securities (Main Board),avg_turnover_30d_below_15m_hkd,71355.63,45
6866,6866.HK,ZUOLI KECHUANG,Equity,Equity Securities (Main Board),avg_turnover_30d_below_15m_hkd,2669.0,45
6868,6868.HK,TENFU,Equity,Equity Securities (Main Board),avg_turnover_30d_below_15m_hkd,10139.0,45
6871,6871.HK,ROBOTPHOENIX,Equity,Equity Securities (Main Board),avg_turnover_30d_below_15m_hkd,11301830.63,45
6877,6877.HK,TE HEALTHCARE,Equity,Equity Securities (Main Board),avg_turnover_30d_below_15m_hkd,7761.4,45
6878,6878.HK,DIFFER GP AUTO,Equity,Equity Securities (Main Board),avg_turnover_30d_below_15m_hkd,0.0,45
6882,6882.HK,EGL HOLDINGS,Equity,Equity Securities (Main Board),avg_turnover_30d_below_15m_hkd,52727.67,45
6883,6883.HK,ETERNAL BEAUTY,Equity,Equity Securities (Main Board),avg_turnover_30d_below_15m_hkd,0.0,45
6885,6885.HK,JINMA ENERGY,Equity,Equity Securities (Main Board),avg_turnover_30d_below_15m_hkd,106525.16,45
6888,6888.HK,FREETECH,Equity,Equity Securities (Main Board),avg_turnover_30d_below_15m_hkd,12585.0,45
6889,6889.HK,DYNAM JAPAN,Equity,Equity Securities (Main Board),avg_turnover_30d_below_15m_hkd,363326.63,45
6890,6890.HK,KANGLI INT HLDG,Equity,Equity Securities (Main Board),avg_turnover_30d_below_15m_hkd,92122.33,45
6893,6893.HK,HINSANG GROUP,Equity,Equity Securities (Main Board),avg_turnover_30d_below_15m_hkd,183867.2,45
6896,6896.HK,GOLDEN THROAT,Equity,Equity Securities (Main Board),avg_turnover_30d_below_15m_hkd,2035336.55,45
6898,6898.HK,CHINA ALUMCAN,Equity,Equity Securities (Main Board),avg_turnover_30d_below_15m_hkd,689507.67,45
6899,6899.HK,OURGAME,Equity,Equity Securities (Main Board),avg_turnover_30d_below_15m_hkd,0.0,45
6908,6908.HK,HG SEMI,Equity,Equity Securities (Main Board),avg_turnover_30d_below_15m_hkd,885109.71,45
6909,6909.HK,BETTERLIFE HLDG,Equity,Equity Securities (Main Board),avg_turnover_30d_below_15m_hkd,29352.56,45
6911,6911.HK,LANCANG TEA,Equity,Equity Securities (Main Board),avg_turnover_30d_below_15m_hkd,18636.4,45
6913,6913.HK,SCVE GROUP,Equity,Equity Securities (Main Board),avg_turnover_30d_below_15m_hkd,102322.27,45
6918,6918.HK,JIUTAI DIGITAL,Equity,Equity Securities (Main Board),avg_turnover_30d_below_15m_hkd,200393.0,45
6919,6919.HK,RENRUI HR,Equity,Equity Securities (Main Board),avg_turnover_30d_below_15m_hkd,95537.17,45
6922,6922.HK,CRYOFOCUS-B,Equity,Equity Securities (Main Board),avg_turnover_30d_below_15m_hkd,132899.17,45
6928,6928.HK,TOMO HOLDINGS,Equity,Equity Securities (Main Board),avg_turnover_30d_below_15m_hkd,52235.33,45
6929,6929.HK,ORBUSNEICH,Equity,Equity Securities (Main Board),avg_turnover_30d_below_15m_hkd,271954.91,45
6933,6933.HK,SINO-ENTERTAIN,Equity,Equity Securities (Main Board),avg_turnover_30d_below_15m_hkd,290306.33,45
6939,6939.HK,MEGAIN,Equity,Equity Securities (Main Board),avg_turnover_30d_below_15m_hkd,179716.0,45
6955,6955.HK,BOAN BIOTECH,Equity,Equity Securities (Main Board),avg_turnover_30d_below_15m_hkd,12878442.06,45
6958,6958.HK,ZHENRO SERVICES,Equity,Equity Securities (Main Board),avg_turnover_30d_below_15m_hkd,26308.9,45
6959,6959.HK,CHANGJIU HLDGS,Equity,Equity Securities (Main Board),avg_turnover_30d_below_15m_hkd,343857.05,45
6960,6960.HK,SHUANGDENG,Equity,Equity Securities (Main Board),avg_turnover_30d_below_15m_hkd,472484.84,45
6966,6966.HK,C WAN TONG YUAN,Equity,Equity Securities (Main Board),avg_turnover_30d_below_15m_hkd,64788.34,45
6968,6968.HK,GANGLONG CHINA,Equity,Equity Securities (Main Board),avg_turnover_30d_below_15m_hkd,43037.13,45
6978,6978.HK,IMMUNOTECH-B,Equity,Equity Securities (Main Board),avg_turnover_30d_below_15m_hkd,28687.96,45
6980,6980.HK,BAMA TEA,Equity,Equity Securities (Main Board),avg_turnover_30d_below_15m_hkd,4186675.8,45
6988,6988.HK,JOY SPREADER,Equity,Equity Securities (Main Board),avg_turnover_30d_below_15m_hkd,425156.07,45
6989,6989.HK,EXCELLENCE CM,Equity,Equity Securities (Main Board),avg_turnover_30d_below_15m_hkd,150139.24,45
6993,6993.HK,BLUE MOON GROUP,Equity,Equity Securities (Main Board),avg_turnover_30d_below_15m_hkd,7627479.7,45
6996,6996.HK,ANTENGENE-B,Equity,Equity Securities (Main Board),avg_turnover_30d_below_15m_hkd,4143411.41,45
6998,6998.HK,EDDING GENOR,Equity,Equity Securities (Main Board),avg_turnover_30d_below_15m_hkd,1896048.27,45
6999,6999.HK,LEADING HLDGS,Equity,Equity Securities (Main Board),avg_turnover_30d_below_15m_hkd,0.0,45
7233,7233.HK,XL2CSOPCSI300,Exchange Traded Products,Leveraged and Inverse,avg_turnover_30d_below_15m_hkd,3824565.4,44
7234,7234.HK,XL2 BOS CHINEXT,Exchange Traded Products,Leveraged and Inverse,avg_turnover_30d_below_15m_hkd,9810845.43,44
7261,7261.HK,FL2CAMNDQ100,Exchange Traded Products,Leveraged and Inverse,avg_turnover_30d_below_15m_hkd,237597.17,44
7262,7262.HK,FL2 CSOP NIKKEI,Exchange Traded Products,Leveraged and Inverse,avg_turnover_30d_below_15m_hkd,639091.27,44
7266,7266.HK,FL2CSOPNASDAQ,Exchange Traded Products,Leveraged and Inverse,avg_turnover_30d_below_15m_hkd,3006172.17,44
7288,7288.HK,FL2 CSOP HSCEI,Exchange Traded Products,Leveraged and Inverse,avg_turnover_30d_below_15m_hkd,3198659.48,44
7300,7300.HK,FI CSOP HSI,Exchange Traded Products,Leveraged and Inverse,avg_turnover_30d_below_15m_hkd,2521541.28,44
7311,7311.HK,XI2CSOPCOIN,Exchange Traded Products,Leveraged and Inverse,avg_turnover_30d_below_15m_hkd,1431471.37,44
7366,7366.HK,XI2CSOPTSLA,Exchange Traded Products,Leveraged and Inverse,avg_turnover_30d_below_15m_hkd,1694830.14,44
7376,7376.HK,FI CSOP BTC,Exchange Traded Products,Leveraged and Inverse,avg_turnover_30d_below_15m_hkd,373911.05,44
7388,7388.HK,XI2CSOPNVDA,Exchange Traded Products,Leveraged and Inverse,avg_turnover_30d_below_15m_hkd,1482457.65,44
7399,7399.HK,XI2CSOPMSTR,Exchange Traded Products,Leveraged and Inverse,avg_turnover_30d_below_15m_hkd,3545705.37,44
7515,7515.HK,FI2 CSOP NIKKEI,Exchange Traded Products,Leveraged and Inverse,avg_turnover_30d_below_15m_hkd,4957228.36,44
7522,7522.HK,FI2CAMNDQ100,Exchange Traded Products,Leveraged and Inverse,avg_turnover_30d_below_15m_hkd,1650561.72,44
7588,7588.HK,FI2 CSOP HSCEI,Exchange Traded Products,Leveraged and Inverse,avg_turnover_30d_below_15m_hkd,1785086.44,44
7656,7656.HK,RECONOVA,Equity,Equity Securities (Main Board),avg_turnover_30d_below_15m_hkd,6241622.36,45
7687,7687.HK,EACON,Equity,Equity Securities (Main Board),avg_turnover_30d_below_15m_hkd,6933049.51,45
7711,7711.HK,XL2CSOPCOIN,Exchange Traded Products,Leveraged and Inverse,avg_turnover_30d_below_15m_hkd,2207211.28,44
7766,7766.HK,XL2CSOPTSLA,Exchange Traded Products,Leveraged and Inverse,avg_turnover_30d_below_15m_hkd,1386243.48,44
7777,7777.HK,XL2CSOPBRKB,Exchange Traded Products,Leveraged and Inverse,avg_turnover_30d_below_15m_hkd,110305.29,44
7788,7788.HK,XL2CSOPNVDA,Exchange Traded Products,Leveraged and Inverse,avg_turnover_30d_below_15m_hkd,1988062.85,44
7799,7799.HK,XL2CSOPMSTR,Exchange Traded Products,Leveraged and Inverse,avg_turnover_30d_below_15m_hkd,4968816.74,44
8003,8003.HK,GREAT WORLD,Equity,Equity Securities (GEM),avg_turnover_30d_below_15m_hkd,100901.98,45
8005,8005.HK,YUXING INFOTECH,Equity,Equity Securities (GEM),avg_turnover_30d_below_15m_hkd,29797.47,45
8006,8006.HK,SINO SPLENDID,Equity,Equity Securities (GEM),avg_turnover_30d_below_15m_hkd,8812.9,45
8007,8007.HK,GLOBALSTRAT,Equity,Equity Securities (GEM),avg_turnover_30d_below_15m_hkd,1073761.64,45
8013,8013.HK,ECI TECH,Equity,Equity Securities (GEM),avg_turnover_30d_below_15m_hkd,4880.0,1
8017,8017.HK,TRADEGO,Equity,Equity Securities (GEM),avg_turnover_30d_below_15m_hkd,675767.99,45
8018,8018.HK,FINSOFT FIN,Equity,Equity Securities (GEM),avg_turnover_30d_below_15m_hkd,25613.89,45
8019,8019.HK,HAO WEN HLDGS,Equity,Equity Securities (GEM),avg_turnover_30d_below_15m_hkd,5202.77,45
8020,8020.HK,UNITAS HOLD,Equity,Equity Securities (GEM),avg_turnover_30d_below_15m_hkd,6167.67,45
8021,8021.HK,WLS HOLDINGS,Equity,Equity Securities (GEM),avg_turnover_30d_below_15m_hkd,52466.14,45
8023,8023.HK,KWONG MAN KEE,Equity,Equity Securities (GEM),avg_turnover_30d_below_15m_hkd,89337.0,45
8026,8026.HK,CB GLOBAL,Equity,Equity Securities (GEM),avg_turnover_30d_below_15m_hkd,95695.67,45
8027,8027.HK,KPM HOLDING,Equity,Equity Securities (GEM),avg_turnover_30d_below_15m_hkd,61850.85,45
8028,8028.HK,TIMELESS,Equity,Equity Securities (GEM),avg_turnover_30d_below_15m_hkd,6295.47,45
8029,8029.HK,CI FIN TECH GP,Equity,Equity Securities (GEM),avg_turnover_30d_below_15m_hkd,160980.0,45
8030,8030.HK,FENGYINHE,Equity,Equity Securities (GEM),avg_turnover_30d_below_15m_hkd,170568.91,45
8031,8031.HK,ETS GROUP,Equity,Equity Securities (GEM),avg_turnover_30d_below_15m_hkd,14393.0,45
8033,8033.HK,VODATEL NETWORK,Equity,Equity Securities (GEM),avg_turnover_30d_below_15m_hkd,1831.07,45
8035,8035.HK,JANCO HOLDINGS,Equity,Equity Securities (GEM),avg_turnover_30d_below_15m_hkd,12061.0,45
8036,8036.HK,EBROKER GROUP,Equity,Equity Securities (GEM),avg_turnover_30d_below_15m_hkd,26228.67,45
8037,8037.HK,CH BIOTECH SER,Equity,Equity Securities (GEM),avg_turnover_30d_below_15m_hkd,244726.04,45
8039,8039.HK,CHINA COME RIDE,Equity,Equity Securities (GEM),avg_turnover_30d_below_15m_hkd,0.0,45
8040,8040.HK,COOLPOINT INNO,Equity,Equity Securities (GEM),avg_turnover_30d_below_15m_hkd,2955.83,45
8041,8041.HK,INTELLIMARK AI,Equity,Equity Securities (GEM),avg_turnover_30d_below_15m_hkd,377464.73,45
8042,8042.HK,KOS TALENT GP,Equity,Equity Securities (GEM),avg_turnover_30d_below_15m_hkd,26279.33,45
8043,8043.HK,ATLINKS,Equity,Equity Securities (GEM),avg_turnover_30d_below_15m_hkd,7647.0,45
8047,8047.HK,CHINA OCEAN GP,Equity,Equity Securities (GEM),avg_turnover_30d_below_15m_hkd,0.0,45
8049,8049.HK,JILIN CHANGLONG,Equity,Equity Securities (GEM),avg_turnover_30d_below_15m_hkd,28946.0,45
8050,8050.HK,CITY COOLXUAN,Equity,Equity Securities (GEM),avg_turnover_30d_below_15m_hkd,59708.4,45
8051,8051.HK,CIRCUTECH,Equity,Equity Securities (GEM),avg_turnover_30d_below_15m_hkd,10252.73,45
8052,8052.HK,LUK HING ENT,Equity,Equity Securities (GEM),avg_turnover_30d_below_15m_hkd,0.0,45
8056,8056.HK,LIFE CONCEPTS,Equity,Equity Securities (GEM),avg_turnover_30d_below_15m_hkd,19081.98,45
8057,8057.HK,MADISON HLDG,Equity,Equity Securities (GEM),avg_turnover_30d_below_15m_hkd,0.0,45
8059,8059.HK,GLORY FLAME,Equity,Equity Securities (GEM),avg_turnover_30d_below_15m_hkd,12590.33,45
8060,8060.HK,GLOBAL LINK,Equity,Equity Securities (GEM),avg_turnover_30d_below_15m_hkd,4405.53,45
8062,8062.HK,EFT SOLUTIONS,Equity,Equity Securities (GEM),avg_turnover_30d_below_15m_hkd,10585.5,45
8065,8065.HK,KML TECH,Equity,Equity Securities (GEM),avg_turnover_30d_below_15m_hkd,24669.17,45
8066,8066.HK,PHOENITRON HOLD,Equity,Equity Securities (GEM),avg_turnover_30d_below_15m_hkd,46185.1,45
8067,8067.HK,OUC HOLDINGS,Equity,Equity Securities (GEM),avg_turnover_30d_below_15m_hkd,5432.33,45
8069,8069.HK,FLYDOO TECH,Equity,Equity Securities (GEM),avg_turnover_30d_below_15m_hkd,5333.17,45
8070,8070.HK,KEEN OCEAN,Equity,Equity Securities (GEM),avg_turnover_30d_below_15m_hkd,98745.83,45
8071,8071.HK,CH NETCOMTECH,Equity,Equity Securities (GEM),avg_turnover_30d_below_15m_hkd,20107.17,45
8072,8072.HK,LANGU CO,Equity,Equity Securities (GEM),avg_turnover_30d_below_15m_hkd,75020.0,45
8073,8073.HK,SFSY NEW MAT,Equity,Equity Securities (GEM),avg_turnover_30d_below_15m_hkd,17040.0,45
8076,8076.HK,SING LEE,Equity,Equity Securities (GEM),avg_turnover_30d_below_15m_hkd,58787.5,45
8079,8079.HK,LIT LIFE,Equity,Equity Securities (GEM),avg_turnover_30d_below_15m_hkd,3309.22,45
8080,8080.HK,NAS HOLDINGS,Equity,Equity Securities (GEM),avg_turnover_30d_below_15m_hkd,1328.13,45
8081,8081.HK,BAIJUYI HOLD,Equity,Equity Securities (GEM),avg_turnover_30d_below_15m_hkd,13870.57,45
8082,8082.HK,QINGHUA HOLD,Equity,Equity Securities (GEM),avg_turnover_30d_below_15m_hkd,127519.33,45
8087,8087.HK,CHINA 33 GROUP,Equity,Equity Securities (GEM),avg_turnover_30d_below_15m_hkd,683916.58,45
8090,8090.HK,BAOGAI,Equity,Equity Securities (GEM),avg_turnover_30d_below_15m_hkd,82579.33,45
8091,8091.HK,OOH HOLDINGS,Equity,Equity Securities (GEM),avg_turnover_30d_below_15m_hkd,8575.67,45
8092,8092.HK,ITE HOLDINGS,Equity,Equity Securities (GEM),avg_turnover_30d_below_15m_hkd,1616.13,45
8093,8093.HK,WEB3 META,Equity,Equity Securities (GEM),avg_turnover_30d_below_15m_hkd,32088.0,45
8095,8095.HK,BEIDA JADE BIRD,Equity,Equity Securities (GEM),avg_turnover_30d_below_15m_hkd,169545.83,45
8096,8096.HK,TASTY CONCEPTS,Equity,Equity Securities (GEM),avg_turnover_30d_below_15m_hkd,16768.33,45
8098,8098.HK,CL GROUP,Equity,Equity Securities (GEM),avg_turnover_30d_below_15m_hkd,80062.0,45
8100,8100.HK,FAMOUS TECH INT,Equity,Equity Securities (GEM),avg_turnover_30d_below_15m_hkd,16542.8,45
8103,8103.HK,HMVOD,Equity,Equity Securities (GEM),avg_turnover_30d_below_15m_hkd,0.0,45
8106,8106.HK,XINHUA LANDE,Equity,Equity Securities (GEM),avg_turnover_30d_below_15m_hkd,33896.67,45
8107,8107.HK,FICUS TECH,Equity,Equity Securities (GEM),avg_turnover_30d_below_15m_hkd,7635.17,45
8111,8111.HK,CT IND GROUP,Equity,Equity Securities (GEM),avg_turnover_30d_below_15m_hkd,0.0,45
8112,8112.HK,CORNERSTONE FIN,Equity,Equity Securities (GEM),avg_turnover_30d_below_15m_hkd,4399.2,45
8113,8113.HK,V&V TECH,Equity,Equity Securities (GEM),avg_turnover_30d_below_15m_hkd,15249.42,45
8115,8115.HK,QINGDA ORI-500,Equity,Equity Securities (GEM),avg_turnover_30d_below_15m_hkd,1149907.96,45
8117,8117.HK,CHI P ENERGY,Equity,Equity Securities (GEM),avg_turnover_30d_below_15m_hkd,8251.64,45
8118,8118.HK,ZHONGZI INTL H,Equity,Equity Securities (GEM),avg_turnover_30d_below_15m_hkd,80853.6,45
8120,8120.HK,CH DEMETER FIN,Equity,Equity Securities (GEM),avg_turnover_30d_below_15m_hkd,132755.29,45
8121,8121.HK,GUOEN HOLDINGS,Equity,Equity Securities (GEM),avg_turnover_30d_below_15m_hkd,119101.29,45
8123,8123.HK,SINOFORTUNE FIN,Equity,Equity Securities (GEM),avg_turnover_30d_below_15m_hkd,71872.11,45
8125,8125.HK,RJVAN,Equity,Equity Securities (GEM),avg_turnover_30d_below_15m_hkd,64004.0,45
8128,8128.HK,SINO ENGY CONS,Equity,Equity Securities (GEM),avg_turnover_30d_below_15m_hkd,8140.8,45
8130,8130.HK,DADI INTL GROUP,Equity,Equity Securities (GEM),avg_turnover_30d_below_15m_hkd,0.0,45
8131,8131.HK,NOVATECH INTEL,Equity,Equity Securities (GEM),avg_turnover_30d_below_15m_hkd,271230.76,45
8132,8132.HK,CENTURY EN INTL,Equity,Equity Securities (GEM),avg_turnover_30d_below_15m_hkd,14988.33,45
8133,8133.HK,JISHENG GP HLDG,Equity,Equity Securities (GEM),avg_turnover_30d_below_15m_hkd,5110.87,45
8136,8136.HK,IMS GROUP,Equity,Equity Securities (GEM),avg_turnover_30d_below_15m_hkd,20644.67,45
8137,8137.HK,HONBRIDGE,Equity,Equity Securities (GEM),avg_turnover_30d_below_15m_hkd,2244915.65,45
8139,8139.HK,CHANGAN RH,Equity,Equity Securities (GEM),avg_turnover_30d_below_15m_hkd,39231.42,45
8140,8140.HK,BOSATECH,Equity,Equity Securities (GEM),avg_turnover_30d_below_15m_hkd,14073.33,45
8143,8143.HK,GF HEALTHCARE,Equity,Equity Securities (GEM),avg_turnover_30d_below_15m_hkd,2320.53,45
8146,8146.HK,GRACEWINE,Equity,Equity Securities (GEM),avg_turnover_30d_below_15m_hkd,129996.67,45
8147,8147.HK,YUNJING DIGITEC,Equity,Equity Securities (GEM),avg_turnover_30d_below_15m_hkd,45818.77,45
8148,8148.HK,WUXI LIFE,Equity,Equity Securities (GEM),avg_turnover_30d_below_15m_hkd,439562.38,45
8149,8149.HK,ALTUS HLDGS,Equity,Equity Securities (GEM),avg_turnover_30d_below_15m_hkd,7446.67,45
8152,8152.HK,M&L HOLDINGS,Equity,Equity Securities (GEM),avg_turnover_30d_below_15m_hkd,8051.33,45
8153,8153.HK,JIADING INTL GP,Equity,Equity Securities (GEM),avg_turnover_30d_below_15m_hkd,95312.12,45
8156,8156.HK,SINOPHARM TECH,Equity,Equity Securities (GEM),avg_turnover_30d_below_15m_hkd,246.6,45
8158,8158.HK,CRMI,Equity,Equity Securities (GEM),avg_turnover_30d_below_15m_hkd,11279.78,45
8159,8159.HK,CU VENTURE INV,Equity,Equity Securities (GEM),avg_turnover_30d_below_15m_hkd,108973.0,45
8160,8160.HK,GOLDWAY EDU,Equity,Equity Securities (GEM),avg_turnover_30d_below_15m_hkd,39875.84,45
8161,8161.HK,MEDINET GROUP,Equity,Equity Securities (GEM),avg_turnover_30d_below_15m_hkd,348.8,45
8162,8162.HK,LOCO HK,Equity,Equity Securities (GEM),avg_turnover_30d_below_15m_hkd,5136105.0,45
8163,8163.HK,NOIZ GROUP,Equity,Equity Securities (GEM),avg_turnover_30d_below_15m_hkd,14471.33,45
8168,8168.HK,AMASSE CAPITAL,Equity,Equity Securities (GEM),avg_turnover_30d_below_15m_hkd,30831.0,45
8169,8169.HK,ECO-TEK HLDGS,Equity,Equity Securities (GEM),avg_turnover_30d_below_15m_hkd,4042.67,45
8172,8172.HK,LAJIN ENT,Equity,Equity Securities (GEM),avg_turnover_30d_below_15m_hkd,0.0,45
8173,8173.HK,HEPHAESTUS HLDG,Equity,Equity Securities (GEM),avg_turnover_30d_below_15m_hkd,10584.0,45
8176,8176.HK,SUPERROBOTICS,Equity,Equity Securities (GEM),avg_turnover_30d_below_15m_hkd,9428.23,45
8178,8178.HK,CHINA INFO TECH,Equity,Equity Securities (GEM),avg_turnover_30d_below_15m_hkd,334269.85,45
8179,8179.HK,PALINDA GROUP,Equity,Equity Securities (GEM),avg_turnover_30d_below_15m_hkd,1064.0,45
8181,8181.HK,KS SMART MGMT,Equity,Equity Securities (GEM),avg_turnover_30d_below_15m_hkd,385.6,45
8186,8186.HK,HONOR MATRIX,Equity,Equity Securities (GEM),avg_turnover_30d_below_15m_hkd,123857.14,45
8187,8187.HK,JIMU GROUP,Equity,Equity Securities (GEM),avg_turnover_30d_below_15m_hkd,994411.16,45
8188,8188.HK,GME GROUP,Equity,Equity Securities (GEM),avg_turnover_30d_below_15m_hkd,819384.66,45
8189,8189.HK,TEDA BIOMEDICAL,Equity,Equity Securities (GEM),avg_turnover_30d_below_15m_hkd,323249.83,45
8191,8191.HK,HONG WEI ASIA,Equity,Equity Securities (GEM),avg_turnover_30d_below_15m_hkd,571043.91,45
8193,8193.HK,ASIAPAC FIN INV,Equity,Equity Securities (GEM),avg_turnover_30d_below_15m_hkd,107738.56,45
8195,8195.HK,LEGENDARY EDU,Equity,Equity Securities (GEM),avg_turnover_30d_below_15m_hkd,800431.67,45
8196,8196.HK,FUTIAN HOLDINGS,Equity,Equity Securities (GEM),avg_turnover_30d_below_15m_hkd,462183.8,45
8198,8198.HK,CRYPTO FLOW,Equity,Equity Securities (GEM),avg_turnover_30d_below_15m_hkd,217023.26,45
8200,8200.HK,SAU SAN TONG,Equity,Equity Securities (GEM),avg_turnover_30d_below_15m_hkd,40044.37,45
8201,8201.HK,PPS INT'L,Equity,Equity Securities (GEM),avg_turnover_30d_below_15m_hkd,8692.0,45
8203,8203.HK,KAISUN HOLDINGS,Equity,Equity Securities (GEM),avg_turnover_30d_below_15m_hkd,1632.5,45
8205,8205.HK,JIAODA WITHUB,Equity,Equity Securities (GEM),avg_turnover_30d_below_15m_hkd,17749.33,45
8206,8206.HK,S ROBOT EDU,Equity,Equity Securities (GEM),avg_turnover_30d_below_15m_hkd,0.0,45
8208,8208.HK,RADIANCE GLO GP,Equity,Equity Securities (GEM),avg_turnover_30d_below_15m_hkd,5567.2,45
8210,8210.HK,DLC ASIA,Equity,Equity Securities (GEM),avg_turnover_30d_below_15m_hkd,1116.0,45
8213,8213.HK,STARGLORY HLDGS,Equity,Equity Securities (GEM),avg_turnover_30d_below_15m_hkd,17463.08,45
8217,8217.HK,JU FU TANG BIOT,Equity,Equity Securities (GEM),avg_turnover_30d_below_15m_hkd,70190.58,45
8218,8218.HK,ECHO INT HOLD,Equity,Equity Securities (GEM),avg_turnover_30d_below_15m_hkd,728.93,45
8219,8219.HK,HANVEY GROUP,Equity,Equity Securities (GEM),avg_turnover_30d_below_15m_hkd,646189.75,45
8220,8220.HK,BINGO GROUP,Equity,Equity Securities (GEM),avg_turnover_30d_below_15m_hkd,925194.86,45
8221,8221.HK,GAOYU FINANCE,Equity,Equity Securities (GEM),avg_turnover_30d_below_15m_hkd,704015.07,45
8222,8222.HK,E LIGHTING,Equity,Equity Securities (GEM),avg_turnover_30d_below_15m_hkd,9360.8,45
8223,8223.HK,ZYY,Equity,Equity Securities (GEM),avg_turnover_30d_below_15m_hkd,121615.73,45
8225,8225.HK,C HEALTH GP,Equity,Equity Securities (GEM),avg_turnover_30d_below_15m_hkd,8017.79,45
8226,8226.HK,KOALA FIN GP,Equity,Equity Securities (GEM),avg_turnover_30d_below_15m_hkd,183618.01,45
8227,8227.HK,HAITIAN ANTENNA,Equity,Equity Securities (GEM),avg_turnover_30d_below_15m_hkd,26650.07,45
8229,8229.HK,FUTURE DATA,Equity,Equity Securities (GEM),avg_turnover_30d_below_15m_hkd,305278.33,45
8232,8232.HK,THAC GROUP,Equity,Equity Securities (GEM),avg_turnover_30d_below_15m_hkd,19937.67,45
8237,8237.HK,LINK HOLDINGS,Equity,Equity Securities (GEM),avg_turnover_30d_below_15m_hkd,347061.61,45
8238,8238.HK,JIUFANG DIGITAL,Equity,Equity Securities (GEM),avg_turnover_30d_below_15m_hkd,316504.03,45
8239,8239.HK,CAPITAL FIN,Equity,Equity Securities (GEM),avg_turnover_30d_below_15m_hkd,3441139.79,45
8241,8241.HK,YING KEE TEA,Equity,Equity Securities (GEM),avg_turnover_30d_below_15m_hkd,6095.0,45
8245,8245.HK,CANOPY SKYFIRE,Equity,Equity Securities (GEM),avg_turnover_30d_below_15m_hkd,392372.79,45
8246,8246.HK,ZHONGHUA GAS,Equity,Equity Securities (GEM),avg_turnover_30d_below_15m_hkd,32326.67,45
8247,8247.HK,BIOSINO BIO-TEC,Equity,Equity Securities (GEM),avg_turnover_30d_below_15m_hkd,75902.33,45
8249,8249.HK,RUIYUAN IC TECH,Equity,Equity Securities (GEM),avg_turnover_30d_below_15m_hkd,9611.67,45
8250,8250.HK,DU DU HLDGS,Equity,Equity Securities (GEM),avg_turnover_30d_below_15m_hkd,6799.75,45
8262,8262.HK,SUPER STRONG,Equity,Equity Securities (GEM),avg_turnover_30d_below_15m_hkd,1775.0,45
8267,8267.HK,LINEKONG,Equity,Equity Securities (GEM),avg_turnover_30d_below_15m_hkd,29318.85,45
8268,8268.HK,SMART CITY DEV,Equity,Equity Securities (GEM),avg_turnover_30d_below_15m_hkd,261952.29,45
8269,8269.HK,GO UP EDU TECH,Equity,Equity Securities (GEM),avg_turnover_30d_below_15m_hkd,200339.65,45
8270,8270.HK,CHINA CBM,Equity,Equity Securities (GEM),avg_turnover_30d_below_15m_hkd,15685.15,45
8271,8271.HK,GDC,Equity,Equity Securities (GEM),avg_turnover_30d_below_15m_hkd,15809.93,45
8275,8275.HK,CHINA NEW CONS,Equity,Equity Securities (GEM),avg_turnover_30d_below_15m_hkd,718643.74,45
8277,8277.HK,STEEDORIENTAL,Equity,Equity Securities (GEM),avg_turnover_30d_below_15m_hkd,282.0,45
8280,8280.HK,CDV HOLDINGS,Equity,Equity Securities (GEM),avg_turnover_30d_below_15m_hkd,18915.2,45
8281,8281.HK,CH GOLD CLASSIC,Equity,Equity Securities (GEM),avg_turnover_30d_below_15m_hkd,6519.47,45
8282,8282.HK,GAMEONE,Equity,Equity Securities (GEM),avg_turnover_30d_below_15m_hkd,1892.0,45
8283,8283.HK,ZHONGSHI MINAN,Equity,Equity Securities (GEM),avg_turnover_30d_below_15m_hkd,35513.42,45
8285,8285.HK,SLING GROUP,Equity,Equity Securities (GEM),avg_turnover_30d_below_15m_hkd,70512.0,45
8286,8286.HK,CCOE,Equity,Equity Securities (GEM),avg_turnover_30d_below_15m_hkd,7195.5,45
8290,8290.HK,AHSAY BACKUP,Equity,Equity Securities (GEM),avg_turnover_30d_below_15m_hkd,11032.0,45
8291,8291.HK,HK ENT INTL,Equity,Equity Securities (GEM),avg_turnover_30d_below_15m_hkd,114257.3,45
8292,8292.HK,VSING,Equity,Equity Securities (GEM),avg_turnover_30d_below_15m_hkd,6963.87,45
8293,8293.HK,SINGASIA HLDG,Equity,Equity Securities (GEM),avg_turnover_30d_below_15m_hkd,7486.0,45
8295,8295.HK,KINGWISOFT TECH,Equity,Equity Securities (GEM),avg_turnover_30d_below_15m_hkd,5465.33,45
8296,8296.HK,SINO-LIFE GROUP,Equity,Equity Securities (GEM),avg_turnover_30d_below_15m_hkd,861.27,45
8297,8297.HK,OCEAN STAR TECH,Equity,Equity Securities (GEM),avg_turnover_30d_below_15m_hkd,362010.75,45
8300,8300.HK,JIN MI FANG GP,Equity,Equity Securities (GEM),avg_turnover_30d_below_15m_hkd,33176.0,45
8305,8305.HK,ST HLDGS,Equity,Equity Securities (GEM),avg_turnover_30d_below_15m_hkd,2615742.03,45
8307,8307.HK,MEDICSKIN,Equity,Equity Securities (GEM),avg_turnover_30d_below_15m_hkd,2950.0,45
8308,8308.HK,GUDOU HLDGS,Equity,Equity Securities (GEM),avg_turnover_30d_below_15m_hkd,169785.2,45
8309,8309.HK,MANSHING GLOBAL,Equity,Equity Securities (GEM),avg_turnover_30d_below_15m_hkd,7852.67,45
8310,8310.HK,YANCHENG PORT,Equity,Equity Securities (GEM),avg_turnover_30d_below_15m_hkd,22166.67,45
8311,8311.HK,PERFECT OPT,Equity,Equity Securities (GEM),avg_turnover_30d_below_15m_hkd,1061.67,45
8313,8313.HK,ZACD,Equity,Equity Securities (GEM),avg_turnover_30d_below_15m_hkd,7810.0,45
8315,8315.HK,CEN PLAZA HOTEL,Equity,Equity Securities (GEM),avg_turnover_30d_below_15m_hkd,359.67,45
8316,8316.HK,CHINA HONGBAO,Equity,Equity Securities (GEM),avg_turnover_30d_below_15m_hkd,53942.0,45
8317,8317.HK,FINET GROUP,Equity,Equity Securities (GEM),avg_turnover_30d_below_15m_hkd,2611.39,45
8319,8319.HK,EXPERT SYS,Equity,Equity Securities (GEM),avg_turnover_30d_below_15m_hkd,1537.0,45
8320,8320.HK,AEC GROUP,Equity,Equity Securities (GEM),avg_turnover_30d_below_15m_hkd,33704.0,45
8321,8321.HK,TAI KAM HLDGS,Equity,Equity Securities (GEM),avg_turnover_30d_below_15m_hkd,44541.33,45
8326,8326.HK,TK NEW ENERGY,Equity,Equity Securities (GEM),avg_turnover_30d_below_15m_hkd,341606.58,45
8328,8328.HK,XY ELEC STORAGE,Equity,Equity Securities (GEM),avg_turnover_30d_below_15m_hkd,6217.23,45
8329,8329.HK,NEP INTERLONG,Equity,Equity Securities (GEM),avg_turnover_30d_below_15m_hkd,20943.67,45
8331,8331.HK,P.B. GROUP,Equity,Equity Securities (GEM),avg_turnover_30d_below_15m_hkd,511.67,45
8333,8333.HK,ASTRUM FIN,Equity,Equity Securities (GEM),avg_turnover_30d_below_15m_hkd,7197.5,45
8337,8337.HK,DIRECTEL,Equity,Equity Securities (GEM),avg_turnover_30d_below_15m_hkd,3063.05,45
8340,8340.HK,ZIJING INTL FIN,Equity,Equity Securities (GEM),avg_turnover_30d_below_15m_hkd,118308.87,45
8341,8341.HK,AESO HOLDING,Equity,Equity Securities (GEM),avg_turnover_30d_below_15m_hkd,619.3,45
8347,8347.HK,F8 ENT,Equity,Equity Securities (GEM),avg_turnover_30d_below_15m_hkd,7295.84,45
8348,8348.HK,BINHAI TEDA,Equity,Equity Securities (GEM),avg_turnover_30d_below_15m_hkd,10722.67,45
8349,8349.HK,GUIXIN GROUP,Equity,Equity Securities (GEM),avg_turnover_30d_below_15m_hkd,0.0,45
8350,8350.HK,WELL LINK SEC,Equity,Equity Securities (GEM),avg_turnover_30d_below_15m_hkd,210437.33,45
8356,8356.HK,TSUN YIP HLDGS,Equity,Equity Securities (GEM),avg_turnover_30d_below_15m_hkd,1102.52,45
8357,8357.HK,REPUBLIC HC,Equity,Equity Securities (GEM),avg_turnover_30d_below_15m_hkd,43520.5,45
8360,8360.HK,BASIC H NEWLIFE,Equity,Equity Securities (GEM),avg_turnover_30d_below_15m_hkd,16274.67,45
8362,8362.HK,WINNING TOWER,Equity,Equity Securities (GEM),avg_turnover_30d_below_15m_hkd,5175.33,45
8365,8365.HK,HATCHER GROUP,Equity,Equity Securities (GEM),avg_turnover_30d_below_15m_hkd,1872975.99,45
8366,8366.HK,ZJ UNITED INV,Equity,Equity Securities (GEM),avg_turnover_30d_below_15m_hkd,16523.67,45
8367,8367.HK,SIMPLICITY HLDG,Equity,Equity Securities (GEM),avg_turnover_30d_below_15m_hkd,1357.77,45
8368,8368.HK,CREATIVE CHINA,Equity,Equity Securities (GEM),avg_turnover_30d_below_15m_hkd,1180568.33,45
8370,8370.HK,ZHI SHENG GP,Equity,Equity Securities (GEM),avg_turnover_30d_below_15m_hkd,181146.93,45
8371,8371.HK,TASTEGOURMET GP,Equity,Equity Securities (GEM),avg_turnover_30d_below_15m_hkd,210688.67,45
8372,8372.HK,GBG HOLDINGS,Equity,Equity Securities (GEM),avg_turnover_30d_below_15m_hkd,36356.33,45
8373,8373.HK,INDIGO STAR,Equity,Equity Securities (GEM),avg_turnover_30d_below_15m_hkd,53821.5,45
8375,8375.HK,DATA UNION CAP,Equity,Equity Securities (GEM),avg_turnover_30d_below_15m_hkd,71035.0,45
8377,8377.HK,HARBOUR EQUINE,Equity,Equity Securities (GEM),avg_turnover_30d_below_15m_hkd,63666.87,45
8379,8379.HK,PRIME INTEL,Equity,Equity Securities (GEM),avg_turnover_30d_below_15m_hkd,16807.0,45
8385,8385.HK,PROSPEROUSPRINT,Equity,Equity Securities (GEM),avg_turnover_30d_below_15m_hkd,397244.44,45
8391,8391.HK,CORNERSTONE TEC,Equity,Equity Securities (GEM),avg_turnover_30d_below_15m_hkd,844044.02,45
8392,8392.HK,SATU HOLDINGS,Equity,Equity Securities (GEM),avg_turnover_30d_below_15m_hkd,2840.33,45
8395,8395.HK,ZXZN QI-HOUSE,Equity,Equity Securities (GEM),avg_turnover_30d_below_15m_hkd,7667947.67,45
8400,8400.HK,ASIA PIONEER,Equity,Equity Securities (GEM),avg_turnover_30d_below_15m_hkd,37179.0,45
8401,8401.HK,HUA XIA WATER,Equity,Equity Securities (GEM),avg_turnover_30d_below_15m_hkd,20626.73,45
8402,8402.HK,PLATEAU TL,Equity,Equity Securities (GEM),avg_turnover_30d_below_15m_hkd,5343.83,45
8403,8403.HK,DEFENG SOLIFE,Equity,Equity Securities (GEM),avg_turnover_30d_below_15m_hkd,118536.33,45
8406,8406.HK,CHINA ORAL IND,Equity,Equity Securities (GEM),avg_turnover_30d_below_15m_hkd,63290.33,45
8411,8411.HK,K W NELSON GP,Equity,Equity Securities (GEM),avg_turnover_30d_below_15m_hkd,11715.33,45
8412,8412.HK,NEW AMANTE,Equity,Equity Securities (GEM),avg_turnover_30d_below_15m_hkd,19748.58,45
8413,8413.HK,ASIA GROCERY,Equity,Equity Securities (GEM),avg_turnover_30d_below_15m_hkd,86336.0,45
8416,8416.HK,HM INTL HLDGS,Equity,Equity Securities (GEM),avg_turnover_30d_below_15m_hkd,10787.67,45
8417,8417.HK,DADI EDU,Equity,Equity Securities (GEM),avg_turnover_30d_below_15m_hkd,5593.0,45
8418,8418.HK,OPTIMA AUTO,Equity,Equity Securities (GEM),avg_turnover_30d_below_15m_hkd,38779.67,45
8419,8419.HK,AV PROMOTIONS,Equity,Equity Securities (GEM),avg_turnover_30d_below_15m_hkd,36925.0,45
8420,8420.HK,NEXION TECH,Equity,Equity Securities (GEM),avg_turnover_30d_below_15m_hkd,7334.33,45
8422,8422.HK,WT GROUP,Equity,Equity Securities (GEM),avg_turnover_30d_below_15m_hkd,13112.27,45
8423,8423.HK,CHI HO DEV,Equity,Equity Securities (GEM),avg_turnover_30d_below_15m_hkd,10764.33,45
8425,8425.HK,HING MING HLDGS,Equity,Equity Securities (GEM),avg_turnover_30d_below_15m_hkd,2701.73,45
8426,8426.HK,MODERN LIVING,Equity,Equity Securities (GEM),avg_turnover_30d_below_15m_hkd,151445.01,45
8427,8427.HK,WS-SK TARGET,Equity,Equity Securities (GEM),avg_turnover_30d_below_15m_hkd,29871.33,45
8428,8428.HK,CBK HOLDINGS,Equity,Equity Securities (GEM),avg_turnover_30d_below_15m_hkd,0.0,45
8429,8429.HK,SV VISION,Equity,Equity Securities (GEM),avg_turnover_30d_below_15m_hkd,1093.0,45
8430,8430.HK,C&N HOLDINGS,Equity,Equity Securities (GEM),avg_turnover_30d_below_15m_hkd,20604.13,45
8431,8431.HK,HAO BAI INTL,Equity,Equity Securities (GEM),avg_turnover_30d_below_15m_hkd,2656641.71,45
8432,8432.HK,BAR PACIFIC,Equity,Equity Securities (GEM),avg_turnover_30d_below_15m_hkd,20560.0,45
8436,8436.HK,TAKBO GROUP,Equity,Equity Securities (GEM),avg_turnover_30d_below_15m_hkd,29778.33,45
8437,8437.HK,RMH HOLDINGS,Equity,Equity Securities (GEM),avg_turnover_30d_below_15m_hkd,0.0,45
8439,8439.HK,SOMERLEY CAP,Equity,Equity Securities (GEM),avg_turnover_30d_below_15m_hkd,44573.33,45
8445,8445.HK,NOBLE ENG GP,Equity,Equity Securities (GEM),avg_turnover_30d_below_15m_hkd,85952.67,45
8446,8446.HK,BRIGHTSTAR TECH,Equity,Equity Securities (GEM),avg_turnover_30d_below_15m_hkd,110669.75,45
8447,8447.HK,MS CONCEPT,Equity,Equity Securities (GEM),avg_turnover_30d_below_15m_hkd,19113.0,45
8448,8448.HK,UNI PRINTSHOP,Equity,Equity Securities (GEM),avg_turnover_30d_below_15m_hkd,36250.8,45
8450,8450.HK,EDICO HOLDINGS,Equity,Equity Securities (GEM),avg_turnover_30d_below_15m_hkd,1157670.0,45
8451,8451.HK,SUNLIGHT HLDGS,Equity,Equity Securities (GEM),avg_turnover_30d_below_15m_hkd,15068.0,45
8452,8452.HK,FY FINANCIAL,Equity,Equity Securities (GEM),avg_turnover_30d_below_15m_hkd,2916.73,45
8455,8455.HK,LAI GROUP,Equity,Equity Securities (GEM),avg_turnover_30d_below_15m_hkd,236125.33,45
8456,8456.HK,MANSION INTL,Equity,Equity Securities (GEM),avg_turnover_30d_below_15m_hkd,3534.79,45
8460,8460.HK,BASETROPHY GP,Equity,Equity Securities (GEM),avg_turnover_30d_below_15m_hkd,128416.33,45
8462,8462.HK,OMNIBRIDGE HLDG,Equity,Equity Securities (GEM),avg_turnover_30d_below_15m_hkd,3931.17,45
8471,8471.HK,REACH NEW HLDGS,Equity,Equity Securities (GEM),avg_turnover_30d_below_15m_hkd,76882.41,45
8472,8472.HK,LAPCO HOLDINGS,Equity,Equity Securities (GEM),avg_turnover_30d_below_15m_hkd,53880.73,45
8473,8473.HK,MI MING MART,Equity,Equity Securities (GEM),avg_turnover_30d_below_15m_hkd,22781.67,45
8475,8475.HK,E-STATION GTECH,Equity,Equity Securities (GEM),avg_turnover_30d_below_15m_hkd,0.0,45
8480,8480.HK,FURNIWEB,Equity,Equity Securities (GEM),avg_turnover_30d_below_15m_hkd,56272.67,45
8481,8481.HK,SHENGLONG INTL,Equity,Equity Securities (GEM),avg_turnover_30d_below_15m_hkd,45477.83,45
8482,8482.HK,WAN LEADER,Equity,Equity Securities (GEM),avg_turnover_30d_below_15m_hkd,8954.37,45
8483,8483.HK,MAX SIGHT GROUP,Equity,Equity Securities (GEM),avg_turnover_30d_below_15m_hkd,807337.99,45
8487,8487.HK,ISP GLOBAL,Equity,Equity Securities (GEM),avg_turnover_30d_below_15m_hkd,56574.4,45
8489,8489.HK,GP LOGISTICS,Equity,Equity Securities (GEM),avg_turnover_30d_below_15m_hkd,44006.33,45
8490,8490.HK,NICHE-TECH SEMI,Equity,Equity Securities (GEM),avg_turnover_30d_below_15m_hkd,49298.33,45
8491,8491.HK,COOL LINK,Equity,Equity Securities (GEM),avg_turnover_30d_below_15m_hkd,81058.5,45
8493,8493.HK,S. DRAGON,Equity,Equity Securities (GEM),avg_turnover_30d_below_15m_hkd,0.0,45
8495,8495.HK,1957 & CO.,Equity,Equity Securities (GEM),avg_turnover_30d_below_15m_hkd,3928.67,45
8496,8496.HK,GLOBAL UIN,Equity,Equity Securities (GEM),avg_turnover_30d_below_15m_hkd,0.0,45
8500,8500.HK,ICONCULTURE,Equity,Equity Securities (GEM),avg_turnover_30d_below_15m_hkd,0.0,45
8501,8501.HK,SANBASE CORP,Equity,Equity Securities (GEM),avg_turnover_30d_below_15m_hkd,9216.67,45
8502,8502.HK,OCEAN LINE PORT,Equity,Equity Securities (GEM),avg_turnover_30d_below_15m_hkd,23997.33,45
8507,8507.HK,I.CENTURY HLDG,Equity,Equity Securities (GEM),avg_turnover_30d_below_15m_hkd,1411038.67,45
8509,8509.HK,WINE'S LINK,Equity,Equity Securities (GEM),avg_turnover_30d_below_15m_hkd,7608.0,45
8510,8510.HK,TOPSTANDARDCORP,Equity,Equity Securities (GEM),avg_turnover_30d_below_15m_hkd,22126.05,45
8511,8511.HK,MIN FU INTL,Equity,Equity Securities (GEM),avg_turnover_30d_below_15m_hkd,9390.87,45
8512,8512.HK,HYFUSIN GROUP,Equity,Equity Securities (GEM),avg_turnover_30d_below_15m_hkd,74113.33,45
8513,8513.HK,MAXWIN INT HLDG,Equity,Equity Securities (GEM),avg_turnover_30d_below_15m_hkd,12150.7,45
8516,8516.HK,ZY INTL,Equity,Equity Securities (GEM),avg_turnover_30d_below_15m_hkd,109952.92,45
8519,8519.HK,XINXIANG ERA,Equity,Equity Securities (GEM),avg_turnover_30d_below_15m_hkd,11017.67,45
8521,8521.HK,WEBX INTL HLDGS,Equity,Equity Securities (GEM),avg_turnover_30d_below_15m_hkd,24199.17,45
8525,8525.HK,BAIYING HOLDING,Equity,Equity Securities (GEM),avg_turnover_30d_below_15m_hkd,8272.33,45
8526,8526.HK,WING FUNG GROUP,Equity,Equity Securities (GEM),avg_turnover_30d_below_15m_hkd,122568.75,45
8527,8527.HK,JLOGO HLDGS,Equity,Equity Securities (GEM),avg_turnover_30d_below_15m_hkd,1138153.66,45
8529,8529.HK,UBOT HOLDING,Equity,Equity Securities (GEM),avg_turnover_30d_below_15m_hkd,50165.0,45
8532,8532.HK,POLYFAIR HLDGS,Equity,Equity Securities (GEM),avg_turnover_30d_below_15m_hkd,17350.53,45
8535,8535.HK,VISTAR HOLDINGS,Equity,Equity Securities (GEM),avg_turnover_30d_below_15m_hkd,162748.0,45
8536,8536.HK,TL NATURAL GAS,Equity,Equity Securities (GEM),avg_turnover_30d_below_15m_hkd,63627.33,45
8537,8537.HK,CHONG FAI JEWEL,Equity,Equity Securities (GEM),avg_turnover_30d_below_15m_hkd,33562.53,45
8540,8540.HK,VICTORY SEC,Equity,Equity Securities (GEM),avg_turnover_30d_below_15m_hkd,1216523.01,45
8545,8545.HK,AMUSE GROUP,Equity,Equity Securities (GEM),avg_turnover_30d_below_15m_hkd,4680.8,45
8547,8547.HK,PACIFIC LEGEND,Equity,Equity Securities (GEM),avg_turnover_30d_below_15m_hkd,2846927.01,45
8549,8549.HK,GOLDEN LEAF INT,Equity,Equity Securities (GEM),avg_turnover_30d_below_15m_hkd,30693.5,45
8567,8567.HK,GF HEALTHCARE,Equity,Equity Securities (GEM),avg_turnover_30d_below_15m_hkd,530.0,6
8573,8573.HK,SINO ENGY CONS,Equity,Equity Securities (GEM),avg_turnover_30d_below_15m_hkd,2584.0,1
8601,8601.HK,BOLTEK,Equity,Equity Securities (GEM),avg_turnover_30d_below_15m_hkd,6030.67,45
8606,8606.HK,KINETIX SYSTEMS,Equity,Equity Securities (GEM),avg_turnover_30d_below_15m_hkd,88.33,45
8610,8610.HK,BBSB INTL,Equity,Equity Securities (GEM),avg_turnover_30d_below_15m_hkd,32426.0,45
8611,8611.HK,JUFEEL,Equity,Equity Securities (GEM),avg_turnover_30d_below_15m_hkd,2087183.34,45
8612,8612.HK,WORLD SUPER,Equity,Equity Securities (GEM),avg_turnover_30d_below_15m_hkd,13665.03,45
8613,8613.HK,ORIENTAL PAY,Equity,Equity Securities (GEM),avg_turnover_30d_below_15m_hkd,3071.11,45
8616,8616.HK,SUNRAY ENG GP,Equity,Equity Securities (GEM),avg_turnover_30d_below_15m_hkd,95825.0,45
8619,8619.HK,NIU HOLDINGS,Equity,Equity Securities (GEM),avg_turnover_30d_below_15m_hkd,15692.75,45
8620,8620.HK,AE LOGISTICS,Equity,Equity Securities (GEM),avg_turnover_30d_below_15m_hkd,111136.5,45
8621,8621.HK,METROPOLIS CAP,Equity,Equity Securities (GEM),avg_turnover_30d_below_15m_hkd,29973.87,45
8622,8622.HK,JOYZYME GROUP,Equity,Equity Securities (GEM),avg_turnover_30d_below_15m_hkd,39897.07,45
8623,8623.HK,CHINA SAFTOWER,Equity,Equity Securities (GEM),avg_turnover_30d_below_15m_hkd,3290.83,45
8627,8627.HK,ORANGE TOUR,Equity,Equity Securities (GEM),avg_turnover_30d_below_15m_hkd,18632.8,45
8629,8629.HK,SYNTRUST GK,Equity,Equity Securities (GEM),avg_turnover_30d_below_15m_hkd,4831.83,45
8631,8631.HK,SUN KONG HLDGS,Equity,Equity Securities (GEM),avg_turnover_30d_below_15m_hkd,0.0,45
8635,8635.HK,ELEPHANT HLDGS,Equity,Equity Securities (GEM),avg_turnover_30d_below_15m_hkd,407616.54,45
8637,8637.HK,METASURFACE,Equity,Equity Securities (GEM),avg_turnover_30d_below_15m_hkd,564673.84,45
8645,8645.HK,BYTE META,Equity,Equity Securities (GEM),avg_turnover_30d_below_15m_hkd,20907.0,45
8646,8646.HK,CHINA HONGGUANG,Equity,Equity Securities (GEM),avg_turnover_30d_below_15m_hkd,1458337.4,45
8657,8657.HK,TRUE PARTNER,Equity,Equity Securities (GEM),avg_turnover_30d_below_15m_hkd,7491.67,45
8659,8659.HK,YIK WO INTL,Equity,Equity Securities (GEM),avg_turnover_30d_below_15m_hkd,126614.47,45
8668,8668.HK,YING HAI GROUP,Equity,Equity Securities (GEM),avg_turnover_30d_below_15m_hkd,16761.67,45
9600,9600.HK,NEWLINK TECH,Equity,Equity Securities (Main Board),avg_turnover_30d_below_15m_hkd,42162.96,45
9608,9608.HK,SUNDY SERVICE,Equity,Equity Securities (Main Board),avg_turnover_30d_below_15m_hkd,41383.0,45
9609,9609.HK,HAIWEI ELEC,Equity,Equity Securities (Main Board),avg_turnover_30d_below_15m_hkd,25609.43,45
9611,9611.HK,LONGCHEER,Equity,Equity Securities (Main Board),avg_turnover_30d_below_15m_hkd,7787979.07,45
9616,9616.HK,NEUTECH GROUP,Equity,Equity Securities (Main Board),avg_turnover_30d_below_15m_hkd,244692.4,45
9638,9638.HK,FERRETTI,Equity,Equity Securities (Main Board),avg_turnover_30d_below_15m_hkd,0.0,45
9639,9639.HK,WING LEE DEV,Equity,Equity Securities (Main Board),avg_turnover_30d_below_15m_hkd,134432.5,45
9658,9658.HK,SUPER HI,Equity,Equity Securities (Main Board),avg_turnover_30d_below_15m_hkd,3355130.18,45
9663,9663.HK,SINOSYNERGY,Equity,Equity Securities (Main Board),avg_turnover_30d_below_15m_hkd,224056.33,45
9668,9668.HK,CBHB,Equity,Equity Securities (Main Board),avg_turnover_30d_below_15m_hkd,1695105.33,45
9669,9669.HK,BEISEN HOLDING,Equity,Equity Securities (Main Board),avg_turnover_30d_below_15m_hkd,2095851.14,45
9676,9676.HK,SHIYUE DAOTIAN,Equity,Equity Securities (Main Board),avg_turnover_30d_below_15m_hkd,1337767.92,45
9677,9677.HK,WEIHAI BANK,Equity,Equity Securities (Main Board),avg_turnover_30d_below_15m_hkd,379.0,45
9680,9680.HK,CHENQI TECH,Equity,Equity Securities (Main Board),avg_turnover_30d_below_15m_hkd,5809.17,45
9686,9686.HK,XIKANG CLOUD,Equity,Equity Securities (Main Board),avg_turnover_30d_below_15m_hkd,43797.0,45
9689,9689.HK,JTF INTL,Equity,Equity Securities (Main Board),avg_turnover_30d_below_15m_hkd,131343.33,45
9857,9857.HK,LINMON MEDIA,Equity,Equity Securities (Main Board),avg_turnover_30d_below_15m_hkd,39038.45,45
9860,9860.HK,ADICON HOLDINGS,Equity,Equity Securities (Main Board),avg_turnover_30d_below_15m_hkd,640246.33,45
9869,9869.HK,HELENS,Equity,Equity Securities (Main Board),avg_turnover_30d_below_15m_hkd,779567.14,45
9876,9876.HK,OCEAN ONE HLDG,Equity,Equity Securities (Main Board),avg_turnover_30d_below_15m_hkd,179280.33,45
9877,9877.HK,JENSCARE-B,Equity,Equity Securities (Main Board),avg_turnover_30d_below_15m_hkd,120274.59,45
9878,9878.HK,HUITONGDA NET,Equity,Equity Securities (Main Board),avg_turnover_30d_below_15m_hkd,3115013.62,45
9879,9879.HK,MIGAO GROUP,Equity,Equity Securities (Main Board),avg_turnover_30d_below_15m_hkd,4327374.3,45
9881,9881.HK,RONGTA TECH,Equity,Equity Securities (Main Board),avg_turnover_30d_below_15m_hkd,0.0,45
9882,9882.HK,BEST LINKING,Equity,Equity Securities (Main Board),avg_turnover_30d_below_15m_hkd,22557.67,45
9885,9885.HK,YSB,Equity,Equity Securities (Main Board),avg_turnover_30d_below_15m_hkd,1751908.87,45
9886,9886.HK,DINGDANG HEALTH,Equity,Equity Securities (Main Board),avg_turnover_30d_below_15m_hkd,331933.09,45
9889,9889.HK,DRCB,Equity,Equity Securities (Main Board),avg_turnover_30d_below_15m_hkd,933449.44,45
9890,9890.HK,TANWAN,Equity,Equity Securities (Main Board),avg_turnover_30d_below_15m_hkd,4479103.89,45
9893,9893.HK,PIZU GROUP,Equity,Equity Securities (Main Board),avg_turnover_30d_below_15m_hkd,1052960.02,45
9898,9898.HK,WB-SW,Equity,Equity Securities (Main Board),avg_turnover_30d_below_15m_hkd,8239238.25,45
9900,9900.HK,ZCLOUD TECH CON,Equity,Equity Securities (Main Board),avg_turnover_30d_below_15m_hkd,14334646.76,45
9906,9906.HK,HONLIV HEALTH,Equity,Equity Securities (Main Board),avg_turnover_30d_below_15m_hkd,0.0,45
9908,9908.HK,JIAXING GAS,Equity,Equity Securities (Main Board),avg_turnover_30d_below_15m_hkd,429387.25,45
9909,9909.HK,POWERLONG CM,Equity,Equity Securities (Main Board),avg_turnover_30d_below_15m_hkd,209167.66,45
9913,9913.HK,CHI KAN HLDGS,Equity,Equity Securities (Main Board),avg_turnover_30d_below_15m_hkd,401885.92,45
9916,9916.HK,XINGYE WULIAN,Equity,Equity Securities (Main Board),avg_turnover_30d_below_15m_hkd,40008.0,45
9918,9918.HK,WISE ALLY INTL,Equity,Equity Securities (Main Board),avg_turnover_30d_below_15m_hkd,6893.13,45
9919,9919.HK,ACTIVATION GP,Equity,Equity Securities (Main Board),avg_turnover_30d_below_15m_hkd,160182.02,45
9922,9922.HK,JIUMAOJIU,Equity,Equity Securities (Main Board),avg_turnover_30d_below_15m_hkd,1524898.08,45
9923,9923.HK,YEAHKA,Equity,Equity Securities (Main Board),avg_turnover_30d_below_15m_hkd,1814641.59,45
9928,9928.HK,TIMES NEIGHBOR,Equity,Equity Securities (Main Board),avg_turnover_30d_below_15m_hkd,293487.11,45
9929,9929.HK,SEM HLDGS,Equity,Equity Securities (Main Board),avg_turnover_30d_below_15m_hkd,3738630.01,45
9930,9930.HK,HORIZON CD,Equity,Equity Securities (Main Board),avg_turnover_30d_below_15m_hkd,251366.6,45
9933,9933.HK,GHW INTL,Equity,Equity Securities (Main Board),avg_turnover_30d_below_15m_hkd,63374.67,45
9938,9938.HK,WAH WO HOLDINGS,Equity,Equity Securities (Main Board),avg_turnover_30d_below_15m_hkd,111353.67,45
9939,9939.HK,KINTOR PHARMA-B,Equity,Equity Securities (Main Board),avg_turnover_30d_below_15m_hkd,1949308.67,45
9955,9955.HK,CLOUDR,Equity,Equity Securities (Main Board),avg_turnover_30d_below_15m_hkd,55308.35,45
9958,9958.HK,LITIAN PICTURES,Equity,Equity Securities (Main Board),avg_turnover_30d_below_15m_hkd,149007.67,45
9959,9959.HK,LINKLOGIS-W,Equity,Equity Securities (Main Board),avg_turnover_30d_below_15m_hkd,12541332.59,45
9960,9960.HK,KINDSTAR GLOBAL,Equity,Equity Securities (Main Board),avg_turnover_30d_below_15m_hkd,401422.36,45
9963,9963.HK,TRANSTECH OPTEL,Equity,Equity Securities (Main Board),avg_turnover_30d_below_15m_hkd,1501923.83,45
9966,9966.HK,ALPHAMAB-B,Equity,Equity Securities (Main Board),avg_turnover_30d_below_15m_hkd,10245262.73,45
9968,9968.HK,HUIJING HLDGS,Equity,Equity Securities (Main Board),avg_turnover_30d_below_15m_hkd,1731700.26,45
9978,9978.HK,FINELAND LIVING,Equity,Equity Securities (Main Board),avg_turnover_30d_below_15m_hkd,4596736.08,45
9979,9979.HK,GREENTOWN MGMT,Equity,Equity Securities (Main Board),avg_turnover_30d_below_15m_hkd,2669034.14,45
9982,9982.HK,CENTRALCHINA MT,Equity,Equity Securities (Main Board),avg_turnover_30d_below_15m_hkd,486867.59,45
9983,9983.HK,CC NEW LIFE,Equity,Equity Securities (Main Board),avg_turnover_30d_below_15m_hkd,119557.67,45
9986,9986.HK,DASHAN EDU,Equity,Equity Securities (Main Board),avg_turnover_30d_below_15m_hkd,0.0,45
9989,9989.HK,HEPALINK,Equity,Equity Securities (Main Board),avg_turnover_30d_below_15m_hkd,2691512.11,45
9990,9990.HK,ARCHOSAUR GAMES,Equity,Equity Securities (Main Board),avg_turnover_30d_below_15m_hkd,377361.15,45
9991,9991.HK,BAOZUN-W,Equity,Equity Securities (Main Board),avg_turnover_30d_below_15m_hkd,81571.3,45
9996,9996.HK,PEIJIA-B,Equity,Equity Securities (Main Board),avg_turnover_30d_below_15m_hkd,2840853.62,45
9998,9998.HK,KWAN YONG,Equity,Equity Securities (Main Board),avg_turnover_30d_below_15m_hkd,391286.66,45
1863,1863.HK,CHI LONGEVITY,Equity,Equity Securities (Main Board),download_miss_or_possibly_delisted,,0
2929,2929.HK,TSINGTAO BR-2K,Equity,Equity Securities (Main Board),download_miss_or_possibly_delisted,,0
2930,2930.HK,ABLE DIGI-100,Equity,Equity Securities (Main Board),download_miss_or_possibly_delisted,,0
2935,2935.HK,WENGE AI-200,Equity,Equity Securities (Main Board),download_miss_or_possibly_delisted,,0
3427,3427.HK,FB MULTIASSET,Exchange Traded Products,Exchange Traded Funds,download_miss_or_possibly_delisted,,0
3520,3520.HK,CAM HKUS CF,Exchange Traded Products,Exchange Traded Funds,download_miss_or_possibly_delisted,,0
3587,3587.HK,ICBC UBS AI,Exchange Traded Products,Exchange Traded Funds,download_miss_or_possibly_delisted,,0
3592,3592.HK,CAM HKHIDIV A,Exchange Traded Products,Exchange Traded Funds,download_miss_or_possibly_delisted,,0
8582,8582.HK,QINGDA ORI-4000,Equity,Equity Securities (GEM),download_miss_or_possibly_delisted,,0
8583,8583.HK,CB GLOBAL,Equity,Equity Securities (GEM),download_miss_or_possibly_delisted,,0
